-- MySQL dump 10.13  Distrib 8.0.42, for Linux (x86_64)
--
-- Host: localhost    Database: dextroapp
-- ------------------------------------------------------
-- Server version	8.0.42-0ubuntu0.22.04.1

/*!40101 SET @OLD_CHARACTER_SET_CLIENT=@@CHARACTER_SET_CLIENT */;
/*!40101 SET @OLD_CHARACTER_SET_RESULTS=@@CHARACTER_SET_RESULTS */;
/*!40101 SET @OLD_COLLATION_CONNECTION=@@COLLATION_CONNECTION */;
/*!50503 SET NAMES utf8mb4 */;
/*!40103 SET @OLD_TIME_ZONE=@@TIME_ZONE */;
/*!40103 SET TIME_ZONE='+00:00' */;
/*!40014 SET @OLD_UNIQUE_CHECKS=@@UNIQUE_CHECKS, UNIQUE_CHECKS=0 */;
/*!40014 SET @OLD_FOREIGN_KEY_CHECKS=@@FOREIGN_KEY_CHECKS, FOREIGN_KEY_CHECKS=0 */;
/*!40101 SET @OLD_SQL_MODE=@@SQL_MODE, SQL_MODE='NO_AUTO_VALUE_ON_ZERO' */;
/*!40111 SET @OLD_SQL_NOTES=@@SQL_NOTES, SQL_NOTES=0 */;

--
-- Table structure for table `attachments`
--

DROP TABLE IF EXISTS `attachments`;
/*!40101 SET @saved_cs_client     = @@character_set_client */;
/*!50503 SET character_set_client = utf8mb4 */;
CREATE TABLE `attachments` (
  `id` bigint unsigned NOT NULL AUTO_INCREMENT,
  `type` varchar(100) COLLATE utf8mb4_unicode_ci DEFAULT NULL,
  `file_path` varchar(255) COLLATE utf8mb4_unicode_ci DEFAULT NULL,
  `mime_type` varchar(255) COLLATE utf8mb4_unicode_ci DEFAULT NULL,
  `size` int DEFAULT NULL,
  `uploaded_by` bigint unsigned NOT NULL,
  `created_at` timestamp NULL DEFAULT NULL,
  `updated_at` timestamp NULL DEFAULT NULL,
  `deleted_at` timestamp NULL DEFAULT NULL,
  PRIMARY KEY (`id`),
  KEY `attachments_uploaded_by_foreign` (`uploaded_by`),
  CONSTRAINT `attachments_uploaded_by_foreign` FOREIGN KEY (`uploaded_by`) REFERENCES `users` (`id`) ON DELETE RESTRICT ON UPDATE RESTRICT
) ENGINE=InnoDB AUTO_INCREMENT=90 DEFAULT CHARSET=utf8mb4 COLLATE=utf8mb4_unicode_ci;
/*!40101 SET character_set_client = @saved_cs_client */;

--
-- Dumping data for table `attachments`
--

LOCK TABLES `attachments` WRITE;
/*!40000 ALTER TABLE `attachments` DISABLE KEYS */;
INSERT INTO `attachments` VALUES (1,'proforma_pdf','storage/proformas/PROFORMA_001.pdf','application/pdf',0,1,'2025-07-12 23:01:33','2025-07-12 23:01:33',NULL),(2,'invoice_pdf','storage/invoices/INV_001.pdf','application/pdf',0,1,'2025-07-12 23:01:33','2025-07-12 23:01:33',NULL),(3,'proforma_pdf','storage/proformas/PROFORMA_002.pdf','application/pdf',0,1,'2025-07-12 23:01:33','2025-07-12 23:01:33',NULL),(4,'invoice_pdf','storage/invoices/INV_002.pdf','application/pdf',0,1,'2025-07-12 23:01:33','2025-07-12 23:01:33',NULL),(5,'proforma_pdf','storage/proformas/PROFORMA_003.pdf','application/pdf',0,1,'2025-07-12 23:01:33','2025-07-12 23:01:33',NULL),(6,'invoice_pdf','storage/invoices/INV_003.pdf','application/pdf',0,1,'2025-07-12 23:01:33','2025-07-12 23:01:33',NULL),(7,'meeting_result','storage/meetings/MEETING_001.pdf','application/pdf',0,1,'2025-07-12 23:01:33','2025-07-12 23:01:33',NULL),(8,'meeting_result','storage/meetings/MEETING_002.pdf','application/pdf',0,1,'2025-07-12 23:01:33','2025-07-12 23:01:33',NULL),(9,'meeting_result','storage/meetings/MEETING_003.pdf','application/pdf',0,1,'2025-07-12 23:01:33','2025-07-12 23:01:33',NULL),(10,'meeting_result','storage/meetings/MEETING_001.pdf','application/pdf',0,1,'2025-07-12 23:01:34','2025-07-12 23:01:34',NULL),(11,'meeting_result','storage/meetings/MEETING_002.pdf','application/pdf',0,1,'2025-07-12 23:01:34','2025-07-12 23:01:34',NULL),(12,'meeting_result','storage/meetings/MEETING_003.pdf','application/pdf',0,1,'2025-07-12 23:01:34','2025-07-12 23:01:34',NULL),(13,'proforma_pdf','storage/proformas/PROFORMA_1_ORDER_202.pdf','application/pdf',0,1,'2025-07-12 23:01:34','2025-07-12 23:01:34',NULL),(14,'payment_proof','storage/payments/PAYMENT_1_ORDER_202.pdf','application/pdf',0,1,'2025-07-12 23:01:34','2025-07-12 23:01:34',NULL),(15,'invoice_pdf','storage/invoices/INVOICE_1_ORDER_202.pdf','application/pdf',0,1,'2025-07-12 23:01:34','2025-07-12 23:01:34',NULL),(16,'proforma_pdf','storage/proformas/PROFORMA_1_ORDER_203.pdf','application/pdf',0,1,'2025-07-12 23:01:34','2025-07-12 23:01:34',NULL),(17,'payment_proof','storage/payments/PAYMENT_1_ORDER_203.pdf','application/pdf',0,1,'2025-07-12 23:01:34','2025-07-12 23:01:34',NULL),(18,'invoice_pdf','storage/invoices/INVOICE_1_ORDER_203.pdf','application/pdf',0,1,'2025-07-12 23:01:34','2025-07-12 23:01:34',NULL),(19,'proforma_pdf','storage/proformas/PROFORMA_2_ORDER_203.pdf','application/pdf',0,1,'2025-07-12 23:01:34','2025-07-12 23:01:34',NULL),(20,'payment_proof','storage/payments/PAYMENT_2_ORDER_203.pdf','application/pdf',0,1,'2025-07-12 23:01:34','2025-07-12 23:01:34',NULL),(21,'invoice_pdf','storage/invoices/INVOICE_2_ORDER_203.pdf','application/pdf',0,1,'2025-07-12 23:01:34','2025-07-12 23:01:34',NULL),(22,'proforma_pdf','storage/proformas/PROFORMA_1_ORDER_204.pdf','application/pdf',0,1,'2025-07-12 23:01:34','2025-07-12 23:01:34',NULL),(23,'payment_proof','storage/payments/PAYMENT_1_ORDER_204.pdf','application/pdf',0,1,'2025-07-12 23:01:34','2025-07-12 23:01:34',NULL),(24,'invoice_pdf','storage/invoices/INVOICE_1_ORDER_204.pdf','application/pdf',0,1,'2025-07-12 23:01:34','2025-07-12 23:01:34',NULL),(25,'proforma_pdf','storage/proformas/PROFORMA_2_ORDER_204.pdf','application/pdf',0,1,'2025-07-12 23:01:34','2025-07-12 23:01:34',NULL),(26,'payment_proof','storage/payments/PAYMENT_2_ORDER_204.pdf','application/pdf',0,1,'2025-07-12 23:01:34','2025-07-12 23:01:34',NULL),(27,'invoice_pdf','storage/invoices/INVOICE_2_ORDER_204.pdf','application/pdf',0,1,'2025-07-12 23:01:34','2025-07-12 23:01:34',NULL),(28,'proforma_pdf','storage/proformas/PROFORMA_3_ORDER_204.pdf','application/pdf',0,1,'2025-07-12 23:01:34','2025-07-12 23:01:34',NULL),(29,'payment_proof','storage/payments/PAYMENT_3_ORDER_204.pdf','application/pdf',0,1,'2025-07-12 23:01:34','2025-07-12 23:01:34',NULL),(30,'invoice_pdf','storage/invoices/INVOICE_3_ORDER_204.pdf','application/pdf',0,1,'2025-07-12 23:01:34','2025-07-12 23:01:34',NULL),(31,'meeting','storage/meetings/1752493851_pexels-pixabay-163444.jpg','image/jpeg',1737211,21,'2025-07-14 18:50:51','2025-07-14 18:50:51',NULL),(32,'meeting','storage/meetings/1753153038_Screenshot 2025-07-19 at 12.00.15.png','image/png',71556,36,'2025-07-22 09:57:18','2025-07-22 09:57:18',NULL),(33,'proforma_pdf','proformas/PROFORMA_13.pdf','application/pdf',1719874,25,'2025-07-22 10:56:33','2025-07-22 10:56:33',NULL),(34,'proforma_pdf','proformas/PROFORMA_14.pdf','application/pdf',1719893,25,'2025-07-22 10:56:35','2025-07-22 10:56:35',NULL),(35,'proforma_pdf','proformas/PROFORMA_15.pdf','application/pdf',1719890,25,'2025-07-22 10:56:36','2025-07-22 10:56:36',NULL),(36,'proforma_pdf','proformas/PROFORMA_16.pdf','application/pdf',1719889,25,'2025-07-22 10:56:38','2025-07-22 10:56:38',NULL),(37,'payment_evidence','storage/payment-confirmation/1753158186_Screenshot 2025-07-15 at 16.43.14.png','image/png',58071,36,'2025-07-22 11:23:06','2025-07-22 11:23:06',NULL),(38,'invoice_pdf','invoices/INV-00010.pdf','application/pdf',1719814,35,'2025-07-22 11:32:27','2025-07-22 11:32:27',NULL),(39,'payment_evidence','storage/payment-confirmation/1753159470_Screenshot 2025-07-12 at 19.48.49.png','image/png',339318,36,'2025-07-22 11:44:30','2025-07-22 11:44:30',NULL),(40,'payment_evidence','storage/payment-confirmation/1753159500_Screenshot 2025-07-12 at 19.48.49.png','image/png',339318,36,'2025-07-22 11:45:00','2025-07-22 11:45:00',NULL),(41,'payment_evidence','storage/payment-confirmation/1753159517_Screenshot 2025-07-12 at 19.48.49.png','image/png',339318,36,'2025-07-22 11:45:17','2025-07-22 11:45:17',NULL),(42,'invoice_pdf','invoices/INV-00011.pdf','application/pdf',1719824,35,'2025-07-22 11:45:44','2025-07-22 11:45:44',NULL),(43,'invoice_pdf','invoices/INV-00012.pdf','application/pdf',1719824,35,'2025-07-22 11:46:03','2025-07-22 11:46:03',NULL),(44,'invoice_pdf','invoices/INV-00013.pdf','application/pdf',1719831,35,'2025-07-22 11:46:14','2025-07-22 11:46:14',NULL),(45,'meeting','storage/meetings/1753453081_Screenshot 2025-07-25 at 14.10.06.png','image/png',384702,36,'2025-07-25 21:18:01','2025-07-25 21:18:01',NULL),(46,'proforma_pdf','proformas/PROFORMA_17.pdf','application/pdf',1719791,25,'2025-07-25 21:38:07','2025-07-25 21:38:07',NULL),(47,'proforma_pdf','proformas/PROFORMA_18.pdf','application/pdf',1719789,25,'2025-07-25 21:38:09','2025-07-25 21:38:09',NULL),(48,'proforma_pdf','proformas/PROFORMA_19.pdf','application/pdf',1719794,25,'2025-07-25 21:38:10','2025-07-25 21:38:10',NULL),(49,'payment_evidence','storage/payment-confirmation/1753454494_Screenshot 2025-07-24 at 07.32.55.png','image/png',1496850,36,'2025-07-25 21:41:34','2025-07-25 21:41:34',NULL),(50,'invoice_pdf','invoices/INV-00014.pdf','application/pdf',1719727,1,'2025-07-25 21:43:53','2025-07-25 21:43:53',NULL),(51,'meeting','storage/meetings/1753694713_Screenshot 2025-07-28 at 09.30.38.png','image/png',125375,21,'2025-07-28 16:25:13','2025-07-28 16:25:13',NULL),(52,'activity_log','storage/activity-logs/1753757592_WhatsApp Image 2025-07-29 at 9.52.14 AM.jpeg','image/jpeg',141699,24,'2025-07-29 09:53:12','2025-07-29 09:53:12',NULL),(53,'activity_log','storage/activity-logs/1753757817_WhatsApp Image 2025-07-29 at 9.52.14 AM (1).jpeg','image/jpeg',173436,24,'2025-07-29 09:56:57','2025-07-29 09:56:57',NULL),(54,'meeting','storage/meetings/1753758106_Screenshot 2025-07-23 at 13.28.23.png','image/png',64400,21,'2025-07-29 10:01:46','2025-07-29 10:01:46',NULL),(55,'meeting','storage/meetings/1753758903_menabung air Business Card_20250725_141046_0000.png','image/png',54501,21,'2025-07-29 10:15:03','2025-07-29 10:15:03',NULL),(56,'meeting','storage/meetings/1753770298_Screenshot 2025-07-24 at 07.27.08.png','image/png',298055,36,'2025-07-29 13:24:58','2025-07-29 13:24:58',NULL),(57,'proforma_pdf','proformas/PROFORMA_20.pdf','application/pdf',1719798,25,'2025-07-29 13:32:34','2025-07-29 13:32:34',NULL),(58,'proforma_pdf','proformas/PROFORMA_21.pdf','application/pdf',1719796,25,'2025-07-29 13:32:36','2025-07-29 13:32:36',NULL),(59,'proforma_pdf','proformas/PROFORMA_22.pdf','application/pdf',1719790,25,'2025-07-29 13:32:38','2025-07-29 13:32:38',NULL),(60,'activity_log','storage/activity-logs/1753835471_WhatsApp Image 2025-07-30 at 7.30.28 AM.jpeg','image/jpeg',67278,24,'2025-07-30 07:31:11','2025-07-30 07:31:11',NULL),(61,'activity_log','storage/activity-logs/1753835703_WhatsApp Image 2025-07-30 at 7.30.28 AM.jpeg','image/jpeg',67278,24,'2025-07-30 07:35:03','2025-07-30 07:35:03',NULL),(62,'activity_log','storage/activity-logs/1753835729_WhatsApp Image 2025-07-30 at 7.30.28 AM (1).jpeg','image/jpeg',91778,24,'2025-07-30 07:35:29','2025-07-30 07:35:29',NULL),(63,'meeting','storage/meetings/1753849054_Screenshot 2025-07-24 at 07.27.08.png','image/png',298055,21,'2025-07-30 11:17:34','2025-07-30 11:17:34',NULL),(64,'proforma_pdf','proformas/PROFORMA_23.pdf','application/pdf',1719792,25,'2025-07-30 11:28:50','2025-07-30 11:28:50',NULL),(65,'proforma_pdf','proformas/PROFORMA_24.pdf','application/pdf',1719791,25,'2025-07-30 11:28:51','2025-07-30 11:28:51',NULL),(66,'payment_evidence','storage/payment-confirmation/1753849822_Screenshot 2025-07-24 at 07.27.08.png','image/png',298055,21,'2025-07-30 11:30:22','2025-07-30 11:30:22',NULL),(67,'invoice_pdf','invoices/INV-00015.pdf','application/pdf',1719730,35,'2025-07-30 11:31:36','2025-07-30 11:31:36',NULL),(68,'meeting','storage/meetings/1753850755_WhatsApp Image 2025-07-30 at 11.45.07 AM.jpeg','image/jpeg',16335,24,'2025-07-30 11:45:55','2025-07-30 11:45:55',NULL),(69,'activity_log','storage/activity-logs/1753851127_WhatsApp Image 2025-07-30 at 11.47.40 (2).jpeg','image/jpeg',112898,23,'2025-07-30 11:52:07','2025-07-30 11:52:07',NULL),(70,'activity_log','storage/activity-logs/1753851223_Screenshot (230).png','image/png',535081,23,'2025-07-30 11:53:43','2025-07-30 11:53:43',NULL),(71,'activity_log','storage/activity-logs/1753851648_WhatsApp Image 2025-07-30 at 11.47.40 (1).jpeg','image/jpeg',114284,23,'2025-07-30 12:00:48','2025-07-30 12:00:48',NULL),(72,'activity_log','storage/activity-logs/1753852826_WhatsApp Image 2025-07-30 at 11.47.39 (1).jpeg','image/jpeg',115441,23,'2025-07-30 12:20:26','2025-07-30 12:20:26',NULL),(73,'activity_log','storage/activity-logs/1753852867_WhatsApp Image 2025-07-30 at 11.47.40 (1).jpeg','image/jpeg',114284,23,'2025-07-30 12:21:07','2025-07-30 12:21:07',NULL),(74,'activity_log','storage/activity-logs/1753859822_WhatsApp Image 2025-07-30 at 10.30.23 AM.jpeg','image/jpeg',263744,24,'2025-07-30 14:17:02','2025-07-30 14:17:02',NULL),(75,'activity_log','storage/activity-logs/1753927538_Foto meeting.jpeg','image/jpeg',74854,22,'2025-07-31 09:05:38','2025-07-31 09:05:38',NULL),(76,'activity_log','storage/activity-logs/1753927539_Foto meeting.jpeg','image/jpeg',74854,22,'2025-07-31 09:05:39','2025-07-31 09:05:39',NULL),(77,'activity_log','storage/activity-logs/1753927885_Bapak Murtaza (Ads Google).jpeg','image/jpeg',123298,22,'2025-07-31 09:11:25','2025-07-31 09:11:25',NULL),(78,'activity_log','storage/activity-logs/1753936407_Bapak Yayan (Ads Google)_Karawang.jpeg','image/jpeg',69920,22,'2025-07-31 11:33:27','2025-07-31 11:33:27',NULL),(79,'meeting','storage/meetings/1754017015_Screenshot 2025-07-31 at 13.51.53.png','image/png',179833,36,'2025-08-01 09:56:55','2025-08-01 09:56:55',NULL),(80,'meeting','storage/meetings/1754366644_Screenshot 2025-08-05 at 10.35.27.png','image/png',179918,36,'2025-08-05 11:04:04','2025-08-05 11:04:04',NULL),(81,'proforma_pdf','proformas/PROFORMA_25.pdf','application/pdf',1719969,25,'2025-08-05 11:08:32','2025-08-05 11:08:32',NULL),(82,'proforma_pdf','proformas/PROFORMA_26.pdf','application/pdf',1719969,25,'2025-08-05 11:08:34','2025-08-05 11:08:34',NULL),(83,'proforma_pdf','proformas/PROFORMA_27.pdf','application/pdf',1719960,25,'2025-08-05 11:08:35','2025-08-05 11:08:35',NULL),(84,'activity_log','storage/activity-logs/1754442296_WhatsApp Image 2025-08-06 at 08.49.31.jpeg','image/jpeg',155659,28,'2025-08-06 08:04:56','2025-08-06 08:04:56',NULL),(85,'meeting','storage/meetings/1754455007_WhatsApp Image 2025-08-06 at 12.25.06.jpeg','image/jpeg',60230,28,'2025-08-06 11:36:47','2025-08-06 11:36:47',NULL),(86,'activity_log','storage/activity-logs/1754465806_bapak rizal(majalengka)040825.jpg','image/jpeg',124006,22,'2025-08-06 14:36:46','2025-08-06 14:36:46',NULL),(87,'activity_log','storage/activity-logs/1754465862_bapak abdul rasyid (jakarta&makassar)04082025.jpg','image/jpeg',132343,22,'2025-08-06 14:37:42','2025-08-06 14:37:42',NULL),(88,'activity_log','storage/activity-logs/1754633237_WhatsApp Image 2025-08-08 at 12.58.22 PM.jpeg','image/jpeg',126505,24,'2025-08-08 13:07:17','2025-08-08 13:07:17',NULL),(89,'activity_log','storage/activity-logs/1754905807_WhatsApp Image 2025-08-11 at 15.04.50.jpeg','image/jpeg',1191420,23,'2025-08-11 16:50:07','2025-08-11 16:50:07',NULL);
/*!40000 ALTER TABLE `attachments` ENABLE KEYS */;
UNLOCK TABLES;

--
-- Table structure for table `finance_requests`
--

DROP TABLE IF EXISTS `finance_requests`;
/*!40101 SET @saved_cs_client     = @@character_set_client */;
/*!50503 SET character_set_client = utf8mb4 */;
CREATE TABLE `finance_requests` (
  `id` bigint unsigned NOT NULL AUTO_INCREMENT,
  `request_type` enum('meeting-expense','proforma','invoice','payment-confirmation') COLLATE utf8mb4_unicode_ci DEFAULT NULL,
  `reference_id` varchar(255) COLLATE utf8mb4_unicode_ci DEFAULT NULL,
  `requester_id` bigint unsigned NOT NULL,
  `status` enum('pending','approved','rejected') COLLATE utf8mb4_unicode_ci DEFAULT NULL,
  `approver_id` bigint unsigned DEFAULT NULL,
  `decided_at` timestamp NULL DEFAULT NULL,
  `notes` text COLLATE utf8mb4_unicode_ci,
  `created_at` timestamp NULL DEFAULT NULL,
  `updated_at` timestamp NULL DEFAULT NULL,
  `deleted_at` timestamp NULL DEFAULT NULL,
  PRIMARY KEY (`id`),
  KEY `finance_requests_requester_id_foreign` (`requester_id`),
  KEY `finance_requests_approver_id_foreign` (`approver_id`),
  CONSTRAINT `finance_requests_approver_id_foreign` FOREIGN KEY (`approver_id`) REFERENCES `users` (`id`) ON DELETE RESTRICT ON UPDATE RESTRICT,
  CONSTRAINT `finance_requests_requester_id_foreign` FOREIGN KEY (`requester_id`) REFERENCES `users` (`id`) ON DELETE RESTRICT ON UPDATE RESTRICT
) ENGINE=InnoDB AUTO_INCREMENT=14 DEFAULT CHARSET=utf8mb4 COLLATE=utf8mb4_unicode_ci;
/*!40101 SET character_set_client = @saved_cs_client */;

--
-- Dumping data for table `finance_requests`
--

LOCK TABLES `finance_requests` WRITE;
/*!40000 ALTER TABLE `finance_requests` DISABLE KEYS */;
INSERT INTO `finance_requests` VALUES (1,'meeting-expense','1',1,'pending',NULL,NULL,NULL,'2025-07-12 23:01:34','2025-07-12 23:01:34',NULL),(2,'invoice','1-1',1,'pending',NULL,NULL,NULL,'2025-07-12 23:01:34','2025-07-12 23:01:34',NULL),(3,'payment-confirmation','7',1,'pending',NULL,NULL,NULL,'2025-07-12 23:01:34','2025-07-12 23:01:34',NULL),(5,'meeting-expense','2',21,'pending',NULL,NULL,NULL,'2025-07-17 08:44:29','2025-07-17 08:44:29',NULL),(6,'meeting-expense','3',21,'approved',1,'2025-07-21 09:09:28',NULL,'2025-07-18 09:44:49','2025-07-21 09:09:28',NULL),(7,'payment-confirmation','8',36,'approved',35,'2025-07-22 11:32:27',NULL,'2025-07-22 11:23:06','2025-07-22 11:32:27',NULL),(8,'payment-confirmation','9',36,'approved',35,'2025-07-22 11:46:14',NULL,'2025-07-22 11:44:30','2025-07-22 11:46:14',NULL),(9,'payment-confirmation','10',36,'approved',35,'2025-07-22 11:46:03',NULL,'2025-07-22 11:45:00','2025-07-22 11:46:03',NULL),(10,'payment-confirmation','11',36,'approved',35,'2025-07-22 11:45:44',NULL,'2025-07-22 11:45:17','2025-07-22 11:45:44',NULL),(11,'payment-confirmation','12',36,'approved',1,'2025-07-25 21:43:53',NULL,'2025-07-25 21:41:34','2025-07-25 21:43:53',NULL),(12,'meeting-expense','4',21,'approved',35,'2025-07-30 11:06:54','Ok','2025-07-30 10:48:14','2025-07-30 11:06:54',NULL),(13,'payment-confirmation','13',21,'approved',35,'2025-07-30 11:31:36','ok','2025-07-30 11:30:22','2025-07-30 11:31:36',NULL);
/*!40000 ALTER TABLE `finance_requests` ENABLE KEYS */;
UNLOCK TABLES;

--
-- Table structure for table `invoice_items`
--

DROP TABLE IF EXISTS `invoice_items`;
/*!40101 SET @saved_cs_client     = @@character_set_client */;
/*!50503 SET character_set_client = utf8mb4 */;
CREATE TABLE `invoice_items` (
  `id` bigint unsigned NOT NULL AUTO_INCREMENT,
  `invoice_id` bigint unsigned NOT NULL,
  `description` text COLLATE utf8mb4_unicode_ci,
  `amount` double DEFAULT NULL,
  `created_at` timestamp NULL DEFAULT NULL,
  `updated_at` timestamp NULL DEFAULT NULL,
  `deleted_at` timestamp NULL DEFAULT NULL,
  PRIMARY KEY (`id`),
  KEY `invoice_items_invoice_id_foreign` (`invoice_id`),
  CONSTRAINT `invoice_items_invoice_id_foreign` FOREIGN KEY (`invoice_id`) REFERENCES `invoices` (`id`) ON DELETE RESTRICT ON UPDATE RESTRICT
) ENGINE=InnoDB DEFAULT CHARSET=utf8mb4 COLLATE=utf8mb4_unicode_ci;
/*!40101 SET character_set_client = @saved_cs_client */;

--
-- Dumping data for table `invoice_items`
--

LOCK TABLES `invoice_items` WRITE;
/*!40000 ALTER TABLE `invoice_items` DISABLE KEYS */;
/*!40000 ALTER TABLE `invoice_items` ENABLE KEYS */;
UNLOCK TABLES;

--
-- Table structure for table `invoice_payments`
--

DROP TABLE IF EXISTS `invoice_payments`;
/*!40101 SET @saved_cs_client     = @@character_set_client */;
/*!50503 SET character_set_client = utf8mb4 */;
CREATE TABLE `invoice_payments` (
  `id` bigint unsigned NOT NULL AUTO_INCREMENT,
  `invoice_id` bigint unsigned NOT NULL,
  `paid_at` timestamp NULL DEFAULT NULL,
  `amount` double DEFAULT NULL,
  `attachment_id` bigint unsigned NOT NULL,
  `confirmed_by` bigint unsigned NOT NULL,
  `created_at` timestamp NULL DEFAULT NULL,
  `updated_at` timestamp NULL DEFAULT NULL,
  `deleted_at` timestamp NULL DEFAULT NULL,
  PRIMARY KEY (`id`),
  KEY `invoice_payments_invoice_id_foreign` (`invoice_id`),
  KEY `invoice_payments_attachment_id_foreign` (`attachment_id`),
  KEY `invoice_payments_confirmed_by_foreign` (`confirmed_by`),
  CONSTRAINT `invoice_payments_attachment_id_foreign` FOREIGN KEY (`attachment_id`) REFERENCES `attachments` (`id`) ON DELETE RESTRICT ON UPDATE RESTRICT,
  CONSTRAINT `invoice_payments_confirmed_by_foreign` FOREIGN KEY (`confirmed_by`) REFERENCES `users` (`id`) ON DELETE RESTRICT ON UPDATE RESTRICT,
  CONSTRAINT `invoice_payments_invoice_id_foreign` FOREIGN KEY (`invoice_id`) REFERENCES `invoices` (`id`) ON DELETE RESTRICT ON UPDATE RESTRICT
) ENGINE=InnoDB AUTO_INCREMENT=10 DEFAULT CHARSET=utf8mb4 COLLATE=utf8mb4_unicode_ci;
/*!40101 SET character_set_client = @saved_cs_client */;

--
-- Dumping data for table `invoice_payments`
--

LOCK TABLES `invoice_payments` WRITE;
/*!40000 ALTER TABLE `invoice_payments` DISABLE KEYS */;
INSERT INTO `invoice_payments` VALUES (1,1,'2025-07-12 23:01:33',1096,2,1,'2025-07-12 23:01:33','2025-07-12 23:01:33',NULL),(2,2,'2025-07-12 23:01:33',783,4,1,'2025-07-12 23:01:33','2025-07-12 23:01:33',NULL),(3,3,'2025-07-12 23:01:33',818,6,1,'2025-07-12 23:01:33','2025-07-12 23:01:33',NULL),(4,4,'2025-07-12 23:01:34',103114,15,1,'2025-07-12 23:01:34','2025-07-12 23:01:34',NULL),(5,5,'2025-07-12 23:01:34',132163,18,1,'2025-07-12 23:01:34','2025-07-12 23:01:34',NULL),(6,6,'2025-07-12 23:01:34',132163,21,1,'2025-07-12 23:01:34','2025-07-12 23:01:34',NULL),(7,7,'2025-07-12 23:01:34',111016,24,1,'2025-07-12 23:01:34','2025-07-12 23:01:34',NULL),(8,8,'2025-07-12 23:01:34',111016,27,1,'2025-07-12 23:01:34','2025-07-12 23:01:34',NULL),(9,9,'2025-07-12 23:01:34',111016,30,1,'2025-07-12 23:01:34','2025-07-12 23:01:34',NULL);
/*!40000 ALTER TABLE `invoice_payments` ENABLE KEYS */;
UNLOCK TABLES;

--
-- Table structure for table `invoices`
--

DROP TABLE IF EXISTS `invoices`;
/*!40101 SET @saved_cs_client     = @@character_set_client */;
/*!50503 SET character_set_client = utf8mb4 */;
CREATE TABLE `invoices` (
  `id` bigint unsigned NOT NULL AUTO_INCREMENT,
  `proforma_id` bigint unsigned NOT NULL,
  `invoice_no` varchar(100) COLLATE utf8mb4_unicode_ci DEFAULT NULL,
  `invoice_type` enum('booking_fee','down_payment','final') COLLATE utf8mb4_unicode_ci DEFAULT NULL,
  `amount` double DEFAULT NULL,
  `due_date` date DEFAULT NULL,
  `status` enum('open','paid','partial','void') COLLATE utf8mb4_unicode_ci DEFAULT NULL,
  `attachment_id` bigint unsigned DEFAULT NULL,
  `issued_at` timestamp NULL DEFAULT NULL,
  `created_at` timestamp NULL DEFAULT NULL,
  `updated_at` timestamp NULL DEFAULT NULL,
  `deleted_at` timestamp NULL DEFAULT NULL,
  PRIMARY KEY (`id`),
  KEY `invoices_proforma_id_foreign` (`proforma_id`),
  KEY `invoices_attachment_id_foreign` (`attachment_id`),
  CONSTRAINT `invoices_attachment_id_foreign` FOREIGN KEY (`attachment_id`) REFERENCES `attachments` (`id`) ON DELETE RESTRICT ON UPDATE RESTRICT,
  CONSTRAINT `invoices_proforma_id_foreign` FOREIGN KEY (`proforma_id`) REFERENCES `proformas` (`id`) ON DELETE RESTRICT ON UPDATE RESTRICT
) ENGINE=InnoDB AUTO_INCREMENT=16 DEFAULT CHARSET=utf8mb4 COLLATE=utf8mb4_unicode_ci;
/*!40101 SET character_set_client = @saved_cs_client */;

--
-- Dumping data for table `invoices`
--

LOCK TABLES `invoices` WRITE;
/*!40000 ALTER TABLE `invoices` DISABLE KEYS */;
INSERT INTO `invoices` VALUES (1,1,'INV_001','booking_fee',1096,'2025-08-09','paid',NULL,'2025-07-12 23:01:33','2025-07-12 23:01:33','2025-07-12 23:01:33',NULL),(2,2,'INV_002','booking_fee',783,'2025-08-09','paid',NULL,'2025-07-12 23:01:33','2025-07-12 23:01:33','2025-07-12 23:01:33',NULL),(3,3,'INV_003','booking_fee',818,'2025-08-09','paid',NULL,'2025-07-12 23:01:33','2025-07-12 23:01:33','2025-07-12 23:01:33',NULL),(4,5,'INVOICE_1_ORDER_202','down_payment',103114,'2025-08-09','paid',NULL,'2025-07-12 23:01:34','2025-07-12 23:01:34','2025-07-12 23:01:34',NULL),(5,7,'INVOICE_1_ORDER_203','down_payment',132163,'2025-08-09','paid',NULL,'2025-07-12 23:01:34','2025-07-12 23:01:34','2025-07-12 23:01:34',NULL),(6,8,'INVOICE_2_ORDER_203','down_payment',132163,'2025-08-09','paid',NULL,'2025-07-12 23:01:34','2025-07-12 23:01:34','2025-07-12 23:01:34',NULL),(7,10,'INVOICE_1_ORDER_204','down_payment',111016,'2025-08-09','paid',NULL,'2025-07-12 23:01:34','2025-07-12 23:01:34','2025-07-12 23:01:34',NULL),(8,11,'INVOICE_2_ORDER_204','down_payment',111016,'2025-08-09','paid',NULL,'2025-07-12 23:01:34','2025-07-12 23:01:34','2025-07-12 23:01:34',NULL),(9,12,'INVOICE_3_ORDER_204','final',111016,'2025-08-09','paid',NULL,'2025-07-12 23:01:34','2025-07-12 23:01:34','2025-07-12 23:01:34',NULL),(10,13,'INV-00010','booking_fee',5000000,'2025-08-21','paid',38,'2025-07-22 11:32:25','2025-07-22 11:32:25','2025-07-22 11:32:27',NULL),(11,16,'INV-00011','final',83586330,'2025-08-21','paid',42,'2025-07-22 11:45:43','2025-07-22 11:45:43','2025-07-22 11:45:44',NULL),(12,15,'INV-00012','final',55724220,'2025-08-21','paid',43,'2025-07-22 11:46:00','2025-07-22 11:46:00','2025-07-22 11:46:03',NULL),(13,14,'INV-00013','down_payment',139310550,'2025-08-21','paid',44,'2025-07-22 11:46:12','2025-07-22 11:46:12','2025-07-22 11:46:14',NULL),(14,17,'INV-00014','down_payment',794038500,'2025-08-24','paid',50,'2025-07-25 21:43:52','2025-07-25 21:43:52','2025-07-25 21:43:53',NULL),(15,23,'INV-00015','down_payment',132339750,'2025-08-29','paid',67,'2025-07-30 11:31:34','2025-07-30 11:31:34','2025-07-30 11:31:36',NULL);
/*!40000 ALTER TABLE `invoices` ENABLE KEYS */;
UNLOCK TABLES;

--
-- Table structure for table `lead_activity_lists`
--

DROP TABLE IF EXISTS `lead_activity_lists`;
/*!40101 SET @saved_cs_client     = @@character_set_client */;
/*!50503 SET character_set_client = utf8mb4 */;
CREATE TABLE `lead_activity_lists` (
  `id` bigint unsigned NOT NULL AUTO_INCREMENT,
  `code` varchar(10) COLLATE utf8mb4_unicode_ci NOT NULL,
  `name` varchar(255) COLLATE utf8mb4_unicode_ci NOT NULL,
  `description` varchar(255) COLLATE utf8mb4_unicode_ci DEFAULT NULL,
  `created_at` timestamp NULL DEFAULT NULL,
  `updated_at` timestamp NULL DEFAULT NULL,
  `deleted_at` timestamp NULL DEFAULT NULL,
  PRIMARY KEY (`id`),
  UNIQUE KEY `lead_activity_lists_code_unique` (`code`)
) ENGINE=InnoDB AUTO_INCREMENT=27 DEFAULT CHARSET=utf8mb4 COLLATE=utf8mb4_unicode_ci;
/*!40101 SET character_set_client = @saved_cs_client */;

--
-- Dumping data for table `lead_activity_lists`
--

LOCK TABLES `lead_activity_lists` WRITE;
/*!40000 ALTER TABLE `lead_activity_lists` DISABLE KEYS */;
INSERT INTO `lead_activity_lists` VALUES (1,'A01','Telepon Pertama','Kontak awal ke customer untuk validasi data dan minat',NULL,NULL,NULL),(2,'A02','Follow-up WhatsApp','Kirim chat WA untuk melanjutkan komunikasi setelah data masuk',NULL,NULL,NULL),(3,'A03','Follow-up Call Kedua','Telepon lanjutan untuk menggali kebutuhan atau menindaklanjuti janji sebelumnya',NULL,NULL,NULL),(4,'A04','Kirim Company Profile / Katalog','Mengirim brosur, katalog, video, atau dokumen ke customer',NULL,NULL,NULL),(5,'A05','Kirim Quotation / Estimasi Harga','Penawaran harga pertama atau revisi sesuai kebutuhan customer',NULL,NULL,NULL),(6,'A06','Gali Kebutuhan Mesin','Menanyakan jenis es, kapasitas, lokasi, dan model usaha customer',NULL,NULL,NULL),(7,'A07','Visit Lapangan / Cek Lokasi','Kunjungan ke tempat calon pembeli atau pengecekan lokasi usaha',NULL,NULL,NULL),(8,'A08','Kirim Follow-up Reminder','Kirim pengingat atau susulan via WA/Email karena belum ada balasan',NULL,NULL,NULL),(9,'A09','Kirim Testimoni / Studi Kasus','Memberikan contoh keberhasilan customer lain sebagai pendekatan persuasif',NULL,NULL,NULL),(10,'A10','Penjelasan Teknis Mesin','Menjawab pertanyaan teknis tentang mesin, listrik, air, sparepart, dan lain-lain',NULL,NULL,NULL),(11,'A11','Follow-up Internal / Koordinasi','Menghubungi engineer / sales lain untuk bantu follow-up (support internal)',NULL,NULL,NULL),(12,'A12','Deal Sementara / Pending Approval','Customer sudah setuju tapi menunggu persetujuan internal / investor',NULL,NULL,NULL),(13,'A13','Repeat Order / Follow-up Customer Lama','Menangani customer yang sudah pernah beli mesin sebelumnya',NULL,NULL,NULL),(14,'A14','Customer Tidak Aktif','Tidak ada respon selama >7 hari, belum bisa dikontak',NULL,NULL,NULL),(15,'A15','Customer Tolak / Tidak Minat','Menyatakan tidak tertarik, beli di tempat lain, atau belum jadi beli',NULL,NULL,NULL),(16,'A16','Data Tidak Valid / Kontak Mati','Nomor tidak bisa dihubungi / alamat email salah',NULL,NULL,NULL),(17,'A17','Kirim Ke Dealer / Mitra Regional','Lead dialihkan ke dealer karena wilayah / tipe usaha tertentu',NULL,NULL,NULL),(18,'A18','Masuk Proyek Tender / CSR','Customer menyatakan lead berasal dari proyek tender, CSR, atau pengadaan instansi',NULL,NULL,NULL),(19,'A19','Minta Kunjungan ke Pabrik','Customer tertarik melihat produksi / pabrik DAXTRO secara langsung',NULL,NULL,NULL),(20,'A20','Entry Baru dari Canvassing','Lead masuk manual dari hasil canvassing lapangan',NULL,NULL,NULL),(21,'A21','Follow-up Post Kunjungan','Menindaklanjuti hasil visit yang sudah dilakukan sebelumnya',NULL,NULL,NULL),(22,'A22','Kirim Form / Link Isian Customer','Mengirim form untuk melengkapi data lead (potensi, lokasi, kebutuhan)',NULL,NULL,NULL),(23,'A23','Cold → Masuk Trash','Lead dinyatakan dibuang karena inaktif / tidak valid / reject total',NULL,NULL,NULL),(24,'A24','Kunjungan Customer ke Kantor','Customer datang langsung ke kantor DAXTRO untuk diskusi atau konsultasi',NULL,NULL,NULL),(25,'A25','Online Meeting / Zoom / Video Call','Pertemuan online untuk presentasi atau diskusi kebutuhan secara tatap maya',NULL,NULL,NULL),(26,'A26','Quotation Publish / Finalisasi','Quotation final diterbitkan dengan harga fix & layout disepakati bersama',NULL,NULL,NULL);
/*!40000 ALTER TABLE `lead_activity_lists` ENABLE KEYS */;
UNLOCK TABLES;

--
-- Table structure for table `lead_activity_logs`
--

DROP TABLE IF EXISTS `lead_activity_logs`;
/*!40101 SET @saved_cs_client     = @@character_set_client */;
/*!50503 SET character_set_client = utf8mb4 */;
CREATE TABLE `lead_activity_logs` (
  `id` bigint unsigned NOT NULL AUTO_INCREMENT,
  `lead_id` bigint unsigned NOT NULL,
  `activity_id` bigint unsigned NOT NULL,
  `note` text COLLATE utf8mb4_unicode_ci,
  `attachment_id` bigint unsigned DEFAULT NULL,
  `logged_at` timestamp NULL DEFAULT NULL,
  `user_id` bigint unsigned NOT NULL,
  `created_at` timestamp NULL DEFAULT NULL,
  `updated_at` timestamp NULL DEFAULT NULL,
  `deleted_at` timestamp NULL DEFAULT NULL,
  PRIMARY KEY (`id`),
  KEY `lead_activity_logs_lead_id_foreign` (`lead_id`),
  KEY `lead_activity_logs_activity_id_foreign` (`activity_id`),
  KEY `lead_activity_logs_user_id_foreign` (`user_id`),
  KEY `lead_activity_logs_attachment_id_foreign` (`attachment_id`),
  CONSTRAINT `lead_activity_logs_activity_id_foreign` FOREIGN KEY (`activity_id`) REFERENCES `lead_activity_lists` (`id`) ON DELETE RESTRICT ON UPDATE RESTRICT,
  CONSTRAINT `lead_activity_logs_attachment_id_foreign` FOREIGN KEY (`attachment_id`) REFERENCES `attachments` (`id`) ON DELETE RESTRICT ON UPDATE RESTRICT,
  CONSTRAINT `lead_activity_logs_lead_id_foreign` FOREIGN KEY (`lead_id`) REFERENCES `leads` (`id`) ON DELETE RESTRICT ON UPDATE RESTRICT,
  CONSTRAINT `lead_activity_logs_user_id_foreign` FOREIGN KEY (`user_id`) REFERENCES `users` (`id`) ON DELETE RESTRICT ON UPDATE RESTRICT
) ENGINE=InnoDB AUTO_INCREMENT=236 DEFAULT CHARSET=utf8mb4 COLLATE=utf8mb4_unicode_ci;
/*!40101 SET character_set_client = @saved_cs_client */;

--
-- Dumping data for table `lead_activity_logs`
--

LOCK TABLES `lead_activity_logs` WRITE;
/*!40000 ALTER TABLE `lead_activity_logs` DISABLE KEYS */;
INSERT INTO `lead_activity_logs` VALUES (1,273,1,'aifuahfuaefp',NULL,'2025-07-28 00:00:00',21,'2025-07-28 16:20:50','2025-07-28 16:20:50',NULL),(2,273,2,'auhvauiv',NULL,'2025-07-28 00:00:00',21,'2025-07-28 16:21:04','2025-07-28 16:21:04',NULL),(3,262,14,'mereka meminta dikirimkan penawaran melalui email, namun belum ada balasan lebih lanjut lagi terkait penawarannya ( sudah followup lagi by whatsapp)',52,'2025-07-22 00:00:00',24,'2025-07-29 09:53:12','2025-07-29 09:53:12',NULL),(4,251,10,'sudah melakukan meeting dengan tim pak Effendi, saat ini owner akan memberikan deadline final di tgl 1 Agustus mendatang',NULL,'2025-07-29 00:00:00',24,'2025-07-29 09:56:25','2025-07-29 09:56:25',NULL),(5,263,14,'mereka meminta dikirimkan penawaran melalui email, namun belum ada balasan lebih lanjut lagi terkait penawarannya ( sudah followup lagi by whatsapp)',53,'2025-07-22 00:00:00',24,'2025-07-29 09:56:57','2025-07-29 09:56:57',NULL),(6,286,1,'customer request untuk meetig offline / opnline',NULL,'2025-07-29 00:00:00',21,'2025-07-29 09:58:16','2025-07-29 09:58:16',NULL),(7,286,2,'generate meeting link',NULL,'2025-07-29 00:00:00',21,'2025-07-29 09:58:37','2025-07-29 09:58:37',NULL),(8,264,14,'sudah diberikan kebutuhan sesuai permintaan 1 ton dan diarahkan untuk ambil 3 ton dikarenakan lebih malah jika hanya mesin only, namun dengan tawaran paket juragan es untuk mesin es tube beliau keberatan dengan budgetnya',NULL,'2025-07-26 00:00:00',24,'2025-07-29 10:03:37','2025-07-29 10:03:37',NULL),(9,264,14,'sudah diberikan kebutuhan sesuai permintaan 1 ton dan diarahkan untuk ambil 3 ton dikarenakan lebih mahal jika hanya mesin only, namun dengan tawaran paket juragan es untuk mesin es tube beliau keberatan dengan budgetnya',NULL,'2025-07-26 00:00:00',24,'2025-07-29 10:05:13','2025-07-29 10:05:13',NULL),(10,283,10,'sedang diskusi terkait teknis pembangunan mesin es, dalam tahap progres',NULL,'2025-07-29 00:00:00',24,'2025-07-29 10:06:16','2025-07-29 10:06:16',NULL),(11,283,10,'kebutuhan di kapasitas mesin es tube 5-10  ton',NULL,'2025-07-29 00:00:00',24,'2025-07-29 10:06:51','2025-07-29 10:06:51',NULL),(12,287,1,'customer request untuk meetig offline / opnline',NULL,'2025-07-29 00:00:00',21,'2025-07-29 10:11:16','2025-07-29 10:11:16',NULL),(13,287,2,'generate meeting link',NULL,'2025-07-29 00:00:00',21,'2025-07-29 10:11:31','2025-07-29 10:11:31',NULL),(14,287,2,NULL,NULL,'2025-07-29 00:00:00',21,'2025-07-29 10:12:06','2025-07-29 10:12:06',NULL),(15,274,1,'customer request untuk meetig offline / opnline',NULL,'2025-07-29 00:00:00',36,'2025-07-29 13:20:51','2025-07-29 13:20:51',NULL),(16,288,2,'generate meeting link',NULL,'2025-07-29 00:00:00',36,'2025-07-29 13:21:04','2025-07-29 13:21:04',NULL),(17,274,2,'generate meeting link',NULL,'2025-07-29 00:00:00',36,'2025-07-29 13:21:20','2025-07-29 13:21:20',NULL),(18,274,2,NULL,NULL,'2025-07-29 00:00:00',36,'2025-07-29 13:21:25','2025-07-29 13:21:25',NULL),(19,274,6,NULL,NULL,'2025-07-29 00:00:00',36,'2025-07-29 13:26:53','2025-07-29 13:26:53',NULL),(20,274,5,NULL,NULL,'2025-07-29 00:00:00',36,'2025-07-29 13:27:05','2025-07-29 13:27:05',NULL),(21,292,7,'Selama ini,Dinas KPKP Jaktim sudah memiliki mesin cold storage kapasitas 10 ton, namun tidak terpakai saat disana dikarenakan ada permainan dengan tengkulak kepada para nelayan\" yang mengakibatkan para nelayan sungkan dan tidak bisa tidak memakai barang dari pemilik tengkulak tersebut, alhasil cold room tidak terpakai dan barangnya berakhir dilelangkan. saat ini yang mereka gunakan yaitu penggunaan es seadanya dengan kebutuhan penampung ikan 12 ton. jika ingin pengajuan langsung untuk kebutuhan-kebutuhan nelayan langsung, disarankan untuk menghubungi dinas UP3 (Muara angke) , yang memfasilitasi kebutuhan laut dan perikanan selama ini, pak akbar juga kebetulan memberikan kontak pic dari tim UP3 ( 087880817433 A/N Bu santi)',60,'2025-07-23 00:00:00',24,'2025-07-30 07:31:11','2025-07-30 07:31:11',NULL),(22,293,7,'Selama ini,Dinas KPKP Jaktim sudah memiliki mesin cold storage kapasitas 10 ton, namun tidak terpakai saat disana dikarenakan ada permainan dengan tengkulak kepada para nelayan\" yang mengakibatkan para nelayan sungkan dan tidak bisa tidak memakai barang dari pemilik tengkulak tersebut, alhasil cold room tidak terpakai dan barangnya berakhir dilelangkan. saat ini yang mereka gunakan yaitu penggunaan es seadanya dengan kebutuhan penampung ikan 12 ton. jika ingin pengajuan langsung untuk kebutuhan-kebutuhan nelayan langsung, disarankan untuk menghubungi dinas UP3 (Muara angke) , yang memfasilitasi kebutuhan laut dan perikanan selama ini, pak akbar juga kebetulan memberikan kontak pic dari tim UP3 ( 087880817433 A/N Bu santi)',61,'2025-07-23 00:00:00',24,'2025-07-30 07:35:03','2025-07-30 07:35:03',NULL),(23,294,7,'Terkait komunikasi kerja sama dengan pihak suku dinas dan sekertariatnya ( Mba Riana ), pihak KPKP Jakarta timur saat ini tidak ada rencana pengadaan tahun ini dan tahun depan ,dan saat ini statusnya tidak aktif untuk pengadaan, namun beliau (sekertariat) menyarankan koneksi llink embaga yang saat ini sedang membutuhkan , seperti UPT perikanan, UPT Peternakan, dan UP3 (Muara Angke)',62,'2025-07-23 00:00:00',24,'2025-07-30 07:35:29','2025-07-30 07:35:29',NULL),(24,295,2,'kjsbkc',NULL,'2025-07-30 00:00:00',21,'2025-07-30 10:32:01','2025-07-30 10:32:01',NULL),(25,295,9,'dqwd',NULL,'2025-07-30 00:00:00',21,'2025-07-30 10:32:10','2025-07-30 10:32:10',NULL),(26,295,7,NULL,NULL,'2025-07-30 00:00:00',21,'2025-07-30 10:48:47','2025-07-30 10:48:47',NULL),(27,295,21,NULL,NULL,'2025-07-30 00:00:00',21,'2025-07-30 11:07:59','2025-07-30 11:07:59',NULL),(28,289,7,NULL,69,'2025-07-18 00:00:00',23,'2025-07-30 11:52:07','2025-07-30 11:52:07',NULL),(29,296,25,NULL,70,'2025-07-16 00:00:00',23,'2025-07-30 11:53:43','2025-07-30 11:53:43',NULL),(30,296,2,'meminta penawaran',NULL,'2025-07-30 00:00:00',23,'2025-07-30 11:56:13','2025-07-30 11:56:13',NULL),(31,290,7,'meeting terkait suku dinas',71,'2025-07-11 00:00:00',23,'2025-07-30 12:00:48','2025-07-30 12:00:48',NULL),(32,290,7,'Activity sebelumnya salah input',72,'2025-07-26 00:00:00',23,'2025-07-30 12:20:26','2025-07-30 12:20:26',NULL),(33,291,25,'meeting offline terkait suku dinas',73,'2025-07-25 00:00:00',23,'2025-07-30 12:21:07','2025-07-30 12:21:07',NULL),(34,280,2,NULL,NULL,'2025-07-30 00:00:00',23,'2025-07-30 12:22:01','2025-07-30 12:22:01',NULL),(35,270,2,'belum ada balasan',NULL,'2025-07-30 00:00:00',23,'2025-07-30 12:22:24','2025-07-30 12:22:24',NULL),(36,297,21,'Setelah meeting dengan instansi UPPP Perikanan atas nama pic pak sahlan, kemungkinan belum bisa membangun cold storage dikarenakan didaerah muara angke lahan sudah penuh dan sudah banyak lapak pengusaha/tengkulak yang ada disana, beliau memberikan koneksi ke kkp gambir jakarta pusat , jika ingin mengajukan pengadaan barang secara langsung, diberi kontak staff pic nya atas nama fadlan',74,'2025-07-30 00:00:00',24,'2025-07-30 14:17:02','2025-07-30 14:17:02',NULL),(37,298,24,'Meeting Offline',75,'2025-07-30 00:00:00',22,'2025-07-31 09:05:38','2025-07-31 09:05:38',NULL),(38,298,24,'Meeting Offline',76,'2025-07-30 00:00:00',22,'2025-07-31 09:05:39','2025-07-31 09:05:39',NULL),(39,279,1,'Perkenalan awal dan menanyakan kebutuhan pak murtaza',77,'2025-07-28 00:00:00',22,'2025-07-31 09:11:25','2025-07-31 09:11:25',NULL),(40,233,2,'Kapasitas yang dicari di 500 Kg/hari dan budget ready di kapasitas tersebut',NULL,'2025-07-14 00:00:00',30,'2025-07-31 09:30:21','2025-07-31 09:30:21',NULL),(41,243,5,'sudah memberikan estimasi harga namun terakhir di followup 30 juli tidak ada feedback',NULL,'2025-07-17 00:00:00',31,'2025-07-31 09:30:34','2025-07-31 09:30:34',NULL),(42,220,2,'Menunggu update dari management, dikarenakan masih dalam tahap lahan',NULL,'2025-07-28 00:00:00',30,'2025-07-31 09:31:43','2025-07-31 09:31:43',NULL),(43,260,2,'sudah diberikan skema kredit minggu ini akan diberi kepastian updatenya',NULL,'2025-07-30 00:00:00',31,'2025-07-31 09:33:00','2025-07-31 09:33:00',NULL),(44,271,2,'sudah di followup tapi tidak ada respon',NULL,'2025-07-30 00:00:00',31,'2025-07-31 09:33:24','2025-07-31 09:33:24',NULL),(45,276,6,'kebutuhan 3 ton mesin tube untuk rencana pembukaan di denpasar, rencana akan mampir ke kantor surabaya',NULL,'2025-07-30 00:00:00',31,'2025-07-31 09:35:11','2025-07-31 09:35:11',NULL),(46,275,6,'kebtuhan mesin cube 3 ton , masih proses menggali kebutuhan karena slow respon',NULL,'2025-07-30 00:00:00',31,'2025-07-31 09:36:11','2025-07-31 09:36:11',NULL),(47,285,6,'tidak ada respon',NULL,'2025-07-30 00:00:00',31,'2025-07-31 09:36:22','2025-07-31 09:36:22',NULL),(48,225,1,'perkenalan awal dan meeting by WA',78,'2025-07-16 00:00:00',22,'2025-07-31 11:33:27','2025-07-31 11:33:27',NULL),(49,322,7,'bertemu dengan biro pengadaan dan surat menyurat, memastikan bahwa form kerjasama tepat sasaran, sebelumnya sudah konfirmasi untuk pengajuan ke bapak setya budi selaku staff kkp , dan saat discreening oleh tim pengadaan, ternyata ada nama beliau, next info akan dikabari ke pic terkait yang nomornya tercantum disurat kerjasama tersebut (pic num), dan rencana akan melanjutkan komunikasi untuk meeting jika yang bersangkungan menghubungi pic kontak didalam surat tersebut',NULL,'2025-07-31 00:00:00',24,'2025-07-31 11:48:14','2025-07-31 11:48:14',NULL),(50,269,1,'Perkenalan awak dan menggali  kebutuhan awal',NULL,'2025-07-23 00:00:00',22,'2025-07-31 16:57:25','2025-07-31 16:57:25',NULL),(51,256,1,'Perkenalan awal dan menanyakan kebutuhan',NULL,'2025-07-21 00:00:00',22,'2025-07-31 16:58:08','2025-07-31 16:58:08',NULL),(52,225,1,'Perkenalan awal dan menanyakan kebutuhan',NULL,'2025-07-16 00:00:00',22,'2025-07-31 16:58:44','2025-07-31 16:58:44',NULL),(53,225,1,'Perkenalan awal dan menanyakan kebutuhan',NULL,'2025-07-16 00:00:00',22,'2025-07-31 16:58:44','2025-07-31 16:58:44',NULL),(54,304,3,NULL,NULL,'2025-07-31 00:00:00',23,'2025-08-01 08:25:06','2025-08-01 08:25:06',NULL),(55,314,15,NULL,NULL,'2025-07-24 00:00:00',23,'2025-08-01 08:26:06','2025-08-01 08:26:06',NULL),(56,315,15,NULL,NULL,'2025-07-31 00:00:00',23,'2025-08-01 08:26:55','2025-08-01 08:26:55',NULL),(57,316,3,NULL,NULL,'2025-07-31 00:00:00',23,'2025-08-01 08:27:11','2025-08-01 08:27:11',NULL),(58,317,3,NULL,NULL,'2025-07-31 00:00:00',23,'2025-08-01 08:27:20','2025-08-01 08:27:20',NULL),(59,318,2,NULL,NULL,'2025-07-31 00:00:00',23,'2025-08-01 08:27:32','2025-08-01 08:27:32',NULL),(60,319,2,NULL,NULL,'2025-07-30 00:00:00',23,'2025-08-01 08:28:05','2025-08-01 08:28:05',NULL),(61,320,2,NULL,NULL,'2025-07-31 00:00:00',23,'2025-08-01 08:28:18','2025-08-01 08:28:18',NULL),(62,321,14,NULL,NULL,'2025-07-30 00:00:00',23,'2025-08-01 08:28:43','2025-08-01 08:28:43',NULL),(63,323,1,NULL,NULL,'2025-07-31 00:00:00',23,'2025-08-01 08:28:57','2025-08-01 08:28:57',NULL),(64,219,14,NULL,NULL,'2025-07-31 00:00:00',23,'2025-08-01 08:29:55','2025-08-01 08:29:55',NULL),(65,226,15,NULL,NULL,'2025-07-30 00:00:00',23,'2025-08-01 08:30:09','2025-08-01 08:30:09',NULL),(66,253,15,NULL,NULL,'2025-07-22 00:00:00',23,'2025-08-01 08:30:32','2025-08-01 08:30:32',NULL),(67,270,14,NULL,NULL,'2025-07-31 00:00:00',23,'2025-08-01 08:32:05','2025-08-01 08:32:05',NULL),(68,280,15,NULL,NULL,'2025-07-31 00:00:00',23,'2025-08-01 08:32:16','2025-08-01 08:32:16',NULL),(69,289,2,NULL,NULL,'2025-07-30 00:00:00',23,'2025-08-01 08:32:41','2025-08-01 08:32:41',NULL),(70,290,2,NULL,NULL,'2025-07-30 00:00:00',23,'2025-08-01 08:32:51','2025-08-01 08:32:51',NULL),(71,291,2,NULL,NULL,'2025-07-30 00:00:00',23,'2025-08-01 08:33:13','2025-08-01 08:33:13',NULL),(72,296,2,NULL,NULL,'2025-07-31 00:00:00',23,'2025-08-01 08:33:23','2025-08-01 08:33:23',NULL),(73,324,1,'generate meeting link',NULL,'2025-08-01 00:00:00',36,'2025-08-01 09:50:06','2025-08-01 09:50:06',NULL),(74,324,2,'dqwd',NULL,'2025-08-01 00:00:00',36,'2025-08-01 09:50:23','2025-08-01 09:50:23',NULL),(75,278,2,NULL,NULL,'2025-08-01 00:00:00',28,'2025-08-01 09:50:50','2025-08-01 09:50:50',NULL),(76,265,3,'sudah pengajuan leasing tapi di tolak karena ada hutang yang belum terbayar',NULL,'2025-08-01 00:00:00',31,'2025-08-01 09:57:19','2025-08-01 09:57:19',NULL),(77,260,2,'minta waktu untuk diskusi dengan partner dulu',NULL,'2025-08-01 00:00:00',31,'2025-08-01 09:57:56','2025-08-01 09:57:56',NULL),(78,285,2,'sudah di followup dan tidak ada respon',NULL,'2025-08-01 00:00:00',31,'2025-08-01 09:58:16','2025-08-01 09:58:16',NULL),(79,275,2,'rencana mau membuka pabrik di ponorogo',NULL,'2025-08-01 00:00:00',31,'2025-08-01 09:59:33','2025-08-01 09:59:33',NULL),(80,271,2,'tidak ada respon',NULL,'2025-08-01 00:00:00',31,'2025-08-01 09:59:50','2025-08-01 09:59:50',NULL),(81,238,4,'merespon, beliau menyarankan untuk mengirimkan penawaran via email, sudah di kirimkan dan followup, namun belum dibalas kembali',NULL,'2025-07-16 00:00:00',24,'2025-08-01 10:33:01','2025-08-01 10:33:01',NULL),(82,238,4,NULL,NULL,'2025-07-16 00:00:00',24,'2025-08-01 10:33:09','2025-08-01 10:33:09',NULL),(83,237,4,'merespon, beliau menyarankan untuk mengirimkan penawaran via email, sudah di kirimkan dan followup, namun belum dibalas kembali',NULL,'2025-07-16 00:00:00',24,'2025-08-01 10:33:32','2025-08-01 10:33:32',NULL),(84,236,14,'merespon dan meminta untuk katalog tersebut, namun saat difollowup, tidak ada respon kembali',NULL,'2025-07-16 00:00:00',24,'2025-08-01 10:34:55','2025-08-01 10:34:55',NULL),(85,235,15,'merespon dan meminta untuk katalog tersebut, namun saat difollowup, ada pertanyaan kembali ,namun kebutuhan tidak sesuai dengan keinginan konsumen',NULL,'2025-07-16 00:00:00',24,'2025-08-01 10:36:43','2025-08-01 10:36:43',NULL),(86,234,2,'merespon dan meminta untuk katalog tersebut, namun saat difollowup, tidak ada respon kembali',NULL,'2025-07-16 00:00:00',24,'2025-08-01 10:37:40','2025-08-01 10:37:40',NULL),(87,232,2,'merespon dan meminta untuk katalog tersebut, namun saat difollowup, tidak ada respon kembali',NULL,'2025-07-16 00:00:00',24,'2025-08-01 10:38:12','2025-08-01 10:38:12',NULL),(88,230,2,'merespon dan meminta untuk katalog tersebut, namun saat difollowup, tidak ada respon kembali',NULL,'2025-07-16 00:00:00',24,'2025-08-01 10:38:36','2025-08-01 10:38:36',NULL),(89,229,2,'merespon dan meminta untuk katalog tersebut, namun saat difollowup, tidak ada respon kembali',NULL,'2025-07-16 00:00:00',24,'2025-08-01 10:39:37','2025-08-01 10:39:37',NULL),(90,228,2,'merespon, beliau menyarankan untuk mengirimkan penawaran via email, sudah di kirimkan dan followup, namun belum dibalas kembali',NULL,'2025-07-16 00:00:00',24,'2025-08-01 10:40:09','2025-08-01 10:40:09',NULL),(91,227,10,'sudah diberikan kebutuhan sesuai permintaan 1 ton dan diarahkan untuk ambil 3 ton, namun dengan tawaran paket juragan es untuk mesin es tube beliau keberatan dengan budgetnya, tidak ada respon lebih lanjut lagi setelahnya',NULL,'2025-07-16 00:00:00',24,'2025-08-01 10:42:14','2025-08-01 10:42:14',NULL),(92,227,10,'sudah diberikan kebutuhan sesuai permintaan 3 ton dan diarahkan untuk ambil 5 ton dikarenakan lebih malah jika hanya mesin only, namun dengan tawaran paket juragan es untuk mesin es tube beliau keberatan dengan budgetnya',NULL,'2025-07-16 00:00:00',24,'2025-08-01 10:42:57','2025-08-01 10:42:57',NULL),(93,239,4,'merespon, beliau menyarankan untuk mengirimkan penawaran via email, sudah di kirimkan dan followup, namun belum dibalas kembali',NULL,'2025-08-01 00:00:00',24,'2025-08-01 10:48:53','2025-08-01 10:48:53',NULL),(94,326,1,'sudah komunikasi via telpon, menanyakan daftar pricelist paket juragan es, lanjutnya akan ditanyakan lebih lanjut jika ada yang didiskusikan',NULL,'2025-08-01 00:00:00',24,'2025-08-01 15:42:41','2025-08-01 15:42:41',NULL),(95,219,2,'masih menunggu kabar dari partner',NULL,'2025-08-04 00:00:00',23,'2025-08-04 10:20:18','2025-08-04 10:20:18',NULL),(96,304,2,'sudah difollow up rencana bertemu di hari selasa',NULL,'2025-08-04 00:00:00',23,'2025-08-04 10:21:23','2025-08-04 10:21:23',NULL),(97,296,2,NULL,NULL,'2025-08-04 00:00:00',23,'2025-08-04 11:18:24','2025-08-04 11:18:24',NULL),(98,214,7,NULL,NULL,'2025-08-04 00:00:00',28,'2025-08-04 13:59:10','2025-08-04 13:59:10',NULL),(99,316,2,NULL,NULL,'2025-08-04 00:00:00',23,'2025-08-04 16:24:28','2025-08-04 16:24:28',NULL),(100,317,3,NULL,NULL,'2025-08-04 00:00:00',23,'2025-08-04 16:24:38','2025-08-04 16:24:38',NULL),(101,318,2,NULL,NULL,'2025-08-04 00:00:00',23,'2025-08-04 16:25:07','2025-08-04 16:25:07',NULL),(102,323,2,NULL,NULL,'2025-08-04 00:00:00',23,'2025-08-04 16:26:16','2025-08-04 16:26:16',NULL),(103,329,1,NULL,NULL,'2025-08-04 00:00:00',23,'2025-08-04 16:26:26','2025-08-04 16:26:26',NULL),(104,333,2,'No Respond',NULL,'2025-08-05 00:00:00',30,'2025-08-05 08:30:08','2025-08-05 08:30:08',NULL),(105,327,2,'sudah ditelfon, sempat diangkat namun tidak dijawab, lalu sudah di followup untuk komunikasi via chat, namun belum direspon sampai saat ini',NULL,'2025-08-05 00:00:00',24,'2025-08-05 10:35:12','2025-08-05 10:35:12',NULL),(106,330,2,'sudah di call telfon, tidak didiangkat, namun saat dichat dibalas dan menanyakan lokasi ada dimana, sudah direspon pertanyaannya terkait lokasi kita, namun selanjutnya tidak direspon kembali',NULL,'2025-08-05 00:00:00',24,'2025-08-05 10:36:26','2025-08-05 10:36:26',NULL),(107,334,1,NULL,NULL,'2025-08-05 00:00:00',36,'2025-08-05 10:57:46','2025-08-05 10:57:46',NULL),(108,334,2,'CUSTOMER MAU VIA VIDEO CALL',NULL,'2025-08-05 00:00:00',36,'2025-08-05 11:02:31','2025-08-05 11:02:31',NULL),(109,334,6,'MELALUI VIDEO CALL',NULL,'2025-08-05 00:00:00',36,'2025-08-05 11:02:42','2025-08-05 11:02:42',NULL),(110,334,10,'H',NULL,'2025-08-05 00:00:00',1,'2025-08-05 11:07:19','2025-08-05 11:07:19',NULL),(111,296,2,NULL,NULL,'2025-08-05 00:00:00',23,'2025-08-05 16:38:15','2025-08-05 16:38:15',NULL),(112,304,2,NULL,NULL,'2025-08-05 00:00:00',23,'2025-08-05 16:38:21','2025-08-05 16:38:21',NULL),(113,317,3,NULL,NULL,'2025-08-05 00:00:00',23,'2025-08-05 16:38:55','2025-08-05 16:38:55',NULL),(114,323,2,NULL,NULL,'2025-08-05 00:00:00',23,'2025-08-05 16:39:14','2025-08-05 16:39:14',NULL),(115,329,2,NULL,NULL,'2025-08-05 00:00:00',23,'2025-08-05 16:39:21','2025-08-05 16:39:21',NULL),(116,214,24,'Berkunjung Ke Kantor Surabaya',84,'2025-08-05 00:00:00',28,'2025-08-06 08:04:56','2025-08-06 08:04:56',NULL),(117,332,2,'IRRELEVANT',NULL,'2025-08-06 00:00:00',28,'2025-08-06 08:19:12','2025-08-06 08:19:12',NULL),(118,336,2,NULL,NULL,'2025-08-06 00:00:00',28,'2025-08-06 09:53:28','2025-08-06 09:53:28',NULL),(119,336,2,NULL,NULL,'2025-08-06 00:00:00',28,'2025-08-06 10:45:14','2025-08-06 10:45:14',NULL),(120,336,1,NULL,NULL,'2025-08-06 00:00:00',28,'2025-08-06 10:45:29','2025-08-06 10:45:29',NULL),(121,298,2,'FU untuk TDP',NULL,'2025-08-06 00:00:00',22,'2025-08-06 14:36:18','2025-08-06 14:36:18',NULL),(122,298,2,NULL,86,'2025-08-06 00:00:00',22,'2025-08-06 14:36:46','2025-08-06 14:36:46',NULL),(123,269,24,'FU untuk kunjungan kekantor',87,'2025-08-06 00:00:00',22,'2025-08-06 14:37:42','2025-08-06 14:37:42',NULL),(124,339,4,'sudah telp, kebutuhan paket juragan 3 ton dan sudah dikirimkan BEP juga',NULL,'2025-08-06 00:00:00',22,'2025-08-06 15:37:58','2025-08-06 15:37:58',NULL),(125,337,2,'sudah ditanyakan terkait kebutuhan konsumen, namun belum direspon lagi',NULL,'2025-08-06 00:00:00',24,'2025-08-06 15:59:48','2025-08-06 15:59:48',NULL),(126,338,2,NULL,NULL,'2025-08-08 00:00:00',23,'2025-08-08 10:03:23','2025-08-08 10:03:23',NULL),(127,329,2,NULL,NULL,'2025-08-08 00:00:00',23,'2025-08-08 10:03:31','2025-08-08 10:03:31',NULL),(128,323,2,NULL,NULL,'2025-08-08 00:00:00',23,'2025-08-08 10:03:36','2025-08-08 10:03:36',NULL),(129,319,2,NULL,NULL,'2025-08-08 00:00:00',23,'2025-08-08 10:03:45','2025-08-08 10:03:45',NULL),(130,296,2,NULL,NULL,'2025-08-08 00:00:00',23,'2025-08-08 10:03:51','2025-08-08 10:03:51',NULL),(131,304,2,NULL,NULL,'2025-08-08 00:00:00',23,'2025-08-08 10:03:58','2025-08-08 10:03:58',NULL),(132,342,5,'kebutuhan 1 ton mesin es tube, sudah infokan harga 1 ton',NULL,'2025-08-08 00:00:00',31,'2025-08-08 10:38:41','2025-08-08 10:38:41',NULL),(133,336,10,NULL,NULL,'2025-08-08 00:00:00',28,'2025-08-08 10:54:03','2025-08-08 10:54:03',NULL),(134,332,4,NULL,NULL,'2025-08-08 00:00:00',28,'2025-08-08 10:54:28','2025-08-08 10:54:28',NULL),(135,341,2,'merespon, beliau tidak masuk atau sesuai dengan kapasitas , karna terlalu besar',NULL,'2025-08-08 00:00:00',24,'2025-08-08 13:05:56','2025-08-08 13:05:56',NULL),(136,341,2,'merespon, beliau konfirmasi bahwa kapasitas tidak masuk kebutuhan , karna terlalu besar, dia minta kapasitas dibawah 1 ton',88,'2025-08-08 00:00:00',24,'2025-08-08 13:07:17','2025-08-08 13:07:17',NULL),(137,335,1,'gju3kvf,yi,ygot4gcc3yh',NULL,'2025-08-09 00:00:00',36,'2025-08-09 12:32:05','2025-08-09 12:32:05',NULL),(138,345,1,'Perkenalan awal dan menggali kebutuhan',NULL,'2025-08-11 00:00:00',22,'2025-08-11 11:37:17','2025-08-11 11:37:17',NULL),(139,343,25,'Meeting online yang diadakan oleh Wika',NULL,'2025-08-11 00:00:00',20,'2025-08-11 11:41:59','2025-08-11 11:41:59',NULL),(140,347,2,NULL,NULL,'2025-08-11 00:00:00',28,'2025-08-11 13:32:08','2025-08-11 13:32:08',NULL),(141,393,2,NULL,NULL,'2025-08-11 00:00:00',28,'2025-08-11 15:07:34','2025-08-11 15:07:34',NULL),(142,423,2,NULL,NULL,'2025-08-11 00:00:00',28,'2025-08-11 15:07:45','2025-08-11 15:07:45',NULL),(143,304,24,NULL,89,'2025-08-11 00:00:00',23,'2025-08-11 16:50:07','2025-08-11 16:50:07',NULL),(144,219,2,NULL,NULL,'2025-08-11 00:00:00',23,'2025-08-11 16:56:18','2025-08-11 16:56:18',NULL),(145,338,2,NULL,NULL,'2025-08-11 00:00:00',23,'2025-08-11 16:57:08','2025-08-11 16:57:08',NULL),(146,323,2,NULL,NULL,'2025-08-11 00:00:00',23,'2025-08-11 16:59:01','2025-08-11 16:59:01',NULL),(147,346,2,'Cust belum respon',NULL,'2025-08-12 00:00:00',37,'2025-08-12 08:07:48','2025-08-12 08:07:48',NULL),(148,354,2,'Cust belum respon',NULL,'2025-08-12 00:00:00',37,'2025-08-12 08:08:18','2025-08-12 08:08:18',NULL),(149,371,2,'Cust belum respon',NULL,'2025-08-12 00:00:00',37,'2025-08-12 08:08:34','2025-08-12 08:08:34',NULL),(150,372,1,'tidak respon wa. akan dilakukan telp',NULL,'2025-08-11 00:00:00',22,'2025-08-12 09:18:39','2025-08-12 09:18:39',NULL),(151,372,1,'tidak respon wa. akan dilakukan telp',NULL,'2025-08-11 00:00:00',22,'2025-08-12 09:18:39','2025-08-12 09:18:39',NULL),(152,372,1,'tidak respon wa. akan dilakukan telp',NULL,'2025-08-11 00:00:00',22,'2025-08-12 09:18:39','2025-08-12 09:18:39',NULL),(153,417,1,'tidak respon wa. akan dilakukan telp',NULL,'2025-08-11 00:00:00',22,'2025-08-12 09:19:02','2025-08-12 09:19:02',NULL),(154,418,1,'tidak respon wa. akan dilakukan telp',NULL,'2025-08-11 00:00:00',22,'2025-08-12 09:19:11','2025-08-12 09:19:11',NULL),(155,418,1,NULL,NULL,'2025-08-11 00:00:00',22,'2025-08-12 09:19:13','2025-08-12 09:19:13',NULL),(156,419,1,'diread aja & tidak respon wa. akan dilakukan telp',NULL,'2025-08-11 00:00:00',22,'2025-08-12 09:19:37','2025-08-12 09:19:37',NULL),(157,420,1,'read aja & tidak respon wa. akan dilakukan telp',NULL,'2025-08-11 00:00:00',22,'2025-08-12 09:20:13','2025-08-12 09:20:13',NULL),(158,421,1,'tidak respon wa. akan dilakukan telp',NULL,'2025-08-11 00:00:00',22,'2025-08-12 09:20:22','2025-08-12 09:20:22',NULL),(159,422,1,'read aja & tidak respon wa. akan dilakukan telp',NULL,'2025-08-11 00:00:00',22,'2025-08-12 09:20:39','2025-08-12 09:20:39',NULL),(160,424,1,'respom, tanya harga dan spesifikasi paket juragan  ton',NULL,'2025-08-11 00:00:00',22,'2025-08-12 09:21:17','2025-08-12 09:21:17',NULL),(161,425,1,'read aja & tidak respon wa. akan dilakukan telp',NULL,'2025-08-11 00:00:00',22,'2025-08-12 09:21:48','2025-08-12 09:21:48',NULL),(162,426,1,'tidak respon wa. akan dilakukan telp',NULL,'2025-08-11 00:00:00',22,'2025-08-12 09:22:14','2025-08-12 09:22:14',NULL),(163,427,1,'tidak respon wa. akan dilakukan telp',NULL,'2025-08-11 00:00:00',22,'2025-08-12 09:22:21','2025-08-12 09:22:21',NULL),(164,428,1,'respom, tanya harga dan spesifikasi paket juragan  ton',NULL,'2025-08-11 00:00:00',22,'2025-08-12 09:22:48','2025-08-12 09:22:48',NULL),(165,429,1,'tidak respon wa. akan dilakukan telp',NULL,'2025-08-11 00:00:00',22,'2025-08-12 09:23:10','2025-08-12 09:23:10',NULL),(166,430,1,'Read aja & tidak respon wa. akan dilakukan telp',NULL,'2025-08-11 00:00:00',22,'2025-08-12 09:23:23','2025-08-12 09:23:23',NULL),(167,431,1,'tidak respon wa. akan dilakukan telp',NULL,'2025-08-11 00:00:00',22,'2025-08-12 09:23:40','2025-08-12 09:23:40',NULL),(168,439,1,'tidak respon wa. akan dilakukan telp',NULL,'2025-08-11 00:00:00',22,'2025-08-12 09:23:48','2025-08-12 09:23:48',NULL),(169,440,1,'tidak respon wa. akan dilakukan telp',NULL,'2025-08-11 00:00:00',22,'2025-08-12 09:23:56','2025-08-12 09:23:56',NULL),(170,441,1,'tidak ada nomor wa. akan di telp',NULL,'2025-08-11 00:00:00',22,'2025-08-12 09:26:24','2025-08-12 09:26:24',NULL),(171,442,1,'tidak respon wa. akan dilakukan telp',NULL,'2025-08-11 00:00:00',22,'2025-08-12 09:27:12','2025-08-12 09:27:12',NULL),(172,443,1,'tidak respon wa. akan dilakukan telp',NULL,'2025-08-11 00:00:00',22,'2025-08-12 09:27:33','2025-08-12 09:27:33',NULL),(173,444,1,'tidak respon wa. akan dilakukan telp',NULL,'2025-08-11 00:00:00',22,'2025-08-12 09:27:42','2025-08-12 09:27:42',NULL),(174,445,1,'tidak respon wa. akan dilakukan telp',NULL,'2025-08-11 00:00:00',22,'2025-08-12 09:28:22','2025-08-12 09:28:22',NULL),(175,446,1,'tidak respon wa. akan dilakukan telp',NULL,'2025-08-11 00:00:00',22,'2025-08-12 09:28:36','2025-08-12 09:28:36',NULL),(176,447,1,'tidak respon wa. akan dilakukan telp',NULL,'2025-08-11 00:00:00',22,'2025-08-12 09:28:41','2025-08-12 09:28:41',NULL),(177,304,2,NULL,NULL,'2025-08-12 00:00:00',23,'2025-08-12 09:34:25','2025-08-12 09:34:25',NULL),(178,416,1,'belum ada respon',NULL,'2025-08-11 00:00:00',23,'2025-08-12 09:36:32','2025-08-12 09:36:32',NULL),(179,364,2,'nomer tidak dapat di hubungi',NULL,'2025-08-12 00:00:00',31,'2025-08-12 09:36:45','2025-08-12 09:36:45',NULL),(180,342,3,'harga yang di tawarkan kemahalan',NULL,'2025-08-12 00:00:00',31,'2025-08-12 09:37:10','2025-08-12 09:37:10',NULL),(181,347,10,NULL,NULL,'2025-08-12 00:00:00',28,'2025-08-12 09:44:18','2025-08-12 09:44:18',NULL),(182,448,2,'Follow Up terkait kebutuhan mesinnya',NULL,'2025-08-12 00:00:00',37,'2025-08-12 10:41:37','2025-08-12 10:41:37',NULL),(183,415,1,'belum ada respon',NULL,'2025-08-11 00:00:00',23,'2025-08-12 13:06:07','2025-08-12 13:06:07',NULL),(184,414,1,'belum ada respon',NULL,'2025-08-11 00:00:00',23,'2025-08-12 13:06:19','2025-08-12 13:06:19',NULL),(185,413,1,'menanyakan market',NULL,'2025-08-11 00:00:00',23,'2025-08-12 13:06:45','2025-08-12 13:06:45',NULL),(186,412,1,'belum ada respon',NULL,'2025-08-11 00:00:00',23,'2025-08-12 13:07:00','2025-08-12 13:07:00',NULL),(187,411,1,'menanyakan spesifikasi',NULL,'2025-08-11 00:00:00',23,'2025-08-12 13:07:59','2025-08-12 13:07:59',NULL),(188,410,1,'belum ada respon',NULL,'2025-08-11 00:00:00',23,'2025-08-12 13:08:22','2025-08-12 13:08:22',NULL),(189,409,1,'menanyakan harga',NULL,'2025-08-11 00:00:00',23,'2025-08-12 13:08:37','2025-08-12 13:08:37',NULL),(190,408,1,'belum ada respon',NULL,'2025-08-11 00:00:00',23,'2025-08-12 13:08:58','2025-08-12 13:08:58',NULL),(191,407,1,'belum ada respon',NULL,'2025-08-11 00:00:00',23,'2025-08-12 13:09:36','2025-08-12 13:09:36',NULL),(192,406,1,'belum ada respon',NULL,'2025-08-11 00:00:00',23,'2025-08-12 13:09:56','2025-08-12 13:09:56',NULL),(193,405,1,'bel',NULL,'2025-08-11 00:00:00',23,'2025-08-12 13:10:11','2025-08-12 13:10:11',NULL),(194,405,1,'belum ada respon',NULL,'2025-08-11 00:00:00',23,'2025-08-12 13:10:17','2025-08-12 13:10:17',NULL),(195,404,1,'belum ada respon',NULL,'2025-08-11 00:00:00',23,'2025-08-12 13:10:40','2025-08-12 13:10:40',NULL),(196,403,1,'belum ada respon',NULL,'2025-08-11 00:00:00',23,'2025-08-12 13:10:57','2025-08-12 13:10:57',NULL),(197,402,1,'belum ada respon',NULL,'2025-08-11 00:00:00',23,'2025-08-12 13:11:08','2025-08-12 13:11:08',NULL),(198,401,1,'belum ada respon',NULL,'2025-08-11 00:00:00',23,'2025-08-12 13:11:39','2025-08-12 13:11:39',NULL),(199,400,1,'menanyakan harga',NULL,'2025-08-11 00:00:00',23,'2025-08-12 13:11:56','2025-08-12 13:11:56',NULL),(200,399,1,'belum ada respon',NULL,'2025-08-11 00:00:00',23,'2025-08-12 13:12:06','2025-08-12 13:12:06',NULL),(201,398,1,'belum ada respon',NULL,'2025-08-11 00:00:00',23,'2025-08-12 13:12:25','2025-08-12 13:12:25',NULL),(202,397,1,'belum ada respon',NULL,'2025-08-11 00:00:00',23,'2025-08-12 13:15:39','2025-08-12 13:15:39',NULL),(203,396,1,'belum ada respon',NULL,'2025-08-11 00:00:00',23,'2025-08-12 13:15:47','2025-08-12 13:15:47',NULL),(204,395,1,'belum ada respon',NULL,'2025-08-11 00:00:00',23,'2025-08-12 13:16:00','2025-08-12 13:16:00',NULL),(205,394,1,'belum ada respon',NULL,'2025-08-11 00:00:00',23,'2025-08-12 13:16:08','2025-08-12 13:16:08',NULL),(206,370,1,'belum ada respon',NULL,'2025-08-11 00:00:00',23,'2025-08-12 13:16:15','2025-08-12 13:16:15',NULL),(207,449,2,'belum ada respon akan dilakukakn call',NULL,'2025-08-12 00:00:00',20,'2025-08-12 17:10:36','2025-08-12 17:10:36',NULL),(208,369,2,'belum ada respon akan dilakukakn call',NULL,'2025-08-12 00:00:00',20,'2025-08-12 17:10:58','2025-08-12 17:10:58',NULL),(209,369,2,NULL,NULL,'2025-08-12 00:00:00',20,'2025-08-12 17:11:02','2025-08-12 17:11:02',NULL),(210,369,2,'belum ada respon akan dilakukakn call',NULL,'2025-08-12 00:00:00',20,'2025-08-12 17:11:31','2025-08-12 17:11:31',NULL),(211,366,2,'belum ada respon akan dilakukakn call',NULL,'2025-08-12 00:00:00',20,'2025-08-12 17:11:46','2025-08-12 17:11:46',NULL),(212,432,2,'belum ada respon akan dilakukakn call',NULL,'2025-08-12 00:00:00',20,'2025-08-12 17:12:06','2025-08-12 17:12:06',NULL),(213,433,2,'belum ada respon akan dilakukan call',NULL,'2025-08-12 00:00:00',20,'2025-08-12 17:12:25','2025-08-12 17:12:25',NULL),(214,435,2,'belum ada respon akan dilakukan call',NULL,'2025-08-12 00:00:00',20,'2025-08-12 17:12:58','2025-08-12 17:12:58',NULL),(215,434,2,'belum ada respon akan dilakukan call',NULL,'2025-08-12 00:00:00',20,'2025-08-12 17:13:51','2025-08-12 17:13:51',NULL),(216,436,2,'belum ada respon akan dilakukakn call',NULL,'2025-08-12 00:00:00',20,'2025-08-12 17:14:32','2025-08-12 17:14:32',NULL),(217,437,2,'belum ada respon akan dilakukan call',NULL,'2025-08-12 00:00:00',20,'2025-08-12 17:14:47','2025-08-12 17:14:47',NULL),(218,438,2,'belum ada respon akan dilakukan call',NULL,'2025-08-12 00:00:00',20,'2025-08-12 21:49:14','2025-08-12 21:49:14',NULL),(219,365,1,'tidak ada no wa belum ada respon akan dilakukan call ke 2 kalinya',NULL,'2025-08-12 00:00:00',20,'2025-08-12 21:51:00','2025-08-12 21:51:00',NULL),(220,356,2,'belum ada respon akan dilakukan call',NULL,'2025-08-12 00:00:00',20,'2025-08-12 21:51:21','2025-08-12 21:51:21',NULL),(221,357,2,'belum ada respon akan dilakukan call',NULL,'2025-08-12 00:00:00',20,'2025-08-12 21:51:30','2025-08-12 21:51:30',NULL),(222,358,2,'belum ada respon akan dilakukan call',NULL,'2025-08-12 00:00:00',20,'2025-08-12 21:51:46','2025-08-12 21:51:46',NULL),(223,360,2,'belum ada respon akan dilakukan call',NULL,'2025-08-12 00:00:00',20,'2025-08-12 21:52:01','2025-08-12 21:52:01',NULL),(224,361,2,'belum ada respon akan dilakukan call',NULL,'2025-08-12 00:00:00',20,'2025-08-12 21:52:18','2025-08-12 21:52:18',NULL),(225,362,2,'belum ada respon akan dilakukan call',NULL,'2025-08-12 00:00:00',20,'2025-08-12 21:52:26','2025-08-12 21:52:26',NULL),(226,363,2,'belum ada respon akan dilakukan call',NULL,'2025-08-12 00:00:00',20,'2025-08-12 21:52:40','2025-08-12 21:52:40',NULL),(227,355,2,'belum ada respon akan dilakukan call',NULL,'2025-08-12 00:00:00',20,'2025-08-12 21:58:21','2025-08-12 21:58:21',NULL),(228,353,2,'belum ada respon akan dilakukan call',NULL,'2025-08-12 00:00:00',20,'2025-08-12 21:58:37','2025-08-12 21:58:37',NULL),(229,351,2,'belum ada respon akan dilakukan call',NULL,'2025-08-12 00:00:00',20,'2025-08-12 21:58:45','2025-08-12 21:58:45',NULL),(230,350,2,'belum ada respon akan dilakukan call',NULL,'2025-08-12 00:00:00',20,'2025-08-12 21:58:57','2025-08-12 21:58:57',NULL),(231,349,2,'belum ada respon akan dilakukan call',NULL,'2025-08-12 00:00:00',20,'2025-08-12 21:59:08','2025-08-12 21:59:08',NULL),(232,348,2,'belum ada respon akan dilakukan call',NULL,'2025-08-12 00:00:00',20,'2025-08-12 21:59:16','2025-08-12 21:59:16',NULL),(233,343,9,'menunggu spesifikasi update dari PT Wika',NULL,'2025-08-12 00:00:00',20,'2025-08-12 22:00:59','2025-08-12 22:00:59',NULL),(234,340,2,'budget blm cukup',NULL,'2025-08-12 00:00:00',20,'2025-08-12 22:01:50','2025-08-12 22:01:50',NULL),(235,356,2,'tertarik kapasitas 1 ton namun blm cukup budget',NULL,'2025-08-12 00:00:00',20,'2025-08-12 22:02:29','2025-08-12 22:02:29',NULL);
/*!40000 ALTER TABLE `lead_activity_logs` ENABLE KEYS */;
UNLOCK TABLES;

--
-- Table structure for table `lead_claims`
--

DROP TABLE IF EXISTS `lead_claims`;
/*!40101 SET @saved_cs_client     = @@character_set_client */;
/*!50503 SET character_set_client = utf8mb4 */;
CREATE TABLE `lead_claims` (
  `id` bigint unsigned NOT NULL AUTO_INCREMENT,
  `lead_id` bigint unsigned NOT NULL,
  `sales_id` bigint unsigned NOT NULL,
  `claimed_at` timestamp NULL DEFAULT NULL,
  `released_at` timestamp NULL DEFAULT NULL,
  `created_at` timestamp NULL DEFAULT NULL,
  `updated_at` timestamp NULL DEFAULT NULL,
  `deleted_at` timestamp NULL DEFAULT NULL,
  `trash_note` text COLLATE utf8mb4_unicode_ci,
  PRIMARY KEY (`id`),
  KEY `lead_claims_lead_id_foreign` (`lead_id`),
  KEY `lead_claims_sales_id_foreign` (`sales_id`),
  CONSTRAINT `lead_claims_lead_id_foreign` FOREIGN KEY (`lead_id`) REFERENCES `leads` (`id`) ON DELETE RESTRICT ON UPDATE RESTRICT,
  CONSTRAINT `lead_claims_sales_id_foreign` FOREIGN KEY (`sales_id`) REFERENCES `users` (`id`) ON DELETE RESTRICT ON UPDATE RESTRICT
) ENGINE=InnoDB AUTO_INCREMENT=257 DEFAULT CHARSET=utf8mb4 COLLATE=utf8mb4_unicode_ci;
/*!40101 SET character_set_client = @saved_cs_client */;

--
-- Dumping data for table `lead_claims`
--

LOCK TABLES `lead_claims` WRITE;
/*!40000 ALTER TABLE `lead_claims` DISABLE KEYS */;
INSERT INTO `lead_claims` VALUES (1,205,1,'2025-07-12 23:07:09','2025-07-14 23:08:03','2025-07-12 23:07:09','2025-07-14 23:08:03',NULL,NULL),(2,206,2,'2025-07-12 23:07:09','2025-07-14 23:08:03','2025-07-12 23:07:09','2025-07-14 23:08:03',NULL,NULL),(3,207,3,'2025-07-12 23:07:09','2025-07-14 23:08:03','2025-07-12 23:07:09','2025-07-14 23:08:03',NULL,NULL),(4,208,4,'2025-07-12 23:07:09','2025-07-14 23:08:04','2025-07-12 23:07:09','2025-07-14 23:08:04',NULL,NULL),(5,209,5,'2025-07-12 23:07:09','2025-07-14 23:08:04','2025-07-12 23:07:09','2025-07-14 23:08:04',NULL,NULL),(6,7,28,'2025-07-13 08:09:14','2025-07-15 08:10:04','2025-07-13 08:09:14','2025-07-15 08:10:04',NULL,NULL),(7,5,28,'2025-07-13 08:09:17','2025-07-15 08:10:04','2025-07-13 08:09:17','2025-07-15 08:10:04',NULL,NULL),(8,3,28,'2025-07-13 08:09:20','2025-07-15 08:10:04','2025-07-13 08:09:20','2025-07-15 08:10:04',NULL,NULL),(9,2,28,'2025-07-13 08:09:24','2025-07-15 08:10:04','2025-07-13 08:09:24','2025-07-15 08:10:04',NULL,NULL),(10,210,22,'2025-07-31 10:06:48','2025-08-07 10:07:03','2025-07-14 09:07:29','2025-08-07 10:07:03',NULL,NULL),(11,211,23,'2025-07-14 09:14:11','2025-07-16 09:15:04','2025-07-14 09:14:11','2025-07-16 09:15:04',NULL,NULL),(12,212,23,'2025-07-14 09:15:45','2025-07-16 09:16:03','2025-07-14 09:15:45','2025-07-16 09:16:03',NULL,NULL),(13,213,21,'2025-07-21 14:19:01','2025-07-28 14:19:04','2025-07-14 15:26:19','2025-07-28 14:19:04',NULL,NULL),(14,218,23,'2025-07-14 15:42:38','2025-07-16 15:43:03','2025-07-14 15:42:38','2025-07-16 15:43:03',NULL,NULL),(15,216,20,'2025-07-14 16:19:34','2025-07-16 16:20:04','2025-07-14 16:19:34','2025-07-16 16:20:04',NULL,NULL),(16,10,21,'2025-07-14 18:49:30',NULL,'2025-07-14 18:49:30','2025-07-14 18:49:30',NULL,NULL),(17,219,23,'2025-08-11 16:55:33',NULL,'2025-07-15 08:43:34','2025-08-11 16:55:33',NULL,'Dummy'),(18,217,28,'2025-07-15 09:34:12','2025-07-17 09:35:04','2025-07-15 09:34:12','2025-07-17 09:35:04',NULL,NULL),(19,215,28,'2025-07-15 09:34:52','2025-07-17 09:35:04','2025-07-15 09:34:52','2025-07-17 09:35:04',NULL,NULL),(20,214,28,'2025-08-04 13:56:46',NULL,'2025-07-15 09:35:06','2025-08-04 13:56:46',NULL,NULL),(21,220,30,'2025-07-31 09:29:11','2025-08-07 09:30:04','2025-07-15 15:05:31','2025-08-07 09:30:04',NULL,NULL),(22,221,22,'2025-07-31 10:06:41','2025-08-07 10:07:03','2025-07-16 08:23:12','2025-08-07 10:07:03',NULL,NULL),(23,222,22,'2025-07-31 10:06:37','2025-08-07 10:07:03','2025-07-16 08:40:25','2025-08-07 10:07:03',NULL,NULL),(24,225,22,'2025-07-31 10:06:27',NULL,'2025-07-16 09:12:28','2025-07-31 10:06:27',NULL,NULL),(25,224,22,'2025-07-16 09:12:42','2025-07-16 09:48:58','2025-07-16 09:12:42','2025-07-16 09:48:58',NULL,NULL),(26,226,23,'2025-07-31 12:12:50','2025-08-07 12:13:03','2025-07-16 09:32:22','2025-08-07 12:13:03',NULL,NULL),(27,227,24,'2025-08-01 09:52:29','2025-08-08 09:53:03','2025-07-16 10:40:28','2025-08-08 09:53:03',NULL,NULL),(28,228,24,'2025-08-01 09:52:16','2025-08-08 09:53:03','2025-07-16 10:48:35','2025-08-08 09:53:03',NULL,NULL),(29,223,28,'2025-07-16 10:51:39','2025-07-18 10:52:03','2025-07-16 10:51:39','2025-07-18 10:52:03',NULL,NULL),(30,229,24,'2025-08-01 09:52:11','2025-08-08 09:53:03','2025-07-16 10:52:44','2025-08-08 09:53:03',NULL,NULL),(31,230,24,'2025-08-01 09:52:05','2025-08-08 09:53:03','2025-07-16 10:55:31','2025-08-08 09:53:03',NULL,NULL),(32,231,24,'2025-07-16 10:57:53','2025-07-16 14:28:35','2025-07-16 10:57:53','2025-07-16 14:28:35',NULL,NULL),(33,232,24,'2025-08-01 09:52:01','2025-08-08 09:52:03','2025-07-16 11:00:50','2025-08-08 09:52:03',NULL,NULL),(34,234,24,'2025-08-01 09:51:56','2025-08-08 09:52:03','2025-07-16 11:09:39','2025-08-08 09:52:03',NULL,NULL),(35,235,24,'2025-08-01 09:51:48','2025-08-08 09:52:03','2025-07-16 11:12:27','2025-08-08 09:52:03',NULL,NULL),(36,236,24,'2025-08-01 09:51:16','2025-08-08 09:52:03','2025-07-16 11:16:30','2025-08-08 09:52:03',NULL,NULL),(37,237,24,'2025-08-01 09:51:44','2025-08-08 09:52:03','2025-07-16 11:22:35','2025-08-08 09:52:03',NULL,NULL),(38,233,30,'2025-07-31 09:29:13','2025-08-07 09:30:04','2025-07-16 11:50:39','2025-08-07 09:30:04',NULL,NULL),(39,238,24,'2025-08-01 09:51:03','2025-08-08 09:51:03','2025-07-16 15:00:30','2025-08-08 09:51:03',NULL,NULL),(40,239,24,'2025-08-01 09:50:44','2025-08-08 09:51:03','2025-07-16 15:05:37','2025-08-08 09:51:03',NULL,NULL),(41,240,21,'2025-07-17 08:39:19',NULL,'2025-07-17 08:39:19','2025-07-17 08:39:19',NULL,NULL),(42,241,21,'2025-07-31 16:05:26','2025-08-07 16:06:03','2025-07-17 08:51:21','2025-08-07 16:06:03',NULL,NULL),(43,242,21,'2025-07-31 16:05:39','2025-08-07 16:06:03','2025-07-17 08:54:24','2025-08-07 16:06:03',NULL,NULL),(44,244,21,'2025-07-17 08:56:46',NULL,'2025-07-17 08:56:46','2025-07-17 08:56:46',NULL,NULL),(45,245,21,'2025-07-31 16:05:58','2025-08-07 16:06:03','2025-07-17 08:58:41','2025-08-07 16:06:03',NULL,NULL),(46,246,21,'2025-07-31 16:05:09','2025-08-07 16:06:03','2025-07-17 09:00:22','2025-08-07 16:06:03',NULL,NULL),(47,243,31,'2025-07-24 10:10:37','2025-07-31 10:11:03','2025-07-17 09:41:37','2025-07-31 10:11:03',NULL,NULL),(48,248,20,'2025-07-17 15:56:39','2025-07-24 15:57:03','2025-07-17 15:56:39','2025-07-24 15:57:03',NULL,NULL),(49,249,20,'2025-07-17 16:04:37','2025-07-24 16:05:03','2025-07-17 16:04:37','2025-07-24 16:05:03',NULL,NULL),(50,247,30,'2025-07-31 09:29:07',NULL,'2025-07-17 16:28:09','2025-07-31 09:29:07',NULL,NULL),(51,251,24,'2025-08-01 09:52:53',NULL,'2025-07-18 11:32:18','2025-08-01 09:52:53',NULL,'a'),(52,9,1,'2025-07-18 15:33:20','2025-07-25 15:34:03','2025-07-18 15:33:20','2025-07-25 15:34:03',NULL,NULL),(53,8,1,'2025-07-18 15:33:23','2025-07-25 15:34:03','2025-07-18 15:33:23','2025-07-25 15:34:03',NULL,NULL),(54,6,1,'2025-07-18 15:33:27','2025-07-25 15:34:03','2025-07-18 15:33:27','2025-07-25 15:34:03',NULL,NULL),(55,4,1,'2025-07-18 15:33:31','2025-07-25 15:34:03','2025-07-18 15:33:31','2025-07-25 15:34:03',NULL,NULL),(56,1,1,'2025-07-18 15:33:35','2025-07-25 15:34:03','2025-07-18 15:33:35','2025-07-25 15:34:03',NULL,NULL),(57,250,28,'2025-07-20 13:34:40','2025-07-27 13:35:03','2025-07-20 13:34:40','2025-07-27 13:35:03',NULL,NULL),(58,252,30,'2025-07-31 09:28:38','2025-08-07 09:29:03','2025-07-21 08:39:24','2025-08-07 09:29:03',NULL,NULL),(59,253,23,'2025-07-31 12:12:32','2025-08-07 12:13:03','2025-07-21 08:59:11','2025-08-07 12:13:03',NULL,NULL),(60,257,20,'2025-07-21 09:12:03','2025-07-28 09:12:03','2025-07-21 09:12:03','2025-07-28 09:12:03',NULL,NULL),(61,256,22,'2025-07-31 10:06:15','2025-08-07 10:07:03','2025-07-21 09:13:21','2025-08-07 10:07:03',NULL,NULL),(62,254,21,'2025-07-28 10:45:09','2025-08-04 10:46:03','2025-07-21 09:13:28','2025-08-04 10:46:03',NULL,NULL),(63,255,31,'2025-07-29 08:10:30',NULL,'2025-07-21 09:42:40','2025-07-29 08:10:30',NULL,NULL),(64,258,21,'2025-07-22 08:40:34',NULL,'2025-07-22 08:40:34','2025-07-22 08:40:34',NULL,NULL),(65,260,31,'2025-08-12 09:38:22',NULL,'2025-07-22 09:22:34','2025-08-12 09:38:22',NULL,NULL),(66,261,36,'2025-07-22 09:52:42',NULL,'2025-07-22 09:52:42','2025-07-22 09:52:42',NULL,NULL),(67,259,28,'2025-07-22 11:26:33','2025-07-29 11:27:03','2025-07-22 11:26:33','2025-07-29 11:27:03',NULL,NULL),(68,262,24,'2025-08-01 09:50:53','2025-08-08 09:51:03','2025-07-23 13:39:55','2025-08-08 09:51:03',NULL,NULL),(69,263,24,'2025-08-01 09:49:51','2025-08-08 09:50:04','2025-07-23 13:39:55','2025-08-08 09:50:04',NULL,NULL),(70,264,24,'2025-08-01 09:50:48','2025-08-08 09:51:03','2025-07-24 08:52:18','2025-08-08 09:51:03',NULL,NULL),(71,265,31,'2025-07-31 09:28:13',NULL,'2025-07-24 09:21:49','2025-07-31 09:28:13',NULL,NULL),(72,266,32,'2025-07-24 13:30:21',NULL,'2025-07-24 13:30:21','2025-07-24 13:30:21',NULL,NULL),(73,267,21,'2025-07-24 16:56:21','2025-07-31 16:57:03','2025-07-24 16:56:21','2025-07-31 16:57:03',NULL,NULL),(74,268,20,'2025-07-25 10:37:25','2025-08-01 10:38:03','2025-07-25 10:37:25','2025-08-01 10:38:03',NULL,NULL),(75,269,22,'2025-08-01 13:27:22','2025-08-08 13:28:03','2025-07-25 10:38:37','2025-08-08 13:28:03',NULL,NULL),(76,272,36,'2025-07-25 21:10:27',NULL,'2025-07-25 21:10:27','2025-07-25 21:10:27',NULL,NULL),(77,271,31,'2025-08-05 08:32:00','2025-08-12 08:32:04','2025-07-26 18:00:11','2025-08-12 08:32:04',NULL,NULL),(78,270,23,'2025-07-28 08:26:52','2025-08-04 08:27:03','2025-07-28 08:26:52','2025-08-04 08:27:03',NULL,NULL),(79,277,32,'2025-07-28 10:09:05',NULL,'2025-07-28 10:09:05','2025-07-28 10:09:05',NULL,NULL),(80,274,36,'2025-07-29 13:20:04','2025-07-30 11:50:02','2025-07-28 10:44:16','2025-07-30 11:50:02',NULL,'a'),(81,280,23,'2025-07-28 12:00:03','2025-08-04 12:00:04','2025-07-28 12:00:03','2025-08-04 12:00:04',NULL,NULL),(82,279,22,'2025-07-28 12:00:04','2025-08-04 12:00:04','2025-07-28 12:00:04','2025-08-04 12:00:04',NULL,NULL),(83,278,28,'2025-07-28 12:13:32','2025-08-04 12:14:03','2025-07-28 12:13:32','2025-08-04 12:14:03',NULL,NULL),(84,281,5,'2025-07-28 15:16:26',NULL,'2025-07-28 15:16:26','2025-07-28 15:16:26',NULL,NULL),(85,282,30,'2025-07-31 09:28:25','2025-08-07 09:29:03','2025-07-28 15:48:06','2025-08-07 09:29:03',NULL,'a'),(86,284,21,'2025-07-28 15:54:33','2025-08-04 15:55:03','2025-07-28 15:54:33','2025-08-04 15:55:03',NULL,NULL),(87,283,24,'2025-07-28 15:56:02','2025-08-04 15:56:03','2025-07-28 15:56:02','2025-08-04 15:56:03',NULL,NULL),(88,273,21,'2025-07-28 16:20:25','2025-07-30 11:49:55','2025-07-28 16:20:25','2025-07-30 11:49:55',NULL,'a'),(89,276,31,'2025-08-05 08:31:49','2025-08-12 08:32:04','2025-07-29 08:09:30','2025-08-12 08:32:04',NULL,NULL),(90,275,31,'2025-08-05 08:31:56','2025-08-12 08:32:04','2025-07-29 08:09:41','2025-08-12 08:32:04',NULL,NULL),(91,285,31,'2025-08-05 08:31:52','2025-08-12 08:32:04','2025-07-29 08:10:16','2025-08-12 08:32:04',NULL,NULL),(92,286,21,'2025-07-29 09:57:35','2025-07-30 11:49:58','2025-07-29 09:57:35','2025-07-30 11:49:58',NULL,'a'),(93,287,21,'2025-07-29 10:10:48',NULL,'2025-07-29 10:10:48','2025-07-29 10:10:48',NULL,NULL),(94,288,24,'2025-08-01 09:51:20','2025-08-01 10:22:34','2025-07-29 13:18:52','2025-08-01 10:22:34',NULL,'salah ambil data trash ( pic bukan dari atas nama num )'),(95,289,23,'2025-07-29 16:09:48',NULL,'2025-07-29 16:09:48','2025-07-29 16:09:48',NULL,NULL),(96,290,23,'2025-07-29 16:13:19',NULL,'2025-07-29 16:13:19','2025-07-29 16:13:19',NULL,NULL),(97,291,23,'2025-07-29 16:15:42',NULL,'2025-07-29 16:15:42','2025-07-29 16:15:42',NULL,NULL),(98,292,24,'2025-08-01 09:49:30','2025-08-08 09:50:04','2025-07-30 07:27:32','2025-08-08 09:50:04',NULL,'salah input keterangan data hasil visit , alasan dihapus karna , keterangan data tidak dapat diedit'),(99,293,24,'2025-07-30 07:27:32','2025-08-06 07:28:03','2025-07-30 07:27:32','2025-08-06 07:28:03',NULL,NULL),(100,294,24,'2025-07-30 07:34:15','2025-08-06 07:35:03','2025-07-30 07:34:15','2025-08-06 07:35:03',NULL,NULL),(101,295,21,'2025-07-30 10:24:16',NULL,'2025-07-30 10:24:16','2025-07-30 10:24:16',NULL,NULL),(102,296,23,'2025-07-30 10:56:30',NULL,'2025-07-30 10:56:30','2025-07-30 10:56:30',NULL,NULL),(103,297,24,'2025-07-30 13:41:48','2025-08-06 13:42:03','2025-07-30 13:41:48','2025-08-06 13:42:03',NULL,NULL),(104,298,22,'2025-07-30 15:14:59',NULL,'2025-07-30 15:14:59','2025-07-30 15:14:59',NULL,NULL),(105,299,22,'2025-07-31 09:31:04','2025-08-07 09:31:04','2025-07-31 09:31:04','2025-08-07 09:31:04',NULL,NULL),(106,300,22,'2025-07-31 09:34:35','2025-08-07 09:35:04','2025-07-31 09:34:35','2025-08-07 09:35:04',NULL,NULL),(107,301,22,'2025-07-31 09:37:53','2025-08-07 09:38:03','2025-07-31 09:37:53','2025-08-07 09:38:03',NULL,NULL),(108,302,22,'2025-07-31 09:44:48','2025-08-07 09:45:03','2025-07-31 09:44:48','2025-08-07 09:45:03',NULL,NULL),(109,303,22,'2025-07-31 09:49:16','2025-08-07 09:50:04','2025-07-31 09:49:16','2025-08-07 09:50:04',NULL,NULL),(110,304,23,'2025-07-31 09:51:26',NULL,'2025-07-31 09:51:26','2025-07-31 09:51:26',NULL,NULL),(111,305,22,'2025-07-31 09:53:39','2025-08-07 09:54:04','2025-07-31 09:53:39','2025-08-07 09:54:04',NULL,NULL),(112,306,22,'2025-07-31 09:56:10','2025-08-07 09:57:03','2025-07-31 09:56:10','2025-08-07 09:57:03',NULL,NULL),(113,307,22,'2025-07-31 09:59:34','2025-08-07 10:00:04','2025-07-31 09:59:34','2025-08-07 10:00:04',NULL,NULL),(114,308,22,'2025-07-31 10:03:53','2025-08-07 10:04:03','2025-07-31 10:03:53','2025-08-07 10:04:03',NULL,NULL),(115,309,22,'2025-07-31 10:09:41','2025-08-07 10:10:04','2025-07-31 10:09:41','2025-08-07 10:10:04',NULL,NULL),(116,310,22,'2025-07-31 10:11:48','2025-08-07 10:12:03','2025-07-31 10:11:48','2025-08-07 10:12:03',NULL,NULL),(117,311,22,'2025-07-31 10:14:07','2025-08-07 10:15:04','2025-07-31 10:14:07','2025-08-07 10:15:04',NULL,NULL),(118,312,22,'2025-07-31 10:33:07','2025-08-07 10:34:03','2025-07-31 10:33:07','2025-08-07 10:34:03',NULL,NULL),(119,313,22,'2025-07-31 10:40:38','2025-08-07 10:41:03','2025-07-31 10:40:38','2025-08-07 10:41:03',NULL,NULL),(120,314,23,'2025-07-31 10:49:09','2025-08-07 10:50:03','2025-07-31 10:49:09','2025-08-07 10:50:03',NULL,NULL),(121,315,23,'2025-07-31 10:51:04','2025-08-07 10:52:03','2025-07-31 10:51:04','2025-08-07 10:52:03',NULL,NULL),(122,316,23,'2025-07-31 10:52:34','2025-08-07 10:53:03','2025-07-31 10:52:34','2025-08-07 10:53:03',NULL,NULL),(123,317,23,'2025-07-31 10:54:09','2025-08-07 10:55:04','2025-07-31 10:54:09','2025-08-07 10:55:04',NULL,NULL),(124,318,23,'2025-07-31 10:55:32','2025-08-07 10:56:03','2025-07-31 10:55:32','2025-08-07 10:56:03',NULL,NULL),(125,319,23,'2025-08-08 10:03:03',NULL,'2025-07-31 11:01:04','2025-08-08 10:03:03',NULL,NULL),(126,320,23,'2025-08-08 10:02:56',NULL,'2025-07-31 11:02:36','2025-08-08 10:02:56',NULL,NULL),(127,321,23,'2025-07-31 11:05:25','2025-08-07 11:06:03','2025-07-31 11:05:25','2025-08-07 11:06:03',NULL,NULL),(128,322,24,'2025-07-31 11:39:23','2025-08-07 11:40:04','2025-07-31 11:39:23','2025-08-07 11:40:04',NULL,NULL),(129,323,23,'2025-08-08 10:01:49',NULL,'2025-07-31 11:53:02','2025-08-08 10:01:49',NULL,NULL),(130,324,36,'2025-08-01 09:49:32','2025-08-01 13:45:55','2025-08-01 09:49:32','2025-08-01 13:45:55',NULL,'tester'),(131,325,22,'2025-08-01 13:27:05','2025-08-08 13:28:03','2025-08-01 13:27:05','2025-08-08 13:28:03',NULL,NULL),(132,326,24,'2025-08-01 14:55:18','2025-08-08 14:56:03','2025-08-01 14:55:18','2025-08-08 14:56:03',NULL,NULL),(133,327,24,'2025-08-04 10:09:29','2025-08-11 10:10:03','2025-08-04 10:09:29','2025-08-11 10:10:03',NULL,NULL),(134,329,23,'2025-08-04 10:09:55','2025-08-11 10:10:03','2025-08-04 10:09:55','2025-08-11 10:10:03',NULL,NULL),(135,328,22,'2025-08-04 10:11:23','2025-08-11 10:12:03','2025-08-04 10:11:23','2025-08-11 10:12:03',NULL,NULL),(136,331,20,'2025-08-04 10:13:17','2025-08-11 10:14:03','2025-08-04 10:13:17','2025-08-11 10:14:03',NULL,NULL),(137,330,24,'2025-08-04 10:45:34','2025-08-11 10:46:03','2025-08-04 10:45:34','2025-08-11 10:46:03',NULL,NULL),(138,333,30,'2025-08-04 16:23:27','2025-08-11 16:24:03','2025-08-04 16:23:27','2025-08-11 16:24:03',NULL,NULL),(139,332,28,'2025-08-05 07:48:42','2025-08-12 07:49:04','2025-08-05 07:48:42','2025-08-12 07:49:04',NULL,NULL),(140,334,36,'2025-08-05 10:57:27',NULL,'2025-08-05 10:57:27','2025-08-05 10:57:27',NULL,NULL),(141,336,28,'2025-08-06 09:50:48',NULL,'2025-08-06 09:50:48','2025-08-06 09:50:48',NULL,NULL),(142,337,24,'2025-08-06 13:36:40',NULL,'2025-08-06 13:36:40','2025-08-06 13:36:40',NULL,NULL),(143,338,23,'2025-08-06 13:43:16',NULL,'2025-08-06 13:43:16','2025-08-06 13:43:16',NULL,NULL),(144,339,22,'2025-08-06 15:36:31',NULL,'2025-08-06 15:36:31','2025-08-06 15:36:31',NULL,NULL),(145,340,20,'2025-08-08 09:48:50',NULL,'2025-08-08 09:48:50','2025-08-08 09:48:50',NULL,NULL),(146,342,31,'2025-08-08 09:55:44',NULL,'2025-08-08 09:55:44','2025-08-08 09:55:44',NULL,NULL),(147,343,20,'2025-08-08 10:30:33',NULL,'2025-08-08 10:30:33','2025-08-08 10:30:33',NULL,NULL),(148,341,24,'2025-08-08 11:29:48',NULL,'2025-08-08 11:29:48','2025-08-08 11:29:48',NULL,NULL),(149,344,23,'2025-08-08 13:45:58',NULL,'2025-08-08 13:45:58','2025-08-08 13:45:58',NULL,NULL),(150,335,36,'2025-08-09 12:25:34',NULL,'2025-08-09 12:25:34','2025-08-09 12:25:34',NULL,NULL),(151,345,22,'2025-08-11 11:30:29',NULL,'2025-08-11 11:30:29','2025-08-11 11:30:29',NULL,NULL),(152,346,37,'2025-08-11 12:21:58',NULL,'2025-08-11 12:21:58','2025-08-11 12:21:58',NULL,NULL),(153,347,28,'2025-08-11 13:30:47',NULL,'2025-08-11 13:30:47','2025-08-11 13:30:47',NULL,NULL),(154,348,20,'2025-08-11 14:58:57',NULL,'2025-08-11 14:58:57','2025-08-11 14:58:57',NULL,NULL),(155,349,20,'2025-08-11 14:59:03',NULL,'2025-08-11 14:59:03','2025-08-11 14:59:03',NULL,NULL),(156,350,20,'2025-08-11 14:59:08',NULL,'2025-08-11 14:59:08','2025-08-11 14:59:08',NULL,NULL),(157,351,20,'2025-08-11 14:59:14',NULL,'2025-08-11 14:59:14','2025-08-11 14:59:14',NULL,NULL),(158,353,20,'2025-08-11 14:59:19',NULL,'2025-08-11 14:59:19','2025-08-11 14:59:19',NULL,NULL),(159,355,20,'2025-08-11 14:59:24',NULL,'2025-08-11 14:59:24','2025-08-11 14:59:24',NULL,NULL),(160,363,20,'2025-08-11 14:59:34',NULL,'2025-08-11 14:59:34','2025-08-11 14:59:34',NULL,NULL),(161,362,20,'2025-08-11 14:59:40',NULL,'2025-08-11 14:59:40','2025-08-11 14:59:40',NULL,NULL),(162,361,20,'2025-08-11 14:59:45',NULL,'2025-08-11 14:59:45','2025-08-11 14:59:45',NULL,NULL),(163,360,20,'2025-08-11 14:59:51',NULL,'2025-08-11 14:59:51','2025-08-11 14:59:51',NULL,NULL),(164,359,20,'2025-08-11 14:59:57',NULL,'2025-08-11 14:59:57','2025-08-11 14:59:57',NULL,NULL),(165,358,20,'2025-08-11 15:00:02',NULL,'2025-08-11 15:00:02','2025-08-11 15:00:02',NULL,NULL),(166,357,20,'2025-08-11 15:00:07',NULL,'2025-08-11 15:00:07','2025-08-11 15:00:07',NULL,NULL),(167,356,20,'2025-08-11 15:00:22',NULL,'2025-08-11 15:00:22','2025-08-11 15:00:22',NULL,NULL),(168,365,20,'2025-08-11 15:00:40',NULL,'2025-08-11 15:00:40','2025-08-11 15:00:40',NULL,NULL),(169,438,20,'2025-08-11 15:00:49',NULL,'2025-08-11 15:00:49','2025-08-11 15:00:49',NULL,NULL),(170,437,20,'2025-08-11 15:00:55',NULL,'2025-08-11 15:00:55','2025-08-11 15:00:55',NULL,NULL),(171,436,20,'2025-08-11 15:01:00',NULL,'2025-08-11 15:01:00','2025-08-11 15:01:00',NULL,NULL),(172,435,20,'2025-08-11 15:01:07',NULL,'2025-08-11 15:01:07','2025-08-11 15:01:07',NULL,NULL),(173,434,20,'2025-08-11 15:01:10',NULL,'2025-08-11 15:01:10','2025-08-11 15:01:10',NULL,NULL),(174,433,20,'2025-08-11 15:01:13',NULL,'2025-08-11 15:01:13','2025-08-11 15:01:13',NULL,NULL),(175,432,20,'2025-08-11 15:01:18',NULL,'2025-08-11 15:01:18','2025-08-11 15:01:18',NULL,NULL),(176,366,20,'2025-08-11 15:02:09',NULL,'2025-08-11 15:02:09','2025-08-11 15:02:09',NULL,NULL),(177,423,28,'2025-08-11 15:02:31',NULL,'2025-08-11 15:02:31','2025-08-11 15:02:31',NULL,NULL),(178,354,37,'2025-08-11 15:02:32',NULL,'2025-08-11 15:02:32','2025-08-11 15:02:32',NULL,NULL),(179,393,28,'2025-08-11 15:02:35',NULL,'2025-08-11 15:02:35','2025-08-11 15:02:35',NULL,NULL),(180,371,37,'2025-08-11 15:02:39',NULL,'2025-08-11 15:02:39','2025-08-11 15:02:39',NULL,NULL),(181,447,22,'2025-08-11 15:03:28',NULL,'2025-08-11 15:03:28','2025-08-11 15:03:28',NULL,NULL),(182,446,22,'2025-08-11 15:03:32',NULL,'2025-08-11 15:03:32','2025-08-11 15:03:32',NULL,NULL),(183,445,22,'2025-08-11 15:03:36',NULL,'2025-08-11 15:03:36','2025-08-11 15:03:36',NULL,NULL),(184,444,22,'2025-08-11 15:03:40',NULL,'2025-08-11 15:03:40','2025-08-11 15:03:40',NULL,NULL),(185,443,22,'2025-08-11 15:03:44',NULL,'2025-08-11 15:03:44','2025-08-11 15:03:44',NULL,NULL),(186,442,22,'2025-08-11 15:03:48',NULL,'2025-08-11 15:03:48','2025-08-11 15:03:48',NULL,NULL),(187,441,22,'2025-08-11 15:03:52',NULL,'2025-08-11 15:03:52','2025-08-11 15:03:52',NULL,NULL),(188,440,22,'2025-08-11 15:03:56',NULL,'2025-08-11 15:03:56','2025-08-11 15:03:56',NULL,NULL),(189,439,22,'2025-08-11 15:03:59',NULL,'2025-08-11 15:03:59','2025-08-11 15:03:59',NULL,NULL),(190,431,22,'2025-08-11 15:04:03',NULL,'2025-08-11 15:04:03','2025-08-11 15:04:03',NULL,NULL),(191,430,22,'2025-08-11 15:04:06',NULL,'2025-08-11 15:04:06','2025-08-11 15:04:06',NULL,NULL),(192,429,22,'2025-08-11 15:04:10',NULL,'2025-08-11 15:04:10','2025-08-11 15:04:10',NULL,NULL),(193,428,22,'2025-08-11 15:04:14',NULL,'2025-08-11 15:04:14','2025-08-11 15:04:14',NULL,NULL),(194,427,22,'2025-08-11 15:04:18',NULL,'2025-08-11 15:04:18','2025-08-11 15:04:18',NULL,NULL),(195,426,22,'2025-08-11 15:04:22',NULL,'2025-08-11 15:04:22','2025-08-11 15:04:22',NULL,NULL),(196,425,22,'2025-08-11 15:04:26',NULL,'2025-08-11 15:04:26','2025-08-11 15:04:26',NULL,NULL),(197,424,22,'2025-08-11 15:04:29',NULL,'2025-08-11 15:04:29','2025-08-11 15:04:29',NULL,NULL),(198,422,22,'2025-08-11 15:04:33',NULL,'2025-08-11 15:04:33','2025-08-11 15:04:33',NULL,NULL),(199,421,22,'2025-08-11 15:04:38',NULL,'2025-08-11 15:04:38','2025-08-11 15:04:38',NULL,NULL),(200,420,22,'2025-08-11 15:04:41',NULL,'2025-08-11 15:04:41','2025-08-11 15:04:41',NULL,NULL),(201,419,22,'2025-08-11 15:04:46',NULL,'2025-08-11 15:04:46','2025-08-11 15:04:46',NULL,NULL),(202,418,22,'2025-08-11 15:04:51',NULL,'2025-08-11 15:04:51','2025-08-11 15:04:51',NULL,NULL),(203,417,22,'2025-08-11 15:04:55',NULL,'2025-08-11 15:04:55','2025-08-11 15:04:55',NULL,NULL),(204,416,23,'2025-08-11 15:05:16',NULL,'2025-08-11 15:05:16','2025-08-11 15:05:16',NULL,NULL),(205,415,23,'2025-08-11 15:05:20',NULL,'2025-08-11 15:05:20','2025-08-11 15:05:20',NULL,NULL),(206,414,23,'2025-08-11 15:05:24',NULL,'2025-08-11 15:05:24','2025-08-11 15:05:24',NULL,NULL),(207,413,23,'2025-08-11 15:05:54',NULL,'2025-08-11 15:05:54','2025-08-11 15:05:54',NULL,NULL),(208,412,23,'2025-08-11 15:05:58',NULL,'2025-08-11 15:05:58','2025-08-11 15:05:58',NULL,NULL),(209,411,23,'2025-08-11 15:06:02',NULL,'2025-08-11 15:06:02','2025-08-11 15:06:02',NULL,NULL),(210,410,23,'2025-08-11 15:06:07',NULL,'2025-08-11 15:06:07','2025-08-11 15:06:07',NULL,NULL),(211,409,23,'2025-08-11 15:06:24',NULL,'2025-08-11 15:06:24','2025-08-11 15:06:24',NULL,NULL),(212,408,23,'2025-08-11 15:06:28',NULL,'2025-08-11 15:06:28','2025-08-11 15:06:28',NULL,NULL),(213,407,23,'2025-08-11 15:06:32',NULL,'2025-08-11 15:06:32','2025-08-11 15:06:32',NULL,NULL),(214,406,23,'2025-08-11 15:06:36',NULL,'2025-08-11 15:06:36','2025-08-11 15:06:36',NULL,NULL),(215,405,23,'2025-08-11 15:07:05',NULL,'2025-08-11 15:07:05','2025-08-11 15:07:05',NULL,NULL),(216,404,23,'2025-08-11 15:07:10',NULL,'2025-08-11 15:07:10','2025-08-11 15:07:10',NULL,NULL),(217,403,23,'2025-08-11 15:07:14',NULL,'2025-08-11 15:07:14','2025-08-11 15:07:14',NULL,NULL),(218,402,23,'2025-08-11 15:07:17',NULL,'2025-08-11 15:07:17','2025-08-11 15:07:17',NULL,NULL),(219,401,23,'2025-08-11 15:07:21',NULL,'2025-08-11 15:07:21','2025-08-11 15:07:21',NULL,NULL),(220,400,23,'2025-08-11 15:07:26',NULL,'2025-08-11 15:07:26','2025-08-11 15:07:26',NULL,NULL),(221,399,23,'2025-08-11 15:07:30',NULL,'2025-08-11 15:07:30','2025-08-11 15:07:30',NULL,NULL),(222,398,23,'2025-08-11 15:07:34',NULL,'2025-08-11 15:07:34','2025-08-11 15:07:34',NULL,NULL),(223,397,23,'2025-08-11 15:07:38',NULL,'2025-08-11 15:07:38','2025-08-11 15:07:38',NULL,NULL),(224,396,23,'2025-08-11 15:07:42',NULL,'2025-08-11 15:07:42','2025-08-11 15:07:42',NULL,NULL),(225,395,23,'2025-08-11 15:07:45',NULL,'2025-08-11 15:07:45','2025-08-11 15:07:45',NULL,NULL),(226,394,23,'2025-08-11 15:07:50',NULL,'2025-08-11 15:07:50','2025-08-11 15:07:50',NULL,NULL),(227,367,26,'2025-08-11 15:08:46',NULL,'2025-08-11 15:08:46','2025-08-11 15:08:46',NULL,NULL),(228,368,26,'2025-08-11 15:08:51',NULL,'2025-08-11 15:08:51','2025-08-11 15:08:51',NULL,NULL),(229,392,26,'2025-08-11 15:08:57',NULL,'2025-08-11 15:08:57','2025-08-11 15:08:57',NULL,NULL),(230,391,26,'2025-08-11 15:09:00',NULL,'2025-08-11 15:09:00','2025-08-11 15:09:00',NULL,NULL),(231,390,26,'2025-08-11 15:09:02',NULL,'2025-08-11 15:09:02','2025-08-11 15:09:02',NULL,NULL),(232,389,26,'2025-08-11 15:09:05',NULL,'2025-08-11 15:09:05','2025-08-11 15:09:05',NULL,NULL),(233,388,26,'2025-08-11 15:09:07',NULL,'2025-08-11 15:09:07','2025-08-11 15:09:07',NULL,NULL),(234,387,26,'2025-08-11 15:09:10',NULL,'2025-08-11 15:09:10','2025-08-11 15:09:10',NULL,NULL),(235,386,26,'2025-08-11 15:09:14',NULL,'2025-08-11 15:09:14','2025-08-11 15:09:14',NULL,NULL),(236,385,26,'2025-08-11 15:09:17',NULL,'2025-08-11 15:09:17','2025-08-11 15:09:17',NULL,NULL),(237,384,26,'2025-08-11 15:09:20',NULL,'2025-08-11 15:09:20','2025-08-11 15:09:20',NULL,NULL),(238,383,26,'2025-08-11 15:09:24',NULL,'2025-08-11 15:09:24','2025-08-11 15:09:24',NULL,NULL),(239,382,26,'2025-08-11 15:09:26',NULL,'2025-08-11 15:09:26','2025-08-11 15:09:26',NULL,NULL),(240,381,26,'2025-08-11 15:09:29',NULL,'2025-08-11 15:09:29','2025-08-11 15:09:29',NULL,NULL),(241,380,26,'2025-08-11 15:09:32',NULL,'2025-08-11 15:09:32','2025-08-11 15:09:32',NULL,NULL),(242,379,26,'2025-08-11 15:09:35',NULL,'2025-08-11 15:09:35','2025-08-11 15:09:35',NULL,NULL),(243,378,26,'2025-08-11 15:09:39',NULL,'2025-08-11 15:09:39','2025-08-11 15:09:39',NULL,NULL),(244,377,26,'2025-08-11 15:09:42',NULL,'2025-08-11 15:09:42','2025-08-11 15:09:42',NULL,NULL),(245,376,26,'2025-08-11 15:09:44',NULL,'2025-08-11 15:09:44','2025-08-11 15:09:44',NULL,NULL),(246,375,26,'2025-08-11 15:09:46',NULL,'2025-08-11 15:09:46','2025-08-11 15:09:46',NULL,NULL),(247,374,26,'2025-08-11 15:09:50',NULL,'2025-08-11 15:09:50','2025-08-11 15:09:50',NULL,NULL),(248,373,26,'2025-08-11 15:09:53',NULL,'2025-08-11 15:09:53','2025-08-11 15:09:53',NULL,NULL),(249,370,23,'2025-08-11 15:10:09',NULL,'2025-08-11 15:10:09','2025-08-11 15:10:09',NULL,NULL),(250,369,20,'2025-08-11 15:16:26',NULL,'2025-08-11 15:16:26','2025-08-11 15:16:26',NULL,NULL),(251,372,22,'2025-08-11 15:16:32',NULL,'2025-08-11 15:16:32','2025-08-11 15:16:32',NULL,NULL),(252,448,37,'2025-08-12 07:47:18',NULL,'2025-08-12 07:47:18','2025-08-12 07:47:18',NULL,NULL),(253,449,20,'2025-08-12 08:49:31',NULL,'2025-08-12 08:49:31','2025-08-12 08:49:31',NULL,NULL),(254,364,31,'2025-08-12 09:34:49',NULL,'2025-08-12 09:34:49','2025-08-12 09:34:49',NULL,NULL),(255,352,30,'2025-08-12 10:00:54',NULL,'2025-08-12 10:00:54','2025-08-12 10:00:54',NULL,NULL),(256,450,31,'2025-08-12 14:26:00',NULL,'2025-08-12 14:26:00','2025-08-12 14:26:00',NULL,NULL);
/*!40000 ALTER TABLE `lead_claims` ENABLE KEYS */;
UNLOCK TABLES;

--
-- Table structure for table `lead_meeting_reschedules`
--

DROP TABLE IF EXISTS `lead_meeting_reschedules`;
/*!40101 SET @saved_cs_client     = @@character_set_client */;
/*!50503 SET character_set_client = utf8mb4 */;
CREATE TABLE `lead_meeting_reschedules` (
  `id` bigint unsigned NOT NULL AUTO_INCREMENT,
  `meeting_id` bigint unsigned NOT NULL,
  `old_scheduled_start_at` timestamp NULL DEFAULT NULL,
  `old_scheduled_end_at` timestamp NULL DEFAULT NULL,
  `old_online_url` varchar(255) COLLATE utf8mb4_unicode_ci DEFAULT NULL,
  `new_online_url` varchar(255) COLLATE utf8mb4_unicode_ci DEFAULT NULL,
  `new_scheduled_start_at` timestamp NULL DEFAULT NULL,
  `new_scheduled_end_at` timestamp NULL DEFAULT NULL,
  `old_location` varchar(255) COLLATE utf8mb4_unicode_ci DEFAULT NULL,
  `new_location` varchar(255) COLLATE utf8mb4_unicode_ci DEFAULT NULL,
  `reason` varchar(255) COLLATE utf8mb4_unicode_ci DEFAULT NULL,
  `rescheduled_by` bigint unsigned NOT NULL,
  `rescheduled_at` timestamp NULL DEFAULT NULL,
  `created_at` timestamp NULL DEFAULT NULL,
  `updated_at` timestamp NULL DEFAULT NULL,
  `deleted_at` timestamp NULL DEFAULT NULL,
  PRIMARY KEY (`id`),
  KEY `lead_meeting_reschedules_meeting_id_foreign` (`meeting_id`),
  KEY `lead_meeting_reschedules_rescheduled_by_foreign` (`rescheduled_by`),
  CONSTRAINT `lead_meeting_reschedules_meeting_id_foreign` FOREIGN KEY (`meeting_id`) REFERENCES `lead_meetings` (`id`) ON DELETE RESTRICT ON UPDATE RESTRICT,
  CONSTRAINT `lead_meeting_reschedules_rescheduled_by_foreign` FOREIGN KEY (`rescheduled_by`) REFERENCES `users` (`id`) ON DELETE RESTRICT ON UPDATE RESTRICT
) ENGINE=InnoDB AUTO_INCREMENT=5 DEFAULT CHARSET=utf8mb4 COLLATE=utf8mb4_unicode_ci;
/*!40101 SET character_set_client = @saved_cs_client */;

--
-- Dumping data for table `lead_meeting_reschedules`
--

LOCK TABLES `lead_meeting_reschedules` WRITE;
/*!40000 ALTER TABLE `lead_meeting_reschedules` DISABLE KEYS */;
INSERT INTO `lead_meeting_reschedules` VALUES (1,17,'2025-07-29 09:59:00','2025-07-29 10:01:00',NULL,NULL,'2025-07-29 10:00:00','2025-07-29 10:01:00','','','customer rrequest',21,'2025-07-29 10:01:04','2025-07-29 10:01:04','2025-07-29 10:01:04',NULL),(2,18,'2025-07-29 10:12:00','2025-07-29 10:13:00',NULL,NULL,'2025-07-29 10:12:00','2025-07-29 10:14:00','','','customer berhalangan',21,'2025-07-29 10:13:17','2025-07-29 10:13:17','2025-07-29 10:13:17',NULL),(3,21,'2025-07-30 10:47:00','2025-07-30 10:48:00',NULL,NULL,'2025-07-30 10:59:00','2025-07-30 11:49:00','Kabupaten Aceh Barat qcluvrwv','Kota Administrasi Jakarta Pusat qcluvrwv','Meeting ke 2 kembali',21,'2025-07-30 10:59:17','2025-07-30 10:59:17','2025-07-30 10:59:17',NULL),(4,21,'2025-07-30 10:59:00','2025-07-30 11:49:00',NULL,NULL,'2025-07-30 11:03:00','2025-07-30 11:05:00','Kota Administrasi Jakarta Pusat qcluvrwv','Kota Administrasi Jakarta Pusat qcluvrwv','ka;oihv',21,'2025-07-30 11:04:58','2025-07-30 11:04:58','2025-07-30 11:04:58',NULL);
/*!40000 ALTER TABLE `lead_meeting_reschedules` ENABLE KEYS */;
UNLOCK TABLES;

--
-- Table structure for table `lead_meetings`
--

DROP TABLE IF EXISTS `lead_meetings`;
/*!40101 SET @saved_cs_client     = @@character_set_client */;
/*!50503 SET character_set_client = utf8mb4 */;
CREATE TABLE `lead_meetings` (
  `id` bigint unsigned NOT NULL AUTO_INCREMENT,
  `lead_id` bigint unsigned NOT NULL,
  `meeting_type_id` bigint unsigned DEFAULT NULL,
  `is_online` tinyint(1) DEFAULT NULL,
  `online_url` varchar(255) COLLATE utf8mb4_unicode_ci DEFAULT NULL,
  `scheduled_start_at` timestamp NULL DEFAULT NULL,
  `scheduled_end_at` timestamp NULL DEFAULT NULL,
  `city` varchar(255) COLLATE utf8mb4_unicode_ci DEFAULT NULL,
  `address` varchar(255) COLLATE utf8mb4_unicode_ci DEFAULT NULL,
  `result` enum('yes','no','expired','waiting') COLLATE utf8mb4_unicode_ci DEFAULT NULL,
  `summary` text COLLATE utf8mb4_unicode_ci,
  `attachment_id` bigint unsigned DEFAULT NULL,
  `created_at` timestamp NULL DEFAULT NULL,
  `updated_at` timestamp NULL DEFAULT NULL,
  `deleted_at` timestamp NULL DEFAULT NULL,
  PRIMARY KEY (`id`),
  KEY `lead_meetings_lead_id_foreign` (`lead_id`),
  KEY `lead_meetings_attachment_id_foreign` (`attachment_id`),
  KEY `lead_meetings_meeting_type_id_foreign` (`meeting_type_id`),
  CONSTRAINT `lead_meetings_attachment_id_foreign` FOREIGN KEY (`attachment_id`) REFERENCES `attachments` (`id`) ON DELETE RESTRICT ON UPDATE RESTRICT,
  CONSTRAINT `lead_meetings_lead_id_foreign` FOREIGN KEY (`lead_id`) REFERENCES `leads` (`id`) ON DELETE RESTRICT ON UPDATE RESTRICT,
  CONSTRAINT `lead_meetings_meeting_type_id_foreign` FOREIGN KEY (`meeting_type_id`) REFERENCES `meeting_types` (`id`) ON DELETE SET NULL
) ENGINE=InnoDB AUTO_INCREMENT=36 DEFAULT CHARSET=utf8mb4 COLLATE=utf8mb4_unicode_ci;
/*!40101 SET character_set_client = @saved_cs_client */;

--
-- Dumping data for table `lead_meetings`
--

LOCK TABLES `lead_meetings` WRITE;
/*!40000 ALTER TABLE `lead_meetings` DISABLE KEYS */;
INSERT INTO `lead_meetings` VALUES (1,101,NULL,0,NULL,'2025-07-13 23:01:33','2025-07-14 00:01:33','Kabupaten Banjarnegara','49211 Streich Lane','yes','Dignissimos quibusdam quia dolores nisi unde quasi.',7,'2025-07-12 23:01:33','2025-07-12 23:01:33',NULL),(2,102,NULL,0,NULL,'2025-07-14 23:01:33','2025-07-15 00:01:33','Kabupaten Sintang','125 Cleve Roads','yes','Error corporis minus dignissimos qui et deleniti.',8,'2025-07-12 23:01:33','2025-07-12 23:01:33',NULL),(3,103,NULL,0,NULL,'2025-07-15 23:01:33','2025-07-16 00:01:33','Kabupaten Wonogiri','9537 Kaleb Mountain Apt. 705','yes','Eveniet qui ab omnis ad ratione est at.',9,'2025-07-12 23:01:33','2025-07-12 23:01:33',NULL),(4,101,NULL,0,NULL,'2025-07-13 23:01:34','2025-07-14 00:01:34','Kota Langsa','7826 Elian Plaza Apt. 851','yes','Itaque culpa est ad ut.',10,'2025-07-12 23:01:34','2025-07-12 23:01:34',NULL),(5,102,NULL,0,NULL,'2025-07-14 23:01:34','2025-07-15 00:01:34','Kabupaten Tapin','787 Rowe Road','yes','Commodi quae voluptas aliquam omnis recusandae quo.',11,'2025-07-12 23:01:34','2025-07-12 23:01:34',NULL),(6,103,NULL,0,NULL,'2025-07-15 23:01:34','2025-07-16 00:01:34','Kota Tangerang Selatan','22169 Gutkowski Junctions Suite 863','yes','Et quia quam aut.',12,'2025-07-12 23:01:34','2025-07-12 23:01:34',NULL),(7,9,NULL,0,NULL,'2025-07-12 23:01:34','2025-07-13 00:01:34','Jakarta','Jl. Example','expired',NULL,NULL,'2025-07-12 23:01:34','2025-08-12 00:02:03',NULL),(8,10,NULL,1,'https://us02web.zoom.us/j/83764366050?pwd=DBHGsLKTKJpqVkonUFmZ1tjnaenOJK.1','2025-07-14 18:49:00','2025-07-14 18:50:00',NULL,NULL,'yes','DCCJCJ',31,'2025-07-14 18:50:21','2025-07-14 18:50:51',NULL),(9,240,NULL,0,NULL,'2025-07-17 09:00:00','2025-07-17 10:00:00','Kota Administrasi Jakarta Pusat','Starbuck DT Hayam Wuruk Jl. Hayam Wuruk No.8, RT.6/RW.2, Kb. Klp., Kecamatan Gambir, Kota Jakarta Pusat, Daerah Khusus Ibukota Jakarta 10120',NULL,NULL,NULL,'2025-07-17 08:44:29','2025-07-17 08:44:29',NULL),(10,244,NULL,0,NULL,'2025-07-25 02:00:00','2025-07-25 04:00:00','Kota Administrasi Jakarta Pusat','Komplek, Harmoni Plaza, Jl. Suryopranoto No.17 Blok A, Petojo Utara, Kecamatan Gambir, Kota Jakarta Pusat, Daerah Khusus Ibukota Jakarta 10130',NULL,NULL,NULL,'2025-07-18 09:44:49','2025-07-18 09:44:49',NULL),(11,261,NULL,1,'https://us02web.zoom.us/j/83764366050?pwd=DBHGsLKTKJpqVkonUFmZ1tjnaenOJK.1','2025-07-22 09:54:00','2025-07-22 09:55:00',NULL,NULL,'yes','ʼ®¨¥ˀ´',32,'2025-07-22 09:53:46','2025-07-22 09:57:18',NULL),(12,251,NULL,1,'https://us04web.zoom.us/j/73454372214?pwd=eXf35AsiAjWgj5ATyFawoWT5uMmef4.1','2025-07-25 09:00:00','2025-07-25 09:30:00',NULL,NULL,'yes','sudah melakukan meeting dengan tim pak Effendi, saat ini owner akan memberikan deadline final di tgl 1 Agustus mendatang',68,'2025-07-25 08:27:18','2025-07-30 11:45:55',NULL),(13,272,NULL,1,'https://meet.google.com/txm-zkci-xqp','2025-07-25 21:15:00','2025-07-25 21:16:00',NULL,NULL,'yes','BURX GUQgfl c',45,'2025-07-25 21:15:49','2025-07-25 21:18:01',NULL),(14,281,1,1,'https://tes.com','2025-07-28 15:17:00','2025-07-28 15:18:00',NULL,NULL,NULL,NULL,NULL,'2025-07-28 15:17:03','2025-07-28 15:17:03',NULL),(15,258,1,1,'https://us04web.zoom.us/j/9271856331?pwd=TDZqTmc1aFJPbTR0bGJOTS9iUFlXQT09','2025-07-28 15:30:00','2025-07-28 16:00:00',NULL,NULL,NULL,NULL,NULL,'2025-07-28 15:25:37','2025-07-28 15:25:37',NULL),(16,273,4,1,NULL,'2025-07-28 16:23:00','2025-07-28 16:24:00',NULL,NULL,'yes','ABC hoaofuawofvgoawr',51,'2025-07-28 16:23:42','2025-07-28 16:25:13',NULL),(17,286,4,1,NULL,'2025-07-29 10:00:00','2025-07-29 10:01:00',NULL,NULL,'yes','interested',54,'2025-07-29 09:59:44','2025-07-29 10:01:46',NULL),(18,287,4,1,NULL,'2025-07-29 10:12:00','2025-07-29 10:14:00',NULL,NULL,'yes','why ?',55,'2025-07-29 10:12:46','2025-07-29 10:15:03',NULL),(19,274,4,1,NULL,'2025-07-29 13:22:00','2025-07-29 13:23:00',NULL,NULL,'yes','customer berminat',56,'2025-07-29 13:22:15','2025-07-29 13:24:58',NULL),(20,295,4,1,NULL,'2025-07-30 10:42:00','2025-07-30 10:43:00',NULL,NULL,NULL,NULL,NULL,'2025-07-30 10:42:41','2025-07-30 10:44:44','2025-07-30 10:44:44'),(21,295,2,0,NULL,'2025-07-30 11:03:00','2025-07-30 11:05:00','Kota Administrasi Jakarta Pusat','qcluvrwv','yes','ganteng',63,'2025-07-30 10:48:14','2025-07-30 11:17:34',NULL),(22,289,3,0,NULL,'2025-07-30 11:58:00','2025-07-30 13:00:00','Kabupaten Bandung','Kp Jl. Pasir Pogor, Malakasari, Kec. Baleendah, Kabupaten Bandung, Jawa Barat 40375',NULL,NULL,NULL,'2025-07-30 11:59:13','2025-07-30 11:59:13',NULL),(23,291,3,0,NULL,'2025-07-30 12:02:00','2025-07-30 13:00:00','Kota Bandung','Jl. Anggrek No.27, Merdeka, Kec. Sumur Bandung, Kota Bandung, Jawa Barat 40113',NULL,NULL,NULL,'2025-07-30 12:02:26','2025-07-30 12:02:26',NULL),(24,290,3,0,NULL,'2025-07-30 12:23:00','2025-07-30 13:23:00','Kota Cimahi','Jl. Jend. H. Amir Machmud No.325, Cigugur Tengah, Kec. Cimahi Tengah, Kota Cimahi, Jawa Barat 40522',NULL,NULL,NULL,'2025-07-30 12:23:32','2025-07-30 12:23:32',NULL),(25,298,2,0,NULL,'2025-07-30 15:20:00','2025-07-30 16:10:00','Kota Administrasi Jakarta Pusat','Komplek, Harmoni Plaza, Jl. Suryopranoto No.17 Blok A, Petojo Utara, Kecamatan Gambir, Kota Jakarta Pusat, Daerah Khusus Ibukota Jakarta 10130','waiting','Tanggal Meeting : 30 Juli 2025 (OFFLINE)\r\nJam Meeting       : 13.00 - 14.10 WIB \r\nPeserta                : 1. Bapak Rizal \r\n                               2. Istri Bapak Rizal \r\n                               3. Bapak Linggar (BM Daxtro)\r\n                               4. Aji (Business Consultant Daxtro)\r\n\r\nBackround : \r\n- Bapak Rizal tinggal di Majalengka, seorang wirauasaha dan mempunyai PT Sendiri yang bergerak di bidang telekomunikasi yaitu WIFI Bouznet. untuk WIFI nya sendiri masih sekala kecil, hanya di lingkungan majalengka saja dan bekerjasama dengan RT/RW setempat. \r\n- Bapak Rizal tertarik untuk mengembangkan lini bisnisnya dengan minat di industri es kristal. sehinggal pada tanggal 29 Juli Bapak Rizal Mengghubungi BC Aji melalui FB. dan tertarik dengan Paket Juragan ES kapasitas 3 Ton.\r\n- saat ini budget yang dimiliki oleh Bapak Rizal IDR200jt\r\n\r\nResult Meeting : \r\n1. harga PAKET JURAGAN ES TD30 IDR 469.500.000\r\n2. DP yang diberikan 30% dan ingin dengan skema kredit dari BANK ARTHAYA\r\n3. untuk perhitungan kredit dan persyaratan yang diperlukan sudah di infokan ke pak rizal dan istri \r\n4. sudah di infokan juga untuk TDP IDR 7jt namun belum bisa karena masih mau di pertimbangkan dulu dengan istri \r\n5. sangat teratrik dengan paket juragan es karena sudah include semua namun masiih akan mempertimbangkan / menghitung untuk DP dan pengurusan lain2\r\n6. akan di followup kembali awal agustus untuk melakukan TDP / DP',NULL,'2025-07-30 15:20:06','2025-07-31 09:01:41',NULL),(26,255,1,1,'https://us04web.zoom.us/j/74144615245?pwd=vQHrFfOClIFpFrfurwo2ElyIeTLIlc.1','2025-07-31 10:00:00','2025-07-31 11:00:00',NULL,NULL,NULL,NULL,NULL,'2025-07-31 09:31:41','2025-07-31 09:31:41',NULL),(27,296,1,1,'https://us02web.zoom.us/j/5431430716?omn=89260338738','2025-07-31 10:47:00','2025-07-31 11:47:00',NULL,NULL,NULL,NULL,NULL,'2025-07-31 10:47:22','2025-07-31 10:47:22',NULL),(28,277,1,1,'https://us04web.zoom.us/j/1234567890','2025-08-20 11:08:00','2025-08-22 11:08:00',NULL,NULL,NULL,NULL,NULL,'2025-07-31 11:08:48','2025-07-31 11:08:48',NULL),(29,266,1,1,'https://us04web.zoom.us/j/1234567890','2025-08-23 11:09:00','2025-08-25 11:09:00',NULL,NULL,NULL,NULL,NULL,'2025-07-31 11:09:55','2025-07-31 11:09:55',NULL),(30,225,1,1,'https://zoom.us/id/signin#/login','2025-07-31 11:12:00','2025-07-31 11:13:00',NULL,NULL,'waiting','Tanggal Meeting	: 16 Juli 2025 (Online WhatsApp)\r\nJam Meeting		: 09.30 - 10.00 WIB \r\nPeserta		:	1. Bapak Yayan \r\n 				2. Aji (Business Consultant Daxtro)\r\n\r\nBackround : \r\n- Bapak Yayan tinggal di Karawang, seorang wirauasaha dan mempunyai PT Sendiri yang bergerak di bidang Material Bangunan. Dan punya toko online DEN ALDO SHOP.\r\n- Bapak Yayan tertarik untuk mengembangkan lini bisnisnya dengan minat di industri es kristal. sehinggal pada tanggal 16 Juli Bapak Rizal Mengunjuhi website Daxtro. dan tertarik dengan Paket Juragan ES kapasitas 3 Ton.\r\n\r\nResult Meeting : \r\n1. harga PAKET JURAGAN ES TD30 IDR 490.000.000\r\n2. sudah di infokan untuk termin pembayaran. DP 50%, 40% dan 10%\r\n3. untuk lahan sudah ada\r\n4. sudah di infokan juga untuk TDP IDR 7jt namun belum bisa karena masih mau di pertimbangkan dulu \r\n5. sangat tertrik dengan paket juragan es karena sudah include semua namun masiih akan mempertimbangkan / menghitung untuk DP dan pengurusan lain2\r\n6. akan di followup kembali awal agustus untuk melakukan TDP / DP',NULL,'2025-07-31 11:14:12','2025-07-31 11:32:20',NULL),(31,324,4,1,NULL,'2025-08-01 09:53:00','2025-08-01 09:54:00',NULL,NULL,'yes','hj',79,'2025-08-01 09:53:21','2025-08-01 09:56:55',NULL),(32,304,4,1,NULL,'2025-08-01 11:10:00','2025-08-01 11:20:00',NULL,NULL,NULL,NULL,NULL,'2025-08-01 11:10:34','2025-08-01 11:10:34',NULL),(33,334,4,1,NULL,'2025-08-05 11:02:00','2025-08-05 11:03:00',NULL,NULL,'yes','CUSTOMERNYA ENAK KARENA KOMUNIKASINYA BAIK ETC',80,'2025-08-05 11:02:11','2025-08-05 11:04:04',NULL),(34,214,2,0,NULL,'2025-08-06 08:28:00','2025-08-06 09:30:00','Kota Surabaya','Kantor Inti Land Surabaya','yes','interesting with BD10 and Crusher',85,'2025-08-06 08:31:11','2025-08-06 11:36:47',NULL),(35,336,2,0,NULL,'2025-08-14 10:42:00','2025-08-14 10:43:00','Kota Administrasi Jakarta Pusat','Kantor Harmony',NULL,NULL,NULL,'2025-08-12 09:43:59','2025-08-12 09:43:59',NULL);
/*!40000 ALTER TABLE `lead_meetings` ENABLE KEYS */;
UNLOCK TABLES;

--
-- Table structure for table `lead_notes`
--

DROP TABLE IF EXISTS `lead_notes`;
/*!40101 SET @saved_cs_client     = @@character_set_client */;
/*!50503 SET character_set_client = utf8mb4 */;
CREATE TABLE `lead_notes` (
  `id` bigint unsigned NOT NULL AUTO_INCREMENT,
  `lead_id` bigint unsigned NOT NULL,
  `notes` text COLLATE utf8mb4_unicode_ci,
  `user_id` bigint unsigned NOT NULL,
  `created_at` timestamp NULL DEFAULT NULL,
  `updated_at` timestamp NULL DEFAULT NULL,
  `deleted_at` timestamp NULL DEFAULT NULL,
  PRIMARY KEY (`id`),
  KEY `lead_notes_lead_id_foreign` (`lead_id`),
  KEY `lead_notes_user_id_foreign` (`user_id`),
  CONSTRAINT `lead_notes_lead_id_foreign` FOREIGN KEY (`lead_id`) REFERENCES `leads` (`id`) ON DELETE RESTRICT ON UPDATE RESTRICT,
  CONSTRAINT `lead_notes_user_id_foreign` FOREIGN KEY (`user_id`) REFERENCES `users` (`id`) ON DELETE RESTRICT ON UPDATE RESTRICT
) ENGINE=InnoDB DEFAULT CHARSET=utf8mb4 COLLATE=utf8mb4_unicode_ci;
/*!40101 SET character_set_client = @saved_cs_client */;

--
-- Dumping data for table `lead_notes`
--

LOCK TABLES `lead_notes` WRITE;
/*!40000 ALTER TABLE `lead_notes` DISABLE KEYS */;
/*!40000 ALTER TABLE `lead_notes` ENABLE KEYS */;
UNLOCK TABLES;

--
-- Table structure for table `lead_pic_extensions`
--

DROP TABLE IF EXISTS `lead_pic_extensions`;
/*!40101 SET @saved_cs_client     = @@character_set_client */;
/*!50503 SET character_set_client = utf8mb4 */;
CREATE TABLE `lead_pic_extensions` (
  `id` bigint unsigned NOT NULL AUTO_INCREMENT,
  `lead_id` bigint unsigned NOT NULL,
  `nama` varchar(100) COLLATE utf8mb4_unicode_ci DEFAULT NULL,
  `jabatan_id` bigint unsigned DEFAULT NULL,
  `email` varchar(100) COLLATE utf8mb4_unicode_ci DEFAULT NULL,
  `phone` varchar(20) COLLATE utf8mb4_unicode_ci DEFAULT NULL,
  `title` varchar(10) COLLATE utf8mb4_unicode_ci DEFAULT NULL,
  `created_at` timestamp NULL DEFAULT NULL,
  `updated_at` timestamp NULL DEFAULT NULL,
  `deleted_at` timestamp NULL DEFAULT NULL,
  PRIMARY KEY (`id`),
  KEY `lead_pic_extensions_lead_id_foreign` (`lead_id`),
  KEY `lead_pic_extensions_jabatan_id_foreign` (`jabatan_id`),
  CONSTRAINT `lead_pic_extensions_jabatan_id_foreign` FOREIGN KEY (`jabatan_id`) REFERENCES `ref_jabatans` (`id`) ON DELETE RESTRICT ON UPDATE RESTRICT,
  CONSTRAINT `lead_pic_extensions_lead_id_foreign` FOREIGN KEY (`lead_id`) REFERENCES `leads` (`id`) ON DELETE RESTRICT ON UPDATE RESTRICT
) ENGINE=InnoDB AUTO_INCREMENT=2 DEFAULT CHARSET=utf8mb4 COLLATE=utf8mb4_unicode_ci;
/*!40101 SET character_set_client = @saved_cs_client */;

--
-- Dumping data for table `lead_pic_extensions`
--

LOCK TABLES `lead_pic_extensions` WRITE;
/*!40000 ALTER TABLE `lead_pic_extensions` DISABLE KEYS */;
INSERT INTO `lead_pic_extensions` VALUES (1,289,'Entang',5,'entang@gmail.coom','089628104735','Mr','2025-07-30 11:49:21','2025-07-30 11:49:21',NULL);
/*!40000 ALTER TABLE `lead_pic_extensions` ENABLE KEYS */;
UNLOCK TABLES;

--
-- Table structure for table `lead_segments`
--

DROP TABLE IF EXISTS `lead_segments`;
/*!40101 SET @saved_cs_client     = @@character_set_client */;
/*!50503 SET character_set_client = utf8mb4 */;
CREATE TABLE `lead_segments` (
  `id` bigint unsigned NOT NULL AUTO_INCREMENT,
  `name` varchar(100) COLLATE utf8mb4_unicode_ci DEFAULT NULL,
  PRIMARY KEY (`id`)
) ENGINE=InnoDB AUTO_INCREMENT=6 DEFAULT CHARSET=utf8mb4 COLLATE=utf8mb4_unicode_ci;
/*!40101 SET character_set_client = @saved_cs_client */;

--
-- Dumping data for table `lead_segments`
--

LOCK TABLES `lead_segments` WRITE;
/*!40000 ALTER TABLE `lead_segments` DISABLE KEYS */;
INSERT INTO `lead_segments` VALUES (1,'Corporate'),(2,'Government'),(3,'Personal'),(4,'FOB');
/*!40000 ALTER TABLE `lead_segments` ENABLE KEYS */;
UNLOCK TABLES;

--
-- Table structure for table `lead_sources`
--

DROP TABLE IF EXISTS `lead_sources`;
/*!40101 SET @saved_cs_client     = @@character_set_client */;
/*!50503 SET character_set_client = utf8mb4 */;
CREATE TABLE `lead_sources` (
  `id` bigint unsigned NOT NULL AUTO_INCREMENT,
  `name` varchar(100) COLLATE utf8mb4_unicode_ci DEFAULT NULL,
  PRIMARY KEY (`id`)
) ENGINE=InnoDB AUTO_INCREMENT=16 DEFAULT CHARSET=utf8mb4 COLLATE=utf8mb4_unicode_ci;
/*!40101 SET character_set_client = @saved_cs_client */;

--
-- Dumping data for table `lead_sources`
--

LOCK TABLES `lead_sources` WRITE;
/*!40000 ALTER TABLE `lead_sources` DISABLE KEYS */;
INSERT INTO `lead_sources` VALUES (1,'Ads Google'),(2,'Website'),(3,'Instagram'),(4,'Facebook'),(5,'Linked In'),(6,'Tik Tok'),(7,'Friends Recommendation'),(8,'Canvas'),(9,'Visit'),(10,'Expo'),(11,'Association'),(12,'Business Association'),(13,'Repeat Order'),(14,'Sales Independen'),(15,'Aftersales');
/*!40000 ALTER TABLE `lead_sources` ENABLE KEYS */;
UNLOCK TABLES;

--
-- Table structure for table `lead_status_logs`
--

DROP TABLE IF EXISTS `lead_status_logs`;
/*!40101 SET @saved_cs_client     = @@character_set_client */;
/*!50503 SET character_set_client = utf8mb4 */;
CREATE TABLE `lead_status_logs` (
  `id` bigint unsigned NOT NULL AUTO_INCREMENT,
  `lead_id` bigint unsigned NOT NULL,
  `status_id` bigint unsigned NOT NULL,
  `created_at` timestamp NULL DEFAULT NULL,
  `updated_at` timestamp NULL DEFAULT NULL,
  `deleted_at` timestamp NULL DEFAULT NULL,
  PRIMARY KEY (`id`),
  KEY `lead_status_logs_lead_id_foreign` (`lead_id`),
  KEY `lead_status_logs_status_id_foreign` (`status_id`),
  CONSTRAINT `lead_status_logs_lead_id_foreign` FOREIGN KEY (`lead_id`) REFERENCES `leads` (`id`) ON DELETE RESTRICT ON UPDATE RESTRICT,
  CONSTRAINT `lead_status_logs_status_id_foreign` FOREIGN KEY (`status_id`) REFERENCES `lead_statuses` (`id`) ON DELETE RESTRICT ON UPDATE RESTRICT
) ENGINE=InnoDB AUTO_INCREMENT=447 DEFAULT CHARSET=utf8mb4 COLLATE=utf8mb4_unicode_ci;
/*!40101 SET character_set_client = @saved_cs_client */;

--
-- Dumping data for table `lead_status_logs`
--

LOCK TABLES `lead_status_logs` WRITE;
/*!40000 ALTER TABLE `lead_status_logs` DISABLE KEYS */;
INSERT INTO `lead_status_logs` VALUES (1,7,2,'2025-07-13 08:09:14','2025-07-13 08:09:14',NULL),(2,5,2,'2025-07-13 08:09:17','2025-07-13 08:09:17',NULL),(3,3,2,'2025-07-13 08:09:20','2025-07-13 08:09:20',NULL),(4,2,2,'2025-07-13 08:09:24','2025-07-13 08:09:24',NULL),(5,213,2,'2025-07-14 15:26:19','2025-07-14 15:26:19',NULL),(6,216,2,'2025-07-14 16:19:35','2025-07-14 16:19:35',NULL),(7,10,2,'2025-07-14 18:49:30','2025-07-14 18:49:30',NULL),(8,10,3,'2025-07-14 18:50:51','2025-07-14 18:50:51',NULL),(9,205,6,'2025-07-14 23:08:03','2025-07-14 23:08:03',NULL),(10,206,6,'2025-07-14 23:08:03','2025-07-14 23:08:03',NULL),(11,207,6,'2025-07-14 23:08:04','2025-07-14 23:08:04',NULL),(12,208,6,'2025-07-14 23:08:04','2025-07-14 23:08:04',NULL),(13,209,6,'2025-07-14 23:08:04','2025-07-14 23:08:04',NULL),(14,7,6,'2025-07-15 08:10:04','2025-07-15 08:10:04',NULL),(15,5,6,'2025-07-15 08:10:04','2025-07-15 08:10:04',NULL),(16,3,6,'2025-07-15 08:10:04','2025-07-15 08:10:04',NULL),(17,2,6,'2025-07-15 08:10:04','2025-07-15 08:10:04',NULL),(18,219,2,'2025-07-15 08:43:34','2025-07-15 08:43:34',NULL),(19,217,2,'2025-07-15 09:34:12','2025-07-15 09:34:12',NULL),(20,215,2,'2025-07-15 09:34:52','2025-07-15 09:34:52',NULL),(21,214,2,'2025-07-15 09:35:06','2025-07-15 09:35:06',NULL),(22,220,2,'2025-07-15 15:05:31','2025-07-15 15:05:31',NULL),(23,210,6,'2025-07-16 09:08:03','2025-07-16 09:08:03',NULL),(24,225,2,'2025-07-16 09:12:28','2025-07-16 09:12:28',NULL),(25,224,2,'2025-07-16 09:12:42','2025-07-16 09:12:42',NULL),(26,211,6,'2025-07-16 09:15:04','2025-07-16 09:15:04',NULL),(27,212,6,'2025-07-16 09:16:03','2025-07-16 09:16:03',NULL),(28,224,6,'2025-07-16 09:48:58','2025-07-16 09:48:58',NULL),(29,223,2,'2025-07-16 10:51:39','2025-07-16 10:51:39',NULL),(30,233,2,'2025-07-16 11:50:39','2025-07-16 11:50:39',NULL),(31,228,6,'2025-07-16 14:28:04','2025-07-16 14:28:04',NULL),(32,229,6,'2025-07-16 14:28:16','2025-07-16 14:28:16',NULL),(33,230,6,'2025-07-16 14:28:28','2025-07-16 14:28:28',NULL),(34,231,6,'2025-07-16 14:28:35','2025-07-16 14:28:35',NULL),(35,232,6,'2025-07-16 14:28:41','2025-07-16 14:28:41',NULL),(36,236,6,'2025-07-16 14:28:50','2025-07-16 14:28:50',NULL),(37,213,6,'2025-07-16 15:27:03','2025-07-16 15:27:03',NULL),(38,218,6,'2025-07-16 15:43:03','2025-07-16 15:43:03',NULL),(39,236,2,'2025-07-16 15:44:34','2025-07-16 15:44:34',NULL),(40,213,2,'2025-07-16 15:44:36','2025-07-16 15:44:36',NULL),(41,216,6,'2025-07-16 16:20:04','2025-07-16 16:20:04',NULL),(42,219,6,'2025-07-17 08:44:03','2025-07-17 08:44:03',NULL),(43,217,6,'2025-07-17 09:35:04','2025-07-17 09:35:04',NULL),(44,215,6,'2025-07-17 09:35:04','2025-07-17 09:35:04',NULL),(45,214,6,'2025-07-17 09:36:03','2025-07-17 09:36:03',NULL),(46,243,2,'2025-07-17 09:41:37','2025-07-17 09:41:37',NULL),(47,232,2,'2025-07-17 14:52:03','2025-07-17 14:52:03',NULL),(48,220,6,'2025-07-17 15:06:03','2025-07-17 15:06:03',NULL),(49,247,2,'2025-07-17 16:28:09','2025-07-17 16:28:09',NULL),(50,221,6,'2025-07-18 08:24:03','2025-07-18 08:24:03',NULL),(51,222,6,'2025-07-18 08:41:03','2025-07-18 08:41:03',NULL),(52,225,6,'2025-07-18 09:13:03','2025-07-18 09:13:03',NULL),(53,226,6,'2025-07-18 09:33:03','2025-07-18 09:33:03',NULL),(54,227,6,'2025-07-18 10:41:03','2025-07-18 10:41:03',NULL),(55,223,6,'2025-07-18 10:52:03','2025-07-18 10:52:03',NULL),(56,234,6,'2025-07-18 11:10:03','2025-07-18 11:10:03',NULL),(57,235,6,'2025-07-18 11:13:03','2025-07-18 11:13:03',NULL),(58,237,6,'2025-07-18 11:23:03','2025-07-18 11:23:03',NULL),(59,251,2,'2025-07-18 11:32:18','2025-07-18 11:32:18',NULL),(60,233,6,'2025-07-18 11:51:04','2025-07-18 11:51:04',NULL),(61,238,6,'2025-07-18 15:01:04','2025-07-18 15:01:04',NULL),(62,239,6,'2025-07-18 15:06:04','2025-07-18 15:06:04',NULL),(63,9,2,'2025-07-18 15:33:20','2025-07-18 15:33:20',NULL),(64,8,2,'2025-07-18 15:33:23','2025-07-18 15:33:23',NULL),(65,6,2,'2025-07-18 15:33:27','2025-07-18 15:33:27',NULL),(66,4,2,'2025-07-18 15:33:31','2025-07-18 15:33:31',NULL),(67,1,2,'2025-07-18 15:33:35','2025-07-18 15:33:35',NULL),(68,213,6,'2025-07-18 15:45:03','2025-07-18 15:45:03',NULL),(69,236,6,'2025-07-18 15:45:03','2025-07-18 15:45:03',NULL),(70,250,2,'2025-07-20 13:34:40','2025-07-20 13:34:40',NULL),(71,214,2,'2025-07-20 18:02:16','2025-07-20 18:02:16',NULL),(72,220,2,'2025-07-21 08:25:07','2025-07-21 08:25:07',NULL),(73,233,2,'2025-07-21 08:34:45','2025-07-21 08:34:45',NULL),(74,252,2,'2025-07-21 08:39:24','2025-07-21 08:39:24',NULL),(75,253,2,'2025-07-21 08:59:11','2025-07-21 08:59:11',NULL),(76,257,2,'2025-07-21 09:12:03','2025-07-21 09:12:03',NULL),(77,256,2,'2025-07-21 09:13:21','2025-07-21 09:13:21',NULL),(78,254,2,'2025-07-21 09:13:28','2025-07-21 09:13:28',NULL),(79,255,2,'2025-07-21 09:42:40','2025-07-21 09:42:40',NULL),(80,213,2,'2025-07-21 14:19:01','2025-07-21 14:19:01',NULL),(81,233,6,'2025-07-22 08:21:03','2025-07-22 08:21:03',NULL),(82,258,2,'2025-07-22 08:40:34','2025-07-22 08:40:34',NULL),(83,260,2,'2025-07-22 09:22:34','2025-07-22 09:22:34',NULL),(84,261,2,'2025-07-22 09:52:42','2025-07-22 09:52:42',NULL),(85,261,3,'2025-07-22 09:57:18','2025-07-22 09:57:18',NULL),(86,259,2,'2025-07-22 11:26:33','2025-07-22 11:26:33',NULL),(87,261,4,'2025-07-22 11:32:27','2025-07-22 11:32:27',NULL),(88,261,5,'2025-07-22 11:46:14','2025-07-22 11:46:14',NULL),(89,241,6,'2025-07-24 08:52:03','2025-07-24 08:52:03',NULL),(90,264,2,'2025-07-24 08:52:18','2025-07-24 08:52:18',NULL),(91,242,6,'2025-07-24 08:55:03','2025-07-24 08:55:03',NULL),(92,245,6,'2025-07-24 08:59:03','2025-07-24 08:59:03',NULL),(93,246,6,'2025-07-24 09:01:03','2025-07-24 09:01:03',NULL),(94,265,2,'2025-07-24 09:21:49','2025-07-24 09:21:49',NULL),(95,243,6,'2025-07-24 09:42:03','2025-07-24 09:42:03',NULL),(96,243,2,'2025-07-24 10:10:37','2025-07-24 10:10:37',NULL),(97,266,2,'2025-07-24 13:30:21','2025-07-24 13:30:21',NULL),(98,232,6,'2025-07-24 14:52:03','2025-07-24 14:52:03',NULL),(99,241,2,'2025-07-24 15:33:05','2025-07-24 15:33:05',NULL),(100,242,2,'2025-07-24 15:33:12','2025-07-24 15:33:12',NULL),(101,245,2,'2025-07-24 15:33:21','2025-07-24 15:33:21',NULL),(102,246,2,'2025-07-24 15:33:29','2025-07-24 15:33:29',NULL),(103,248,6,'2025-07-24 15:57:03','2025-07-24 15:57:03',NULL),(104,249,6,'2025-07-24 16:05:03','2025-07-24 16:05:03',NULL),(105,247,6,'2025-07-24 16:29:03','2025-07-24 16:29:03',NULL),(106,267,2,'2025-07-24 16:56:21','2025-07-24 16:56:21',NULL),(107,268,2,'2025-07-25 10:37:25','2025-07-25 10:37:25',NULL),(108,269,2,'2025-07-25 10:38:37','2025-07-25 10:38:37',NULL),(109,9,6,'2025-07-25 15:34:03','2025-07-25 15:34:03',NULL),(110,8,6,'2025-07-25 15:34:03','2025-07-25 15:34:03',NULL),(111,6,6,'2025-07-25 15:34:03','2025-07-25 15:34:03',NULL),(112,4,6,'2025-07-25 15:34:03','2025-07-25 15:34:03',NULL),(113,1,6,'2025-07-25 15:34:03','2025-07-25 15:34:03',NULL),(114,272,2,'2025-07-25 21:10:27','2025-07-25 21:10:27',NULL),(115,272,3,'2025-07-25 21:18:01','2025-07-25 21:18:01',NULL),(116,272,5,'2025-07-25 21:43:53','2025-07-25 21:43:53',NULL),(117,271,2,'2025-07-26 18:00:11','2025-07-26 18:00:11',NULL),(118,250,6,'2025-07-27 13:35:03','2025-07-27 13:35:03',NULL),(119,214,6,'2025-07-27 18:03:03','2025-07-27 18:03:03',NULL),(120,220,6,'2025-07-28 08:26:03','2025-07-28 08:26:03',NULL),(121,270,2,'2025-07-28 08:26:52','2025-07-28 08:26:52',NULL),(122,252,6,'2025-07-28 08:40:03','2025-07-28 08:40:03',NULL),(123,253,6,'2025-07-28 09:00:04','2025-07-28 09:00:04',NULL),(124,257,6,'2025-07-28 09:12:03','2025-07-28 09:12:03',NULL),(125,256,6,'2025-07-28 09:14:04','2025-07-28 09:14:04',NULL),(126,254,6,'2025-07-28 09:14:04','2025-07-28 09:14:04',NULL),(127,255,6,'2025-07-28 09:43:04','2025-07-28 09:43:04',NULL),(128,277,2,'2025-07-28 10:09:05','2025-07-28 10:09:05',NULL),(129,274,2,'2025-07-28 10:44:16','2025-07-28 10:44:16',NULL),(130,274,6,'2025-07-28 10:44:52','2025-07-28 10:44:52',NULL),(131,254,2,'2025-07-28 10:45:09','2025-07-28 10:45:09',NULL),(132,280,2,'2025-07-28 12:00:03','2025-07-28 12:00:03',NULL),(133,279,2,'2025-07-28 12:00:04','2025-07-28 12:00:04',NULL),(134,278,2,'2025-07-28 12:13:33','2025-07-28 12:13:33',NULL),(135,213,6,'2025-07-28 14:19:04','2025-07-28 14:19:04',NULL),(136,282,2,'2025-07-28 15:48:06','2025-07-28 15:48:06',NULL),(137,284,2,'2025-07-28 15:54:33','2025-07-28 15:54:33',NULL),(138,283,2,'2025-07-28 15:56:02','2025-07-28 15:56:02',NULL),(139,273,2,'2025-07-28 16:20:25','2025-07-28 16:20:25',NULL),(140,273,3,'2025-07-28 16:25:13','2025-07-28 16:25:13',NULL),(141,10,7,'2025-07-29 00:00:04','2025-07-29 00:00:04',NULL),(142,276,2,'2025-07-29 08:09:30','2025-07-29 08:09:30',NULL),(143,275,2,'2025-07-29 08:09:41','2025-07-29 08:09:41',NULL),(144,285,2,'2025-07-29 08:10:16','2025-07-29 08:10:16',NULL),(145,255,2,'2025-07-29 08:10:30','2025-07-29 08:10:30',NULL),(146,260,6,'2025-07-29 09:23:03','2025-07-29 09:23:03',NULL),(147,286,2,'2025-07-29 09:57:35','2025-07-29 09:57:35',NULL),(148,286,3,'2025-07-29 10:01:46','2025-07-29 10:01:46',NULL),(149,287,2,'2025-07-29 10:10:48','2025-07-29 10:10:48',NULL),(150,287,3,'2025-07-29 10:15:03','2025-07-29 10:15:03',NULL),(151,259,6,'2025-07-29 11:27:03','2025-07-29 11:27:03',NULL),(152,288,2,'2025-07-29 13:18:52','2025-07-29 13:18:52',NULL),(153,274,2,'2025-07-29 13:20:04','2025-07-29 13:20:04',NULL),(154,274,3,'2025-07-29 13:24:58','2025-07-29 13:24:58',NULL),(155,292,6,'2025-07-30 07:32:46','2025-07-30 07:32:46',NULL),(156,295,2,'2025-07-30 10:24:16','2025-07-30 10:24:16',NULL),(157,295,3,'2025-07-30 11:17:34','2025-07-30 11:17:34',NULL),(158,295,5,'2025-07-30 11:31:36','2025-07-30 11:31:36',NULL),(159,288,6,'2025-07-30 11:44:14','2025-07-30 11:44:14',NULL),(160,251,3,'2025-07-30 11:45:55','2025-07-30 11:45:55',NULL),(161,273,7,'2025-07-30 11:49:55','2025-07-30 11:49:55',NULL),(162,286,7,'2025-07-30 11:49:58','2025-07-30 11:49:58',NULL),(163,274,7,'2025-07-30 11:50:02','2025-07-30 11:50:02',NULL),(164,251,7,'2025-07-30 11:50:06','2025-07-30 11:50:06',NULL),(165,282,6,'2025-07-30 11:53:22','2025-07-30 11:53:22',NULL),(166,262,6,'2025-07-30 13:40:04','2025-07-30 13:40:04',NULL),(167,263,6,'2025-07-30 13:40:04','2025-07-30 13:40:04',NULL),(168,264,6,'2025-07-31 08:53:03','2025-07-31 08:53:03',NULL),(169,265,6,'2025-07-31 09:22:03','2025-07-31 09:22:03',NULL),(170,265,2,'2025-07-31 09:28:05','2025-07-31 09:28:05',NULL),(171,260,2,'2025-07-31 09:28:09','2025-07-31 09:28:09',NULL),(172,265,3,'2025-07-31 09:28:13','2025-07-31 09:28:13',NULL),(173,282,2,'2025-07-31 09:28:25','2025-07-31 09:28:25',NULL),(174,252,2,'2025-07-31 09:28:38','2025-07-31 09:28:38',NULL),(175,247,2,'2025-07-31 09:29:00','2025-07-31 09:29:00',NULL),(176,247,3,'2025-07-31 09:29:07','2025-07-31 09:29:07',NULL),(177,220,2,'2025-07-31 09:29:11','2025-07-31 09:29:11',NULL),(178,233,2,'2025-07-31 09:29:13','2025-07-31 09:29:13',NULL),(179,256,2,'2025-07-31 10:06:15','2025-07-31 10:06:15',NULL),(180,225,2,'2025-07-31 10:06:27','2025-07-31 10:06:27',NULL),(181,222,2,'2025-07-31 10:06:37','2025-07-31 10:06:37',NULL),(182,221,2,'2025-07-31 10:06:41','2025-07-31 10:06:41',NULL),(183,210,2,'2025-07-31 10:06:48','2025-07-31 10:06:48',NULL),(184,243,6,'2025-07-31 10:11:03','2025-07-31 10:11:03',NULL),(185,323,2,'2025-07-31 11:53:02','2025-07-31 11:53:02',NULL),(186,253,2,'2025-07-31 12:12:32','2025-07-31 12:12:32',NULL),(187,253,2,'2025-07-31 12:12:32','2025-07-31 12:12:32',NULL),(188,226,2,'2025-07-31 12:12:50','2025-07-31 12:12:50',NULL),(189,219,2,'2025-07-31 12:13:10','2025-07-31 12:13:10',NULL),(190,241,6,'2025-07-31 15:34:04','2025-07-31 15:34:04',NULL),(191,242,6,'2025-07-31 15:34:04','2025-07-31 15:34:04',NULL),(192,245,6,'2025-07-31 15:34:04','2025-07-31 15:34:04',NULL),(193,246,6,'2025-07-31 15:34:04','2025-07-31 15:34:04',NULL),(194,246,2,'2025-07-31 16:05:09','2025-07-31 16:05:09',NULL),(195,241,2,'2025-07-31 16:05:26','2025-07-31 16:05:26',NULL),(196,242,2,'2025-07-31 16:05:39','2025-07-31 16:05:39',NULL),(197,245,2,'2025-07-31 16:05:58','2025-07-31 16:05:58',NULL),(198,267,6,'2025-07-31 16:57:03','2025-07-31 16:57:03',NULL),(199,292,2,'2025-08-01 09:49:30','2025-08-01 09:49:30',NULL),(200,324,2,'2025-08-01 09:49:32','2025-08-01 09:49:32',NULL),(201,263,2,'2025-08-01 09:49:51','2025-08-01 09:49:51',NULL),(202,239,2,'2025-08-01 09:50:44','2025-08-01 09:50:44',NULL),(203,264,2,'2025-08-01 09:50:48','2025-08-01 09:50:48',NULL),(204,262,2,'2025-08-01 09:50:53','2025-08-01 09:50:53',NULL),(205,238,2,'2025-08-01 09:51:03','2025-08-01 09:51:03',NULL),(206,236,2,'2025-08-01 09:51:16','2025-08-01 09:51:16',NULL),(207,288,2,'2025-08-01 09:51:20','2025-08-01 09:51:20',NULL),(208,237,2,'2025-08-01 09:51:44','2025-08-01 09:51:44',NULL),(209,235,2,'2025-08-01 09:51:48','2025-08-01 09:51:48',NULL),(210,234,2,'2025-08-01 09:51:56','2025-08-01 09:51:56',NULL),(211,232,2,'2025-08-01 09:52:01','2025-08-01 09:52:01',NULL),(212,230,2,'2025-08-01 09:52:05','2025-08-01 09:52:05',NULL),(213,229,2,'2025-08-01 09:52:11','2025-08-01 09:52:11',NULL),(214,228,2,'2025-08-01 09:52:16','2025-08-01 09:52:16',NULL),(215,227,2,'2025-08-01 09:52:29','2025-08-01 09:52:29',NULL),(216,251,3,'2025-08-01 09:52:53','2025-08-01 09:52:53',NULL),(217,324,3,'2025-08-01 09:56:55','2025-08-01 09:56:55',NULL),(218,288,6,'2025-08-01 10:22:34','2025-08-01 10:22:34',NULL),(219,268,6,'2025-08-01 10:38:03','2025-08-01 10:38:03',NULL),(220,269,6,'2025-08-01 10:39:04','2025-08-01 10:39:04',NULL),(221,325,2,'2025-08-01 13:27:05','2025-08-01 13:27:05',NULL),(222,269,2,'2025-08-01 13:27:22','2025-08-01 13:27:22',NULL),(223,324,7,'2025-08-01 13:45:55','2025-08-01 13:45:55',NULL),(224,326,2,'2025-08-01 14:55:18','2025-08-01 14:55:18',NULL),(225,271,6,'2025-08-02 18:01:03','2025-08-02 18:01:03',NULL),(226,270,6,'2025-08-04 08:27:03','2025-08-04 08:27:03',NULL),(227,327,2,'2025-08-04 10:09:29','2025-08-04 10:09:29',NULL),(228,329,2,'2025-08-04 10:09:55','2025-08-04 10:09:55',NULL),(229,328,2,'2025-08-04 10:11:23','2025-08-04 10:11:23',NULL),(230,331,2,'2025-08-04 10:13:17','2025-08-04 10:13:17',NULL),(231,330,2,'2025-08-04 10:45:34','2025-08-04 10:45:34',NULL),(232,254,6,'2025-08-04 10:46:03','2025-08-04 10:46:03',NULL),(233,280,6,'2025-08-04 12:00:04','2025-08-04 12:00:04',NULL),(234,279,6,'2025-08-04 12:00:04','2025-08-04 12:00:04',NULL),(235,278,6,'2025-08-04 12:14:03','2025-08-04 12:14:03',NULL),(236,214,2,'2025-08-04 13:56:46','2025-08-04 13:56:46',NULL),(237,284,6,'2025-08-04 15:55:03','2025-08-04 15:55:03',NULL),(238,283,6,'2025-08-04 15:56:03','2025-08-04 15:56:03',NULL),(239,333,2,'2025-08-04 16:23:27','2025-08-04 16:23:27',NULL),(240,332,2,'2025-08-05 07:48:42','2025-08-05 07:48:42',NULL),(241,276,6,'2025-08-05 08:10:03','2025-08-05 08:10:03',NULL),(242,275,6,'2025-08-05 08:10:03','2025-08-05 08:10:03',NULL),(243,285,6,'2025-08-05 08:11:03','2025-08-05 08:11:03',NULL),(244,276,2,'2025-08-05 08:31:49','2025-08-05 08:31:49',NULL),(245,285,2,'2025-08-05 08:31:52','2025-08-05 08:31:52',NULL),(246,275,2,'2025-08-05 08:31:56','2025-08-05 08:31:56',NULL),(247,271,2,'2025-08-05 08:32:00','2025-08-05 08:32:00',NULL),(248,334,2,'2025-08-05 10:57:27','2025-08-05 10:57:27',NULL),(249,334,3,'2025-08-05 11:04:04','2025-08-05 11:04:04',NULL),(250,293,6,'2025-08-06 07:28:03','2025-08-06 07:28:03',NULL),(251,294,6,'2025-08-06 07:35:03','2025-08-06 07:35:03',NULL),(252,336,2,'2025-08-06 09:50:48','2025-08-06 09:50:48',NULL),(253,214,3,'2025-08-06 11:36:47','2025-08-06 11:36:47',NULL),(254,337,2,'2025-08-06 13:36:40','2025-08-06 13:36:40',NULL),(255,297,6,'2025-08-06 13:42:03','2025-08-06 13:42:03',NULL),(256,338,2,'2025-08-06 13:43:16','2025-08-06 13:43:16',NULL),(257,339,2,'2025-08-06 15:36:31','2025-08-06 15:36:31',NULL),(258,252,6,'2025-08-07 09:29:03','2025-08-07 09:29:03',NULL),(259,260,6,'2025-08-07 09:29:03','2025-08-07 09:29:03',NULL),(260,282,6,'2025-08-07 09:29:03','2025-08-07 09:29:03',NULL),(261,220,6,'2025-08-07 09:30:04','2025-08-07 09:30:04',NULL),(262,233,6,'2025-08-07 09:30:04','2025-08-07 09:30:04',NULL),(263,299,6,'2025-08-07 09:31:04','2025-08-07 09:31:04',NULL),(264,300,6,'2025-08-07 09:35:04','2025-08-07 09:35:04',NULL),(265,301,6,'2025-08-07 09:38:03','2025-08-07 09:38:03',NULL),(266,302,6,'2025-08-07 09:45:03','2025-08-07 09:45:03',NULL),(267,303,6,'2025-08-07 09:50:04','2025-08-07 09:50:04',NULL),(268,305,6,'2025-08-07 09:54:04','2025-08-07 09:54:04',NULL),(269,306,6,'2025-08-07 09:57:03','2025-08-07 09:57:03',NULL),(270,307,6,'2025-08-07 10:00:04','2025-08-07 10:00:04',NULL),(271,308,6,'2025-08-07 10:04:03','2025-08-07 10:04:03',NULL),(272,210,6,'2025-08-07 10:07:03','2025-08-07 10:07:03',NULL),(273,221,6,'2025-08-07 10:07:03','2025-08-07 10:07:03',NULL),(274,222,6,'2025-08-07 10:07:03','2025-08-07 10:07:03',NULL),(275,256,6,'2025-08-07 10:07:03','2025-08-07 10:07:03',NULL),(276,309,6,'2025-08-07 10:10:04','2025-08-07 10:10:04',NULL),(277,310,6,'2025-08-07 10:12:03','2025-08-07 10:12:03',NULL),(278,311,6,'2025-08-07 10:15:04','2025-08-07 10:15:04',NULL),(279,312,6,'2025-08-07 10:34:03','2025-08-07 10:34:03',NULL),(280,313,6,'2025-08-07 10:41:03','2025-08-07 10:41:03',NULL),(281,314,6,'2025-08-07 10:50:03','2025-08-07 10:50:03',NULL),(282,315,6,'2025-08-07 10:52:03','2025-08-07 10:52:03',NULL),(283,316,6,'2025-08-07 10:53:03','2025-08-07 10:53:03',NULL),(284,317,6,'2025-08-07 10:55:04','2025-08-07 10:55:04',NULL),(285,318,6,'2025-08-07 10:56:03','2025-08-07 10:56:03',NULL),(286,319,6,'2025-08-07 11:02:03','2025-08-07 11:02:03',NULL),(287,320,6,'2025-08-07 11:03:04','2025-08-07 11:03:04',NULL),(288,321,6,'2025-08-07 11:06:03','2025-08-07 11:06:03',NULL),(289,322,6,'2025-08-07 11:40:04','2025-08-07 11:40:04',NULL),(290,323,6,'2025-08-07 11:53:03','2025-08-07 11:53:03',NULL),(291,226,6,'2025-08-07 12:13:03','2025-08-07 12:13:03',NULL),(292,253,6,'2025-08-07 12:13:03','2025-08-07 12:13:03',NULL),(293,219,6,'2025-08-07 12:14:03','2025-08-07 12:14:03',NULL),(294,241,6,'2025-08-07 16:06:03','2025-08-07 16:06:03',NULL),(295,242,6,'2025-08-07 16:06:03','2025-08-07 16:06:03',NULL),(296,245,6,'2025-08-07 16:06:03','2025-08-07 16:06:03',NULL),(297,246,6,'2025-08-07 16:06:03','2025-08-07 16:06:03',NULL),(298,340,2,'2025-08-08 09:48:50','2025-08-08 09:48:50',NULL),(299,263,6,'2025-08-08 09:50:04','2025-08-08 09:50:04',NULL),(300,292,6,'2025-08-08 09:50:04','2025-08-08 09:50:04',NULL),(301,238,6,'2025-08-08 09:51:03','2025-08-08 09:51:03',NULL),(302,239,6,'2025-08-08 09:51:03','2025-08-08 09:51:03',NULL),(303,262,6,'2025-08-08 09:51:03','2025-08-08 09:51:03',NULL),(304,264,6,'2025-08-08 09:51:03','2025-08-08 09:51:03',NULL),(305,232,6,'2025-08-08 09:52:03','2025-08-08 09:52:03',NULL),(306,234,6,'2025-08-08 09:52:03','2025-08-08 09:52:03',NULL),(307,235,6,'2025-08-08 09:52:03','2025-08-08 09:52:03',NULL),(308,236,6,'2025-08-08 09:52:03','2025-08-08 09:52:03',NULL),(309,237,6,'2025-08-08 09:52:03','2025-08-08 09:52:03',NULL),(310,227,6,'2025-08-08 09:53:03','2025-08-08 09:53:03',NULL),(311,228,6,'2025-08-08 09:53:03','2025-08-08 09:53:03',NULL),(312,229,6,'2025-08-08 09:53:03','2025-08-08 09:53:03',NULL),(313,230,6,'2025-08-08 09:53:03','2025-08-08 09:53:03',NULL),(314,342,2,'2025-08-08 09:55:44','2025-08-08 09:55:44',NULL),(315,323,2,'2025-08-08 10:01:49','2025-08-08 10:01:49',NULL),(316,219,2,'2025-08-08 10:02:41','2025-08-08 10:02:41',NULL),(317,320,2,'2025-08-08 10:02:56','2025-08-08 10:02:56',NULL),(318,319,2,'2025-08-08 10:03:03','2025-08-08 10:03:03',NULL),(319,343,2,'2025-08-08 10:30:33','2025-08-08 10:30:33',NULL),(320,341,2,'2025-08-08 11:29:48','2025-08-08 11:29:48',NULL),(321,269,6,'2025-08-08 13:28:03','2025-08-08 13:28:03',NULL),(322,325,6,'2025-08-08 13:28:03','2025-08-08 13:28:03',NULL),(323,344,2,'2025-08-08 13:45:58','2025-08-08 13:45:58',NULL),(324,326,6,'2025-08-08 14:56:03','2025-08-08 14:56:03',NULL),(325,335,2,'2025-08-09 12:25:34','2025-08-09 12:25:34',NULL),(326,327,6,'2025-08-11 10:10:03','2025-08-11 10:10:03',NULL),(327,329,6,'2025-08-11 10:10:03','2025-08-11 10:10:03',NULL),(328,328,6,'2025-08-11 10:12:03','2025-08-11 10:12:03',NULL),(329,331,6,'2025-08-11 10:14:03','2025-08-11 10:14:03',NULL),(330,330,6,'2025-08-11 10:46:03','2025-08-11 10:46:03',NULL),(331,345,2,'2025-08-11 11:30:29','2025-08-11 11:30:29',NULL),(332,346,2,'2025-08-11 12:21:58','2025-08-11 12:21:58',NULL),(333,347,2,'2025-08-11 13:30:48','2025-08-11 13:30:48',NULL),(334,348,2,'2025-08-11 14:58:57','2025-08-11 14:58:57',NULL),(335,349,2,'2025-08-11 14:59:03','2025-08-11 14:59:03',NULL),(336,350,2,'2025-08-11 14:59:08','2025-08-11 14:59:08',NULL),(337,351,2,'2025-08-11 14:59:14','2025-08-11 14:59:14',NULL),(338,353,2,'2025-08-11 14:59:19','2025-08-11 14:59:19',NULL),(339,355,2,'2025-08-11 14:59:24','2025-08-11 14:59:24',NULL),(340,363,2,'2025-08-11 14:59:34','2025-08-11 14:59:34',NULL),(341,362,2,'2025-08-11 14:59:40','2025-08-11 14:59:40',NULL),(342,361,2,'2025-08-11 14:59:45','2025-08-11 14:59:45',NULL),(343,360,2,'2025-08-11 14:59:51','2025-08-11 14:59:51',NULL),(344,359,2,'2025-08-11 14:59:57','2025-08-11 14:59:57',NULL),(345,358,2,'2025-08-11 15:00:02','2025-08-11 15:00:02',NULL),(346,357,2,'2025-08-11 15:00:07','2025-08-11 15:00:07',NULL),(347,356,2,'2025-08-11 15:00:22','2025-08-11 15:00:22',NULL),(348,365,2,'2025-08-11 15:00:40','2025-08-11 15:00:40',NULL),(349,438,2,'2025-08-11 15:00:49','2025-08-11 15:00:49',NULL),(350,437,2,'2025-08-11 15:00:55','2025-08-11 15:00:55',NULL),(351,436,2,'2025-08-11 15:01:00','2025-08-11 15:01:00',NULL),(352,435,2,'2025-08-11 15:01:07','2025-08-11 15:01:07',NULL),(353,434,2,'2025-08-11 15:01:10','2025-08-11 15:01:10',NULL),(354,433,2,'2025-08-11 15:01:13','2025-08-11 15:01:13',NULL),(355,432,2,'2025-08-11 15:01:18','2025-08-11 15:01:18',NULL),(356,366,2,'2025-08-11 15:02:09','2025-08-11 15:02:09',NULL),(357,423,2,'2025-08-11 15:02:31','2025-08-11 15:02:31',NULL),(358,354,2,'2025-08-11 15:02:32','2025-08-11 15:02:32',NULL),(359,393,2,'2025-08-11 15:02:35','2025-08-11 15:02:35',NULL),(360,371,2,'2025-08-11 15:02:39','2025-08-11 15:02:39',NULL),(361,447,2,'2025-08-11 15:03:28','2025-08-11 15:03:28',NULL),(362,446,2,'2025-08-11 15:03:32','2025-08-11 15:03:32',NULL),(363,445,2,'2025-08-11 15:03:36','2025-08-11 15:03:36',NULL),(364,444,2,'2025-08-11 15:03:40','2025-08-11 15:03:40',NULL),(365,443,2,'2025-08-11 15:03:44','2025-08-11 15:03:44',NULL),(366,442,2,'2025-08-11 15:03:48','2025-08-11 15:03:48',NULL),(367,441,2,'2025-08-11 15:03:52','2025-08-11 15:03:52',NULL),(368,440,2,'2025-08-11 15:03:56','2025-08-11 15:03:56',NULL),(369,439,2,'2025-08-11 15:03:59','2025-08-11 15:03:59',NULL),(370,431,2,'2025-08-11 15:04:03','2025-08-11 15:04:03',NULL),(371,430,2,'2025-08-11 15:04:06','2025-08-11 15:04:06',NULL),(372,429,2,'2025-08-11 15:04:10','2025-08-11 15:04:10',NULL),(373,428,2,'2025-08-11 15:04:14','2025-08-11 15:04:14',NULL),(374,427,2,'2025-08-11 15:04:18','2025-08-11 15:04:18',NULL),(375,426,2,'2025-08-11 15:04:22','2025-08-11 15:04:22',NULL),(376,425,2,'2025-08-11 15:04:26','2025-08-11 15:04:26',NULL),(377,424,2,'2025-08-11 15:04:29','2025-08-11 15:04:29',NULL),(378,422,2,'2025-08-11 15:04:33','2025-08-11 15:04:33',NULL),(379,421,2,'2025-08-11 15:04:38','2025-08-11 15:04:38',NULL),(380,420,2,'2025-08-11 15:04:41','2025-08-11 15:04:41',NULL),(381,419,2,'2025-08-11 15:04:46','2025-08-11 15:04:46',NULL),(382,418,2,'2025-08-11 15:04:51','2025-08-11 15:04:51',NULL),(383,417,2,'2025-08-11 15:04:55','2025-08-11 15:04:55',NULL),(384,416,2,'2025-08-11 15:05:16','2025-08-11 15:05:16',NULL),(385,415,2,'2025-08-11 15:05:20','2025-08-11 15:05:20',NULL),(386,414,2,'2025-08-11 15:05:24','2025-08-11 15:05:24',NULL),(387,413,2,'2025-08-11 15:05:54','2025-08-11 15:05:54',NULL),(388,412,2,'2025-08-11 15:05:58','2025-08-11 15:05:58',NULL),(389,411,2,'2025-08-11 15:06:02','2025-08-11 15:06:02',NULL),(390,410,2,'2025-08-11 15:06:07','2025-08-11 15:06:07',NULL),(391,409,2,'2025-08-11 15:06:24','2025-08-11 15:06:24',NULL),(392,408,2,'2025-08-11 15:06:28','2025-08-11 15:06:28',NULL),(393,407,2,'2025-08-11 15:06:32','2025-08-11 15:06:32',NULL),(394,406,2,'2025-08-11 15:06:36','2025-08-11 15:06:36',NULL),(395,405,2,'2025-08-11 15:07:05','2025-08-11 15:07:05',NULL),(396,404,2,'2025-08-11 15:07:10','2025-08-11 15:07:10',NULL),(397,403,2,'2025-08-11 15:07:14','2025-08-11 15:07:14',NULL),(398,402,2,'2025-08-11 15:07:17','2025-08-11 15:07:17',NULL),(399,401,2,'2025-08-11 15:07:21','2025-08-11 15:07:21',NULL),(400,400,2,'2025-08-11 15:07:26','2025-08-11 15:07:26',NULL),(401,399,2,'2025-08-11 15:07:30','2025-08-11 15:07:30',NULL),(402,398,2,'2025-08-11 15:07:34','2025-08-11 15:07:34',NULL),(403,397,2,'2025-08-11 15:07:38','2025-08-11 15:07:38',NULL),(404,396,2,'2025-08-11 15:07:42','2025-08-11 15:07:42',NULL),(405,395,2,'2025-08-11 15:07:45','2025-08-11 15:07:45',NULL),(406,394,2,'2025-08-11 15:07:50','2025-08-11 15:07:50',NULL),(407,367,2,'2025-08-11 15:08:46','2025-08-11 15:08:46',NULL),(408,368,2,'2025-08-11 15:08:51','2025-08-11 15:08:51',NULL),(409,392,2,'2025-08-11 15:08:57','2025-08-11 15:08:57',NULL),(410,391,2,'2025-08-11 15:09:00','2025-08-11 15:09:00',NULL),(411,390,2,'2025-08-11 15:09:02','2025-08-11 15:09:02',NULL),(412,389,2,'2025-08-11 15:09:05','2025-08-11 15:09:05',NULL),(413,388,2,'2025-08-11 15:09:07','2025-08-11 15:09:07',NULL),(414,387,2,'2025-08-11 15:09:10','2025-08-11 15:09:10',NULL),(415,386,2,'2025-08-11 15:09:14','2025-08-11 15:09:14',NULL),(416,385,2,'2025-08-11 15:09:17','2025-08-11 15:09:17',NULL),(417,384,2,'2025-08-11 15:09:20','2025-08-11 15:09:20',NULL),(418,383,2,'2025-08-11 15:09:24','2025-08-11 15:09:24',NULL),(419,382,2,'2025-08-11 15:09:26','2025-08-11 15:09:26',NULL),(420,381,2,'2025-08-11 15:09:29','2025-08-11 15:09:29',NULL),(421,380,2,'2025-08-11 15:09:32','2025-08-11 15:09:32',NULL),(422,379,2,'2025-08-11 15:09:35','2025-08-11 15:09:35',NULL),(423,378,2,'2025-08-11 15:09:39','2025-08-11 15:09:39',NULL),(424,377,2,'2025-08-11 15:09:42','2025-08-11 15:09:42',NULL),(425,376,2,'2025-08-11 15:09:44','2025-08-11 15:09:44',NULL),(426,375,2,'2025-08-11 15:09:46','2025-08-11 15:09:46',NULL),(427,374,2,'2025-08-11 15:09:50','2025-08-11 15:09:50',NULL),(428,373,2,'2025-08-11 15:09:53','2025-08-11 15:09:53',NULL),(429,370,2,'2025-08-11 15:10:09','2025-08-11 15:10:09',NULL),(430,219,6,'2025-08-11 15:10:19','2025-08-11 15:10:19',NULL),(431,369,2,'2025-08-11 15:16:26','2025-08-11 15:16:26',NULL),(432,372,2,'2025-08-11 15:16:32','2025-08-11 15:16:32',NULL),(433,333,6,'2025-08-11 16:24:03','2025-08-11 16:24:03',NULL),(434,219,2,'2025-08-11 16:55:33','2025-08-11 16:55:33',NULL),(435,9,6,'2025-08-12 00:02:03','2025-08-12 00:02:03',NULL),(436,448,2,'2025-08-12 07:47:18','2025-08-12 07:47:18',NULL),(437,332,6,'2025-08-12 07:49:04','2025-08-12 07:49:04',NULL),(438,271,6,'2025-08-12 08:32:04','2025-08-12 08:32:04',NULL),(439,276,6,'2025-08-12 08:32:04','2025-08-12 08:32:04',NULL),(440,275,6,'2025-08-12 08:32:04','2025-08-12 08:32:04',NULL),(441,285,6,'2025-08-12 08:32:04','2025-08-12 08:32:04',NULL),(442,449,2,'2025-08-12 08:49:31','2025-08-12 08:49:31',NULL),(443,364,2,'2025-08-12 09:34:49','2025-08-12 09:34:49',NULL),(444,260,2,'2025-08-12 09:38:22','2025-08-12 09:38:22',NULL),(445,352,2,'2025-08-12 10:00:54','2025-08-12 10:00:54',NULL),(446,450,2,'2025-08-12 14:26:00','2025-08-12 14:26:00',NULL);
/*!40000 ALTER TABLE `lead_status_logs` ENABLE KEYS */;
UNLOCK TABLES;

--
-- Table structure for table `lead_statuses`
--

DROP TABLE IF EXISTS `lead_statuses`;
/*!40101 SET @saved_cs_client     = @@character_set_client */;
/*!50503 SET character_set_client = utf8mb4 */;
CREATE TABLE `lead_statuses` (
  `id` bigint unsigned NOT NULL AUTO_INCREMENT,
  `name` varchar(100) COLLATE utf8mb4_unicode_ci DEFAULT NULL,
  PRIMARY KEY (`id`)
) ENGINE=InnoDB AUTO_INCREMENT=8 DEFAULT CHARSET=utf8mb4 COLLATE=utf8mb4_unicode_ci;
/*!40101 SET character_set_client = @saved_cs_client */;

--
-- Dumping data for table `lead_statuses`
--

LOCK TABLES `lead_statuses` WRITE;
/*!40000 ALTER TABLE `lead_statuses` DISABLE KEYS */;
INSERT INTO `lead_statuses` VALUES (1,'Published'),(2,'Cold'),(3,'Warm'),(4,'Hot'),(5,'Deal'),(6,'Trash Cold'),(7,'Trash Warm');
/*!40000 ALTER TABLE `lead_statuses` ENABLE KEYS */;
UNLOCK TABLES;

--
-- Table structure for table `leads`
--

DROP TABLE IF EXISTS `leads`;
/*!40101 SET @saved_cs_client     = @@character_set_client */;
/*!50503 SET character_set_client = utf8mb4 */;
CREATE TABLE `leads` (
  `id` bigint unsigned NOT NULL AUTO_INCREMENT,
  `source_id` bigint unsigned NOT NULL,
  `segment_id` bigint unsigned DEFAULT NULL,
  `branch_id` bigint unsigned DEFAULT NULL,
  `first_sales_id` bigint unsigned DEFAULT NULL,
  `industry_id` bigint unsigned DEFAULT NULL,
  `other_industry` varchar(255) COLLATE utf8mb4_unicode_ci DEFAULT NULL,
  `jabatan_id` bigint unsigned DEFAULT NULL,
  `region_id` bigint unsigned DEFAULT NULL,
  `province` varchar(100) COLLATE utf8mb4_unicode_ci DEFAULT NULL,
  `status_id` bigint unsigned NOT NULL,
  `name` varchar(100) COLLATE utf8mb4_unicode_ci DEFAULT NULL,
  `company` varchar(255) COLLATE utf8mb4_unicode_ci DEFAULT NULL,
  `customer_type` varchar(255) COLLATE utf8mb4_unicode_ci DEFAULT NULL,
  `phone` varchar(20) COLLATE utf8mb4_unicode_ci DEFAULT NULL,
  `email` varchar(100) COLLATE utf8mb4_unicode_ci DEFAULT NULL,
  `product_id` bigint unsigned DEFAULT NULL,
  `needs` varchar(255) COLLATE utf8mb4_unicode_ci DEFAULT NULL,
  `tonase` decimal(10,2) DEFAULT NULL,
  `published_at` timestamp NULL DEFAULT NULL,
  `created_at` timestamp NULL DEFAULT NULL,
  `updated_at` timestamp NULL DEFAULT NULL,
  PRIMARY KEY (`id`),
  KEY `leads_source_id_foreign` (`source_id`),
  KEY `leads_segment_id_foreign` (`segment_id`),
  KEY `leads_region_id_foreign` (`region_id`),
  KEY `leads_status_id_foreign` (`status_id`),
  KEY `leads_product_id_foreign` (`product_id`),
  KEY `leads_branch_id_foreign` (`branch_id`),
  KEY `leads_first_sales_id_foreign` (`first_sales_id`),
  KEY `leads_industry_id_foreign` (`industry_id`),
  KEY `leads_jabatan_id_foreign` (`jabatan_id`),
  CONSTRAINT `leads_branch_id_foreign` FOREIGN KEY (`branch_id`) REFERENCES `ref_branches` (`id`) ON DELETE RESTRICT ON UPDATE RESTRICT,
  CONSTRAINT `leads_first_sales_id_foreign` FOREIGN KEY (`first_sales_id`) REFERENCES `users` (`id`) ON DELETE RESTRICT ON UPDATE RESTRICT,
  CONSTRAINT `leads_industry_id_foreign` FOREIGN KEY (`industry_id`) REFERENCES `ref_industries` (`id`) ON DELETE RESTRICT ON UPDATE RESTRICT,
  CONSTRAINT `leads_jabatan_id_foreign` FOREIGN KEY (`jabatan_id`) REFERENCES `ref_jabatans` (`id`) ON DELETE RESTRICT ON UPDATE RESTRICT,
  CONSTRAINT `leads_product_id_foreign` FOREIGN KEY (`product_id`) REFERENCES `ref_products` (`id`) ON DELETE RESTRICT ON UPDATE RESTRICT,
  CONSTRAINT `leads_region_id_foreign` FOREIGN KEY (`region_id`) REFERENCES `ref_regions` (`id`) ON DELETE RESTRICT ON UPDATE RESTRICT,
  CONSTRAINT `leads_segment_id_foreign` FOREIGN KEY (`segment_id`) REFERENCES `lead_segments` (`id`) ON DELETE RESTRICT ON UPDATE RESTRICT,
  CONSTRAINT `leads_source_id_foreign` FOREIGN KEY (`source_id`) REFERENCES `lead_sources` (`id`) ON DELETE RESTRICT ON UPDATE RESTRICT,
  CONSTRAINT `leads_status_id_foreign` FOREIGN KEY (`status_id`) REFERENCES `lead_statuses` (`id`) ON DELETE RESTRICT ON UPDATE RESTRICT
) ENGINE=InnoDB AUTO_INCREMENT=452 DEFAULT CHARSET=utf8mb4 COLLATE=utf8mb4_unicode_ci;
/*!40101 SET character_set_client = @saved_cs_client */;

--
-- Dumping data for table `leads`
--

LOCK TABLES `leads` WRITE;
/*!40000 ALTER TABLE `leads` DISABLE KEYS */;
INSERT INTO `leads` VALUES (1,12,1,1,1,NULL,NULL,NULL,255,'Aceh',6,'Lead 1',NULL,NULL,'0800000001','lead1@example.com',66,'Other ( Keperluan Kustom )',NULL,'2025-07-12 19:01:33','2025-07-12 23:01:33','2025-07-25 15:34:03'),(2,6,3,2,28,NULL,NULL,NULL,476,'Bengkulu',6,'Lead 2',NULL,NULL,'0800000002','lead2@example.com',4,'Block Ice ( Mesin Es Balok )',NULL,'2025-07-12 19:01:33','2025-07-12 23:01:33','2025-07-15 08:10:04'),(3,6,NULL,2,28,NULL,NULL,NULL,414,'Papua Tengah',6,'Lead 3',NULL,NULL,'0800000003','lead3@example.com',110,'Flake ice ( Mesin Es Pecah )',NULL,'2025-07-12 19:01:33','2025-07-12 23:01:33','2025-07-15 08:10:04'),(4,9,NULL,3,1,NULL,NULL,NULL,35,'Sulawesi Tengah',6,'Lead 4',NULL,NULL,'0800000004','lead4@example.com',54,'Block Ice ( Mesin Es Balok )',NULL,'2025-07-12 19:01:33','2025-07-12 23:01:33','2025-07-25 15:34:03'),(5,4,4,2,28,NULL,NULL,NULL,354,'Sulawesi Barat',6,'Lead 5',NULL,NULL,'0800000005','lead5@example.com',39,'Cold Room ( Ruang Pendingin )',NULL,'2025-07-12 19:01:33','2025-07-12 23:01:33','2025-07-15 08:10:04'),(6,7,NULL,1,1,NULL,NULL,NULL,1,'Jambi',6,'Lead 6',NULL,NULL,'0800000006','lead6@example.com',30,'Tube Ice ( Mesin Es Kristal Tabung )',NULL,'2025-07-12 19:01:33','2025-07-12 23:01:33','2025-07-25 15:34:03'),(7,4,3,2,28,NULL,NULL,NULL,394,'Sumatera Utara',6,'Lead 7',NULL,NULL,'0800000007','lead7@example.com',57,'Flake ice ( Mesin Es Pecah )',NULL,'2025-07-12 19:01:33','2025-07-12 23:01:33','2025-07-15 08:10:04'),(8,10,1,1,1,NULL,NULL,NULL,77,'Aceh',6,'Lead 8',NULL,NULL,'0800000008','lead8@example.com',86,'Tube Ice ( Mesin Es Kristal Tabung )',NULL,'2025-07-12 19:01:33','2025-07-12 23:01:33','2025-07-25 15:34:03'),(9,3,3,1,1,NULL,NULL,NULL,137,'DKI Jakarta',6,'Lead 9',NULL,NULL,'0800000009','lead9@example.com',25,'Cube Ice ( Mesin Es Kristal Kubus )',NULL,'2025-07-12 19:01:33','2025-07-12 23:01:33','2025-07-25 15:34:03'),(10,5,2,1,21,NULL,NULL,NULL,202,'Jawa Tengah',7,'Lead 10',NULL,NULL,'08000000010','lead10@example.com',90,'Block Ice ( Mesin Es Balok )',NULL,'2025-07-12 19:01:33','2025-07-12 23:01:33','2025-07-29 00:00:04'),(101,8,2,1,NULL,NULL,NULL,NULL,144,'DI Yogyakarta',5,'Tremblay, Barrows and O\'Conner',NULL,NULL,'+1 (785) 899-9009','fharber@example.org',113,'Need support for existing product',NULL,'2025-07-12 23:01:33','2025-07-12 23:01:33','2025-07-12 23:01:33'),(102,12,NULL,1,NULL,NULL,NULL,NULL,234,'Sulawesi Barat',5,'Skiles LLC',NULL,NULL,'+15412024574','zwalter@example.com',44,'Request for quotation',NULL,'2025-07-12 23:01:33','2025-07-12 23:01:33','2025-07-12 23:01:33'),(103,12,3,1,NULL,NULL,NULL,NULL,203,'Sumatera Barat',5,'Haley, Brakus and Larkin',NULL,NULL,'+1.540.547.7830','edmund.steuber@example.org',97,'Request for quotation',NULL,'2025-07-12 23:01:33','2025-07-12 23:01:33','2025-07-12 23:01:33'),(201,6,NULL,3,NULL,NULL,NULL,NULL,120,'Papua Barat Daya',5,'Hodkiewicz, Wyman and Auer',NULL,NULL,'+1-803-273-8476','mcummings@example.com',2,'Need support for existing product',NULL,'2025-07-12 23:01:34','2025-07-12 23:01:34','2025-07-12 23:01:34'),(202,5,2,1,NULL,NULL,NULL,NULL,155,'Maluku Utara',5,'Ankunding Group',NULL,NULL,'+1 (323) 529-6631','christophe00@example.org',11,'Need support for existing product',NULL,'2025-07-12 23:01:34','2025-07-12 23:01:34','2025-07-12 23:01:34'),(203,3,NULL,2,NULL,NULL,NULL,NULL,418,'Sulawesi Selatan',5,'Wisozk, Cole and Metz',NULL,NULL,'541.527.7174','bartoletti.ashly@example.com',21,'Request for quotation',NULL,'2025-07-12 23:01:34','2025-07-12 23:01:34','2025-07-12 23:01:34'),(204,10,2,2,NULL,NULL,NULL,NULL,389,'Sumatera Barat',5,'Boyer and Sons',NULL,NULL,'347.943.0453','ybahringer@example.org',73,'Need support for existing product',NULL,'2025-07-12 23:01:34','2025-07-12 23:01:34','2025-07-12 23:01:34'),(205,1,1,NULL,1,NULL,NULL,NULL,1,NULL,6,'Sample Lead 1',NULL,NULL,'0800000000','sample1@example.com',NULL,'Sample needs 1',NULL,'2025-07-12 00:00:00','2025-07-12 23:07:09','2025-07-14 23:08:03'),(206,2,2,NULL,2,NULL,NULL,NULL,2,NULL,6,'Sample Lead 2',NULL,NULL,'0800000001','sample2@example.com',NULL,'Sample needs 2',NULL,'2025-07-11 00:00:00','2025-07-12 23:07:09','2025-07-14 23:08:03'),(207,3,3,NULL,3,NULL,NULL,NULL,NULL,NULL,6,'Sample Lead 3',NULL,NULL,'0800000002','sample3@example.com',NULL,'Sample needs 3',NULL,'2025-07-10 00:00:00','2025-07-12 23:07:09','2025-07-14 23:08:03'),(208,4,4,NULL,4,NULL,NULL,NULL,NULL,NULL,6,'Sample Lead 4',NULL,NULL,'0800000003','sample4@example.com',NULL,'Sample needs 4',NULL,'2025-07-09 00:00:00','2025-07-12 23:07:09','2025-07-14 23:08:04'),(209,5,NULL,NULL,5,NULL,NULL,NULL,NULL,NULL,6,'Sample Lead 5',NULL,NULL,'0800000004','sample5@example.com',NULL,'Sample needs 5',NULL,'2025-07-08 00:00:00','2025-07-12 23:07:09','2025-07-14 23:08:04'),(210,8,1,1,22,NULL,NULL,NULL,245,'Lampung',6,'Indo American Seafood (Bapak Sulis)',NULL,NULL,'021721351211','marketing@indoamericanseafoods.com',111,'Cold Room ( Ruang Pendingin )',NULL,'2025-07-14 09:07:29','2025-07-14 09:07:29','2025-08-07 10:07:03'),(211,8,3,1,23,NULL,NULL,NULL,32,'Jawa Barat',6,'Gabriel Aldi Silap',NULL,NULL,'081384815441','gabrielaldisilap@gmail.com',1,'Tube Ice ( Mesin Es Kristal Tabung )',NULL,'2025-07-14 09:14:11','2025-07-14 09:14:11','2025-07-16 09:15:04'),(212,8,3,1,23,NULL,NULL,NULL,8,'Jawa Barat',6,'Edward Chandra',NULL,NULL,'08112226780','edwardchandra@gmail.com',1,'Tube Ice ( Mesin Es Kristal Tabung )',NULL,'2025-07-14 09:15:45','2025-07-14 09:15:45','2025-07-16 09:16:03'),(213,1,3,1,21,NULL,NULL,NULL,162,'Sumatera Utara',6,'Zidan',NULL,NULL,'+62 822-7619-5480','zidan@gmail.com',NULL,'Tube Ice ( Mesin Es Kristal Tabung )',NULL,'2025-07-14 15:25:11','2025-07-14 15:25:11','2025-07-28 14:19:04'),(214,1,3,2,28,NULL,'Komersial',5,399,'Maluku Utara',3,'Mr Muhammad Ariawan','Personal','Personal','+62 812-4355-1050','muhammadariawan@gmail.com',49,'Block Ice ( Mesin Es Balok )',1.00,'2025-07-14 15:30:46','2025-07-14 15:30:46','2025-08-06 11:36:47'),(215,1,3,NULL,28,NULL,NULL,NULL,399,'Maluku Utara',6,'Muhammad Ariawan',NULL,NULL,'+62 812-4355-1050','muhammadariawan@gmail.com',NULL,'Tube Ice ( Mesin Es Kristal Tabung )',NULL,'2025-07-14 15:30:47','2025-07-14 15:30:47','2025-07-17 09:35:04'),(216,1,2,NULL,20,NULL,NULL,NULL,282,'Kalimantan Tengah',6,'Bayu',NULL,NULL,'+62 821-5847-0301','bayu@gmail.com',NULL,'Tube Ice ( Mesin Es Kristal Tabung )',NULL,'2025-07-14 15:34:07','2025-07-14 15:34:07','2025-07-16 16:20:04'),(217,1,3,NULL,28,NULL,NULL,NULL,368,'Sulawesi Tengah',6,'Alan',NULL,NULL,'+62 851-6767-6539','alan@gmail.com',NULL,'Cold Room ( Ruang Pendingin )',NULL,'2025-07-14 15:39:38','2025-07-14 15:39:38','2025-07-17 09:35:04'),(218,8,3,3,23,NULL,NULL,NULL,95,'Jawa Timur',6,'Ilham',NULL,NULL,'0882010079420','ilham@gmail.com',2,'Tube Ice ( Mesin Es Kristal Tabung )',NULL,'2025-07-14 15:42:38','2025-07-14 15:42:38','2025-07-16 15:43:03'),(219,1,3,1,23,NULL,NULL,NULL,271,'Kalimantan Barat',2,'Joko',NULL,NULL,'+62 877-0505-7679','joko@gmail.com',NULL,'Tube Ice ( Mesin Es Kristal Tabung )',NULL,'2025-07-15 08:38:06','2025-07-15 08:38:06','2025-08-11 16:55:33'),(220,1,1,NULL,30,NULL,NULL,NULL,73,'DI Yogyakarta',6,'Rama',NULL,NULL,'+62 822-2508-7650','rama@gmail.com',NULL,'Cold Room ( Ruang Pendingin )',NULL,'2025-07-15 11:26:47','2025-07-15 11:26:47','2025-08-07 09:30:04'),(221,8,3,1,22,NULL,NULL,NULL,272,'Kalimantan Barat',6,'Bapak Tanto',NULL,NULL,'0896-1060-5699','diceskw@gmail.com',1,'Tube Ice ( Mesin Es Kristal Tabung )',NULL,'2025-07-16 08:23:12','2025-07-16 08:23:12','2025-08-07 10:07:03'),(222,8,3,1,22,NULL,NULL,NULL,81,'Banten',6,'Bapak Tri',NULL,NULL,'0856-4346-1950','nurarmi31@gmail.com',6,'Tube Ice ( Mesin Es Kristal Tabung )',NULL,'2025-07-16 08:40:25','2025-07-16 08:40:25','2025-08-07 10:07:03'),(223,1,3,NULL,28,NULL,NULL,NULL,406,'Papua',6,'Eddy',NULL,NULL,'+62 813-7500-2133','Eddy@gmail.com',NULL,'Cube Ice ( Mesin Es Kristal Kubus )',NULL,'2025-07-16 08:54:51','2025-07-16 08:54:51','2025-07-18 10:52:03'),(224,1,3,1,22,NULL,NULL,NULL,16,'Jawa Barat',6,'Yayan',NULL,NULL,'081229999023','yayan@gmail.com',NULL,'Tube Ice ( Mesin Es Kristal Tabung )',NULL,'2025-07-16 09:09:54','2025-07-16 09:09:54','2025-07-16 09:48:58'),(225,1,3,1,22,NULL,NULL,NULL,16,'Jawa Barat',2,'Yayan',NULL,NULL,'081229999023','yayan@gmail.com',NULL,'Tube Ice ( Mesin Es Kristal Tabung )',NULL,'2025-07-16 09:09:54','2025-07-16 09:09:54','2025-07-31 10:06:27'),(226,8,3,1,23,NULL,NULL,NULL,293,'Kalimantan Tengah',6,'Sukamto',NULL,NULL,'081250961845','sukamto@gmail.com',1,'Tube Ice ( Mesin Es Kristal Tabung )',NULL,'2025-07-16 09:32:22','2025-07-16 09:32:22','2025-08-07 12:13:03'),(227,8,2,1,24,NULL,NULL,NULL,4,'DKI Jakarta',6,'Koperasi merah putih ( Pak Anis )',NULL,NULL,'081388777935','anissholihuddin@gmail.com',2,'Tube Ice ( Mesin Es Kristal Tabung )',NULL,'2025-07-16 10:40:28','2025-07-16 10:40:28','2025-08-08 09:53:03'),(228,8,1,1,24,NULL,NULL,NULL,3,'DKI Jakarta',6,'Harvesea ( Bu Reni )',NULL,NULL,'082197756453','reny@harvesea.com',96,'Flake ice ( Mesin Es Pecah )',NULL,'2025-07-16 10:48:35','2025-07-16 10:48:35','2025-08-08 09:53:03'),(229,8,1,1,24,NULL,NULL,NULL,27,'Jawa Barat',6,'Distributor daging sapi lokal ( Supriyanto )',NULL,NULL,'081327978097','raesky65@gmail.com',110,'Cold Room ( Ruang Pendingin )',NULL,'2025-07-16 10:52:44','2025-07-16 10:52:44','2025-08-08 09:53:03'),(230,8,3,1,24,NULL,NULL,NULL,28,'Jawa Barat',6,'Agen Sapi Impor ( Riana )',NULL,NULL,'082249028130','raesky65@gmail.com',110,'Cold Room ( Ruang Pendingin )',NULL,'2025-07-16 10:55:31','2025-07-16 10:55:31','2025-08-08 09:53:03'),(231,8,3,2,24,NULL,NULL,NULL,366,'Sulawesi Selatan',6,'RPA Palopo ( Manuk Kinawa )',NULL,NULL,'082394442777','raesky65@gmail.com',102,'Flake ice ( Mesin Es Pecah )',NULL,'2025-07-16 10:57:53','2025-07-16 10:57:53','2025-07-16 14:28:35'),(232,4,3,1,24,NULL,NULL,NULL,203,'Jawa Tengah',6,'Rumah Ayam Potong Berkat Solo ( Bu Nonik )',NULL,NULL,'0895334910608','raesky65@gmail.com',94,'Flake ice ( Mesin Es Pecah )',NULL,'2025-07-16 11:00:50','2025-07-16 11:00:50','2025-08-08 09:52:03'),(233,1,3,NULL,32,NULL,NULL,NULL,73,'DI Yogyakarta',6,'Sigit',NULL,NULL,'+62 813-2516-2909','sigit@gmail.com',NULL,'Tube Ice ( Mesin Es Kristal Tabung )',NULL,'2025-07-16 11:05:28','2025-07-16 11:05:28','2025-08-07 09:30:04'),(234,8,3,1,24,NULL,NULL,NULL,80,'Jawa Barat',6,'Rumah Potong Ayam Lina Kusniawati ( Bambang Susanto )',NULL,NULL,'081210677561','raesky65@gmail.com',94,'Flake ice ( Mesin Es Pecah )',NULL,'2025-07-16 11:09:39','2025-07-16 11:09:39','2025-08-08 09:52:03'),(235,1,1,1,24,NULL,NULL,NULL,198,'Sumatera Barat',6,'UD. Sumber Laut Padang ( David )',NULL,NULL,'081293930404','raesky65@gmail.com',94,'Block Ice ( Mesin Es Balok )',NULL,'2025-07-16 11:12:27','2025-07-16 11:12:27','2025-08-08 09:52:03'),(236,8,3,1,24,NULL,NULL,NULL,80,'Jawa Barat',6,'Distributor Nasa : Melani Nasa',NULL,NULL,'081293237282','raesky65@gmail.com',94,'Flake ice ( Mesin Es Pecah )',NULL,'2025-07-16 11:16:30','2025-07-16 11:16:30','2025-08-08 09:52:03'),(237,8,1,1,24,NULL,NULL,NULL,198,'Sumatera Barat',6,'Pasar Seafood Online Padang ( Okky Chairanda )',NULL,NULL,'08126150153','raesky65@gmail.com',94,'Flake ice ( Mesin Es Pecah )',NULL,'2025-07-16 11:22:35','2025-07-16 11:22:35','2025-08-08 09:52:03'),(238,3,3,1,24,NULL,'Food And Beverage',5,3,'DKI Jakarta',6,'Mr Classic Hotel ( Rudy Susanto )','PT Classic Hotel Indonesia','Personal','08158342000','purchasing@classichoteljakarta.com',29,'Cube Ice ( Mesin Es Kristal Kubus )',1.00,'2025-07-16 15:00:30','2025-07-16 15:00:30','2025-08-08 09:51:03'),(239,3,3,1,24,NULL,NULL,NULL,4,'DKI Jakarta',6,'25 Hours Hotel ( Fajar Ramdani )',NULL,NULL,'081802182888','Fajar.RAMDANI@25hours-hotels.com',29,'Cube Ice ( Mesin Es Kristal Kubus )',NULL,'2025-07-16 15:05:37','2025-07-16 15:05:37','2025-08-08 09:51:03'),(240,8,3,1,NULL,NULL,NULL,NULL,179,'Sumatera Utara',2,'Andika Tarigan',NULL,NULL,'082168280760','andika.tarigan@gmail.com',2,'Tube Ice ( Mesin Es Kristal Tabung )',NULL,'2025-07-17 08:39:19','2025-07-17 08:39:19','2025-07-17 08:39:19'),(241,10,1,1,21,NULL,NULL,NULL,215,'Riau',6,'PT. Powerlink Internusa',NULL,NULL,'08117589888','powerlink.internusa@gmail.com',107,'Cold Room ( Ruang Pendingin )',NULL,'2025-07-17 08:51:21','2025-07-17 08:51:21','2025-08-07 16:06:03'),(242,8,3,1,21,NULL,NULL,NULL,225,'Jambi',6,'Sunaryo',NULL,NULL,'08127406384','sunaryo.1980@gmail.com',111,'Cold Room ( Ruang Pendingin )',NULL,'2025-07-17 08:54:24','2025-07-17 08:54:24','2025-08-07 16:06:03'),(243,1,3,3,31,NULL,NULL,NULL,90,'Jawa Timur',6,'Faizal',NULL,NULL,'+62 813-5700-3191','faizal@gmail.com',NULL,'Tube Ice ( Mesin Es Kristal Tabung )',NULL,'2025-07-17 08:56:20','2025-07-17 08:56:20','2025-07-31 10:11:03'),(244,8,3,1,NULL,NULL,NULL,NULL,225,'Jambi',2,'Herman',NULL,NULL,'081212173970','herman.1980@gmail.com',2,'Tube Ice ( Mesin Es Kristal Tabung )',NULL,'2025-07-17 08:56:46','2025-07-17 08:56:46','2025-07-17 08:56:46'),(245,8,3,1,21,NULL,NULL,NULL,225,'Jambi',6,'Jessica',NULL,NULL,'082125330011','jessica.1980@gmailcom',2,'Tube Ice ( Mesin Es Kristal Tabung )',NULL,'2025-07-17 08:58:41','2025-07-17 08:58:41','2025-08-07 16:06:03'),(246,8,3,1,21,NULL,NULL,NULL,13,'Jawa Barat',6,'Arfah',NULL,NULL,'082240229622','arfah.1980@gmail.com',2,'Tube Ice ( Mesin Es Kristal Tabung )',NULL,'2025-07-17 09:00:22','2025-07-17 09:00:22','2025-08-07 16:06:03'),(247,1,3,NULL,30,NULL,NULL,NULL,41,'Jawa Timur',3,'Niam',NULL,NULL,'+62 822-2088-0120','niam@gmail.com',NULL,'Tube Ice ( Mesin Es Kristal Tabung )',NULL,'2025-07-17 13:37:38','2025-07-17 13:37:38','2025-07-31 09:29:07'),(248,8,3,NULL,20,NULL,NULL,NULL,NULL,'Jawa Barat',6,'Erlangga',NULL,NULL,'+62 878-6233-1638','erlangga@gmail.com',107,'Tube Ice ( Mesin Es Kristal Tabung )',NULL,'2025-07-17 15:56:39','2025-07-17 15:56:39','2025-07-24 15:57:03'),(249,8,3,NULL,20,NULL,NULL,NULL,NULL,'Jawa Barat',6,'Es Kristal Kirei',NULL,NULL,'+62 821-1635-3040','eskristalkirei@gmail.com',1,'Tube Ice ( Mesin Es Kristal Tabung )',NULL,'2025-07-17 16:04:37','2025-07-17 16:04:37','2025-07-24 16:05:03'),(250,1,3,NULL,28,NULL,NULL,NULL,386,'Sulawesi Utara',6,'Anita','-','Personal','+62 852-4047-8678','anita@gmail.com',NULL,'Tube Ice ( Mesin Es Kristal Tabung )',NULL,'2025-07-18 08:57:46','2025-07-18 08:57:46','2025-07-27 13:35:03'),(251,1,1,1,24,1,NULL,4,2,'DKI Jakarta',3,'Mr Effendi','PT. Lintas Inti Energy','Personal','+62 852-5488-7771','effendi@gmail.com',NULL,'Block Ice ( Mesin Es Balok )',5.00,'2025-07-18 11:23:55','2025-07-18 11:23:55','2025-08-01 09:59:06'),(252,1,1,NULL,32,NULL,NULL,NULL,40,'Jawa Tengah',6,'Joko Raharjo','koperasi merah putih','Corporate','+62 813-2853-5227','jokoraharjo@gmail.com',NULL,'Cold Room ( Ruang Pendingin )',NULL,'2025-07-21 08:37:25','2025-07-21 08:37:25','2025-08-07 09:29:03'),(253,1,3,NULL,23,NULL,NULL,NULL,25,'Jawa Barat',6,'Suryono','-','Personal','+62 812-8080-3256','suryono@gmail.com',NULL,'Tube Ice ( Mesin Es Kristal Tabung )',NULL,'2025-07-21 08:59:02','2025-07-21 08:59:02','2025-08-07 12:13:03'),(254,1,1,NULL,24,NULL,NULL,NULL,179,'Sumatera Utara',6,'Agus','Agus Suparno Water Treatment','Corporate','+62 813-6224-0000','AgusSuparno@gmail.com',NULL,'Block Ice ( Mesin Es Balok )',NULL,'2025-07-21 09:02:52','2025-07-21 09:02:52','2025-08-04 10:46:03'),(255,1,3,3,31,NULL,NULL,NULL,43,'Jawa Tengah',2,'Waluyo','-','Personal','085230723555','Waluyo@gmail.com',NULL,'Cold Room ( Ruang Pendingin )',NULL,'2025-07-21 09:05:26','2025-07-21 09:05:26','2025-07-29 08:10:30'),(256,1,3,NULL,22,NULL,NULL,NULL,78,'Banten',6,'Gery','-','Personal','+62 895-2934-3906','Gery@gmail.com',NULL,'Tube Ice ( Mesin Es Kristal Tabung )',NULL,'2025-07-21 09:07:40','2025-07-21 09:07:40','2025-08-07 10:07:03'),(257,1,3,NULL,20,NULL,NULL,NULL,5,'DKI Jakarta',6,'Erik','Cibubur','Personal','+62 857-0639-2490','Erik@gmail.com',NULL,'Tube Ice ( Mesin Es Kristal Tabung )',NULL,'2025-07-21 09:09:55','2025-07-21 09:09:55','2025-07-28 09:12:03'),(258,1,3,1,NULL,NULL,'Es Kristal',4,80,'Banten',2,'Mr Marsya','-','Personal','+62 813-3377-6899','marsya@gmail.com',2,'Tube Ice ( Mesin Es Kristal Tabung )',NULL,'2025-07-21 16:41:30','2025-07-21 16:41:30','2025-07-28 16:06:54'),(259,1,3,NULL,28,NULL,NULL,NULL,355,'Sulawesi Selatan',6,'Iskandar','-','Personal','+62 853-8952-2419','iskandar@gmail.com',NULL,'Block Ice ( Mesin Es Balok )',NULL,'2025-07-22 08:48:16','2025-07-22 08:48:16','2025-07-29 11:27:03'),(260,1,3,3,31,NULL,NULL,NULL,128,'Bali',2,'Andrew','-','Personal','+62 878-2258-8848','andrew@gmail.com',NULL,'Tube Ice ( Mesin Es Kristal Tabung )',NULL,'2025-07-22 08:54:32','2025-07-22 08:54:32','2025-08-12 09:38:22'),(261,2,1,1,NULL,NULL,NULL,NULL,7,'DKI Jakarta',5,'BUDI','AKU SUKA','Corporate','08111111111111','BUDI@ANDUK.COM',NULL,'Block Ice ( Mesin Es Balok )',NULL,'2025-07-22 09:51:07','2025-07-22 09:51:07','2025-07-22 11:46:14'),(262,8,1,1,24,NULL,NULL,NULL,77,'Banten',6,'Christian','PT Pendekar Bodoh','Corporate','081229277777','purchasing@dcostseafood.id',1,'Tube Ice ( Mesin Es Kristal Tabung )',NULL,'2025-07-23 13:39:55','2025-07-23 13:39:55','2025-08-08 09:51:03'),(263,8,1,1,24,NULL,NULL,NULL,3,'DKI Jakarta',6,'pak tri','PT Berkah bumi boga','Corporate','08170756865','tri.setyawati@kopikenangan.com',1,'Tube Ice ( Mesin Es Kristal Tabung )',NULL,'2025-07-23 13:39:55','2025-07-23 13:39:55','2025-08-08 09:50:04'),(264,1,1,NULL,24,NULL,NULL,NULL,179,'Sumatera Utara',6,'Zahedy','PKN (Partai Kebangkitan Nasional)','Corporate','+62 895-7001-87800','zahedy@gmail.com',NULL,'Tube Ice ( Mesin Es Kristal Tabung )',NULL,'2025-07-24 08:51:50','2025-07-24 08:51:50','2025-08-08 09:51:03'),(265,1,3,NULL,31,NULL,NULL,NULL,99,'Jawa Timur',3,'Nasrudin','-','Personal','082143115093','nasrudin@gmail.com',NULL,'Tube Ice ( Mesin Es Kristal Tabung )',NULL,'2025-07-24 08:53:52','2025-07-24 08:53:52','2025-07-31 09:28:13'),(266,1,1,NULL,NULL,NULL,NULL,NULL,117,'Jawa Timur',2,'Irwan','Information Technology Company','Corporate','+62 852-3699-6914','irwan@gmail.com',NULL,'Cold Room ( Ruang Pendingin )',NULL,'2025-07-24 10:03:58','2025-07-24 10:03:58','2025-07-24 13:30:21'),(267,1,3,NULL,21,NULL,NULL,NULL,179,'Sumatera Utara',6,'Maruli','-','Personal','+62 821-6657-2888','maruli@gmail.com',NULL,'Tube Ice ( Mesin Es Kristal Tabung )',NULL,'2025-07-24 16:55:59','2025-07-24 16:55:59','2025-07-31 16:57:03'),(268,1,3,NULL,20,NULL,NULL,NULL,6,'DKI Jakarta',6,'Wilson','-','Personal','+62 878-8380-4100','wilson@gmail.com',NULL,'Tube Ice ( Mesin Es Kristal Tabung )',NULL,'2025-07-25 10:32:14','2025-07-25 10:32:14','2025-08-01 10:38:03'),(269,1,3,NULL,22,NULL,NULL,NULL,2,'DKI Jakarta',6,'H. Rasyid','-','Personal','+62 813-5680-3399','rasyid@gmail.com',NULL,'Tube Ice ( Mesin Es Kristal Tabung )',NULL,'2025-07-25 10:33:01','2025-07-25 10:33:01','2025-08-08 13:28:03'),(270,1,3,NULL,23,NULL,NULL,NULL,179,'Sumatera Utara',6,'Adeck Peter','-','Personal','+62 856-5809-7951','Adeckpeter@gmail.com',NULL,'Tube Ice ( Mesin Es Kristal Tabung )',NULL,'2025-07-25 10:36:02','2025-07-25 10:36:02','2025-08-04 08:27:03'),(271,1,3,NULL,31,NULL,NULL,NULL,90,'Jawa Timur',6,'Lee Tony','-','Personal','+62 811-300-429','leetony@gmail.com',NULL,'Tube Ice ( Mesin Es Kristal Tabung )',NULL,'2025-07-25 15:07:23','2025-07-25 15:07:23','2025-08-12 08:32:04'),(272,2,1,NULL,NULL,NULL,NULL,NULL,2,'Jawa Barat',5,'Ivan','PT COBA IVAN','Corporate','081111111','email@domain.com',NULL,'Tube Ice ( Mesin Es Kristal Tabung )',NULL,'2025-07-25 21:06:54','2025-07-25 21:06:54','2025-07-25 21:43:53'),(273,2,NULL,NULL,21,NULL,NULL,5,2,'DKI Jakarta',7,'Mr Hizkia Rudi','Tester','Personal','0928052412','Superadmin@localhost.com',NULL,'Tube Ice ( Mesin Es Kristal Tabung )',5.00,'2025-07-28 09:22:51','2025-07-28 09:22:51','2025-07-30 11:49:55'),(274,2,NULL,NULL,21,NULL,NULL,5,2,'DKI Jakarta',7,'Mr Hizkia Rudi','Tester','Personal','0928052412','Superadmin@localhost.com',NULL,'Tube Ice ( Mesin Es Kristal Tabung )',5.00,'2025-07-28 09:22:52','2025-07-28 09:22:52','2025-07-30 11:50:02'),(275,1,3,3,31,NULL,'es kristal',10,104,'Jawa Timur',6,'Mr Afan','-','Personal','+62 859-3321-5442','afan@gmail.com',NULL,'Tube Ice ( Mesin Es Kristal Tabung )',3.00,'2025-07-28 09:53:05','2025-07-28 09:53:05','2025-08-12 08:32:04'),(276,1,NULL,NULL,31,NULL,NULL,10,128,'Bali',6,'Mrs Apriani','-','Personal','+62 878-3712-9830','Apriani@gmail.com',NULL,'Cube Ice ( Mesin Es Kristal Kubus )',5.00,'2025-07-28 09:55:23','2025-07-28 09:55:23','2025-08-12 08:32:04'),(277,1,NULL,NULL,NULL,NULL,NULL,NULL,90,'Jawa Timur',2,'Mr Lee Tony','-','Personal','62 811-300-429','leetony@gmail.com',NULL,'Tube Ice ( Mesin Es Kristal Tabung )',5.00,'2025-07-28 09:58:00','2025-07-28 09:58:00','2025-07-28 10:09:05'),(278,1,NULL,NULL,28,NULL,NULL,NULL,328,'Sulawesi Utara',6,'Mr Felix','-','Personal','62 822-9066-6643','felix@gmail.com',NULL,'Block Ice ( Mesin Es Balok )',5.00,'2025-07-28 10:00:52','2025-07-28 10:00:52','2025-08-04 12:14:03'),(279,1,NULL,NULL,22,NULL,NULL,10,133,'Aceh',6,'Mr Murtaza','-','Personal','+62 852-7072-6145','murtaza@gmail.com',NULL,'Tube Ice ( Mesin Es Kristal Tabung )',1.00,'2025-07-28 11:55:34','2025-07-28 11:55:34','2025-08-04 12:00:04'),(280,1,NULL,NULL,23,NULL,NULL,10,158,'Sumatera Utara',6,'Mr Ridho','-','Personal','+62 851-2121-2414','Ridho@gmail.com',NULL,'Cube Ice ( Mesin Es Kristal Kubus )',1.00,'2025-07-28 11:57:53','2025-07-28 11:57:53','2025-08-04 12:00:04'),(281,8,2,1,NULL,3,NULL,2,1,'DKI Jakarta',2,'Mr tes','tes','Government','123123','febrianaries@gmail.com',2,'Cube Ice ( Mesin Es Kristal Kubus )',1.00,'2025-07-28 15:16:26','2025-07-28 15:16:26','2025-07-28 15:16:26'),(282,1,3,3,32,NULL,'es kristal',10,45,'Jawa Tengah',6,'Mrs Aj','-','Personal','+62 823-4283-0575','Aj@gmail.com',NULL,'Tube Ice ( Mesin Es Kristal Tabung )',1.00,'2025-07-28 15:16:55','2025-07-28 15:16:55','2025-08-07 09:29:03'),(283,1,NULL,NULL,24,NULL,NULL,10,2,'DKI Jakarta',6,'Mr Antonius','-','Personal','+62 817-0300-0007','antonius@gmail.com',NULL,'Tube Ice ( Mesin Es Kristal Tabung )',1.00,'2025-07-28 15:49:12','2025-07-28 15:49:12','2025-08-04 15:56:03'),(284,1,3,1,21,9,NULL,7,2,'DKI Jakarta',6,'Mr William','-','Corporate','+62 812-9255-5096','william@gmail.com',1,'Cold Room ( Ruang Pendingin )',15.00,'2025-07-28 15:53:22','2025-07-28 15:53:22','2025-08-04 15:55:03'),(285,1,NULL,NULL,31,NULL,NULL,10,67,'Jawa Tengah',6,'Mr Subur','-','Personal','+62 821-3651-5840','subur@gmail.com',NULL,'Tube Ice ( Mesin Es Kristal Tabung )',1.00,'2025-07-28 16:26:14','2025-07-28 16:26:14','2025-08-12 08:32:04'),(286,2,NULL,NULL,21,NULL,NULL,1,1,'DKI Jakarta',7,'Mr IVAN','PT TRIAL','Personal','081111','hizkiarudi02@gmail.com',NULL,'Tube Ice ( Mesin Es Kristal Tabung )',5.00,'2025-07-29 09:54:24','2025-07-29 09:54:24','2025-07-30 11:49:58'),(287,1,1,1,NULL,2,NULL,2,2,'DKI Jakarta',3,'Mr Hizkia Rudi','AKU SUKA','Corporate','081111','Superadmin@localhost.com',NULL,'Tube Ice ( Mesin Es Kristal Tabung )',5.00,'2025-07-29 10:10:06','2025-07-29 10:10:06','2025-07-30 11:43:24'),(288,14,NULL,NULL,36,NULL,NULL,5,2,'DKI Jakarta',6,'Mr Aji','AKU SUKA','Corporate','081111','Superadmin@localhost.com',NULL,'Tube Ice ( Mesin Es Kristal Tabung )',5.00,'2025-07-29 13:17:13','2025-07-29 13:17:13','2025-08-01 10:22:34'),(289,8,1,1,NULL,2,NULL,4,7,'Jawa Barat',2,'Mr Feryka','Mulia Abadi Sarana','Corporate','089628104735','ferykahidayat@gmail.coom',95,'Flake ice ( Mesin Es Pecah )',NULL,'2025-07-29 16:09:48','2025-07-29 16:09:48','2025-07-29 16:09:48'),(290,8,1,1,NULL,9,NULL,2,29,'Jawa Barat',2,'Mr Iwan','Pabrik Es Tirta Hijau','Corporate','082320301692','iwan@gmail.com',1,'Tube Ice ( Mesin Es Kristal Tabung )',NULL,'2025-07-29 16:13:19','2025-07-29 16:13:19','2025-07-29 16:13:19'),(291,8,2,1,NULL,2,NULL,4,25,'Jawa Barat',2,'Mr Ridi','Dinas Perikanan dan Peternakan Kota Bandung','Institution','082120016001','ridi@gmail.com',92,'Flake ice ( Mesin Es Pecah )',NULL,'2025-07-29 16:15:42','2025-07-29 16:15:42','2025-07-29 16:15:42'),(292,9,2,1,24,2,NULL,10,5,'DKI Jakarta',6,'Mrs Riana','Dinas KPKP Jakarta Timur','Government','(021) 4808333','raesky65@gmail.com',108,'Cold Room ( Ruang Pendingin )',NULL,'2025-07-30 07:27:32','2025-07-30 07:27:32','2025-08-08 09:50:04'),(293,9,2,1,24,2,NULL,10,6,'DKI Jakarta',6,'Mr Akbar','Dinas KPKP Jakarta Utara','Government','08111772247','raesky65@gmail.com',108,'Cold Room ( Ruang Pendingin )',NULL,'2025-07-30 07:27:32','2025-07-30 07:27:32','2025-08-06 07:28:03'),(294,9,2,1,24,2,NULL,10,5,'DKI Jakarta',6,'Mrs Riana','Dinas KPKP Jakarta Timur','Government','(021) 4808333','raesky65@gmail.com',108,'Cold Room ( Ruang Pendingin )',NULL,'2025-07-30 07:34:15','2025-07-30 07:34:15','2025-08-06 07:35:03'),(295,1,1,3,NULL,1,NULL,2,90,'Jawa Timur',5,'Mr Aji','Daxtro','Personal','081111','sales.jkt2@daxtro.com',1,'Block Ice ( Mesin Es Balok )',5.00,'2025-07-30 10:19:07','2025-07-30 10:19:07','2025-07-30 11:31:36'),(296,8,3,1,NULL,9,NULL,5,244,'Lampung',2,'Mr Agung Pradana','Pak Agung','Repeat Order','085272523215','agungpradana@gmail.com',2,'Tube Ice ( Mesin Es Kristal Tabung )',10.00,'2025-07-30 10:56:30','2025-07-30 10:56:30','2025-07-30 10:56:30'),(297,9,2,1,24,1,NULL,4,6,'DKI Jakarta',6,'Mr Sahlan','Instansi UPPP Muara Angke','Government','081213444805','raesky65@gmail.com',108,'Cold Room ( Ruang Pendingin )',NULL,'2025-07-30 13:41:48','2025-07-30 13:41:48','2025-08-06 13:42:03'),(298,8,3,1,NULL,NULL,'Individu',10,18,'Jawa Barat',2,'Mr Rizal','Bapak Rizal','Personal','081290888499','istanadessert99@gmail.com',8,'Tube Ice ( Mesin Es Kristal Tabung )',3.00,'2025-07-30 15:14:59','2025-07-30 15:14:59','2025-07-30 15:14:59'),(299,8,3,1,22,NULL,'Personal',10,25,'Jawa Barat',6,'Mr Farkur','Bapak Farkur','Personal','081312703524','istanadessert99@gmail.com',2,'Tube Ice ( Mesin Es Kristal Tabung )',1.00,'2025-07-31 09:31:04','2025-07-31 09:31:04','2025-08-07 09:31:04'),(300,8,3,1,22,NULL,'Individu',10,27,'Jawa Barat',6,'Mr Abdul Hafiz','Bapak Abdul Hafiz','Personal','085714758939','istanadessert99@gmail.com',14,'Tube Ice ( Mesin Es Kristal Tabung )',3.00,'2025-07-31 09:34:35','2025-07-31 09:34:35','2025-08-07 09:35:04'),(301,8,3,1,22,NULL,'Individu',10,133,'Aceh',6,'Mr Amir','Bapak Amir','Personal','081263324627','istanadessert99@gmail.com',8,'Tube Ice ( Mesin Es Kristal Tabung )',3.00,'2025-07-31 09:37:53','2025-07-31 09:37:53','2025-08-07 09:38:03'),(302,8,3,1,22,NULL,'Individu',10,27,'Jawa Barat',6,'Mr Isa Hermawan','Bapak Isa hermawan','Personal','081908868078','istanadessert99@gmail.com',8,'Tube Ice ( Mesin Es Kristal Tabung )',3.00,'2025-07-31 09:44:48','2025-07-31 09:44:48','2025-08-07 09:45:03'),(303,8,3,1,22,NULL,'Individu',10,30,'Jawa Barat',6,'Mr Rian Pambudi','Bapak Rian Pambudi','Personal','08118841884','istanadessert99@gmail.com',6,'Tube Ice ( Mesin Es Kristal Tabung )',5.00,'2025-07-31 09:49:16','2025-07-31 09:49:16','2025-08-07 09:50:04'),(304,8,3,1,NULL,2,NULL,5,7,'Jawa Barat',2,'Mr Ait','Pak Ait','Personal','085100308294','ait@gmail.com',51,'Block Ice ( Mesin Es Balok )',5.00,'2025-07-31 09:51:26','2025-07-31 09:51:26','2025-07-31 09:51:26'),(305,8,3,1,22,NULL,'Individu',10,1,'DKI Jakarta',6,'Mr Bapak Mahmud','tanjung pinang, kepulauan riau','Personal','08117008884','mr.freezetpi@gmail.com',10,'Tube Ice ( Mesin Es Kristal Tabung )',5.00,'2025-07-31 09:53:39','2025-07-31 09:53:39','2025-08-07 09:54:03'),(306,8,3,1,22,NULL,'Individu',10,10,'Jawa Barat',6,'Mr Rachma','Supplier ES Kristal Berkah CABANG  BOGOR','Personal','087715337075','istanadessert99@gmail.com',8,'Tube Ice ( Mesin Es Kristal Tabung )',3.00,'2025-07-31 09:56:10','2025-07-31 09:56:10','2025-08-07 09:57:03'),(307,8,3,1,22,NULL,'Individu',10,10,'Jawa Barat',6,'Mr Prabowo','Prabowo','Personal','085706392490','istanadessert99@gmail.com',8,'Tube Ice ( Mesin Es Kristal Tabung )',1.00,'2025-07-31 09:59:34','2025-07-31 09:59:34','2025-08-07 10:00:04'),(308,8,3,1,22,NULL,'Individu',5,225,'Jambi',6,'Mr Robert','Sky Ice Crystal','Distributor','082159697400','istanadessert99@gmail.com',8,'Tube Ice ( Mesin Es Kristal Tabung )',3.00,'2025-07-31 10:03:53','2025-07-31 10:03:53','2025-08-07 10:04:03'),(309,8,3,1,22,NULL,'Individu',10,131,'Aceh',6,'Mr Ridha Azhari','Bapak Ridha Azhari','Personal','085297017254','istanadessert99@gmail.com',14,'Tube Ice ( Mesin Es Kristal Tabung )',3.00,'2025-07-31 10:09:41','2025-07-31 10:09:41','2025-08-07 10:10:04'),(310,8,3,1,22,NULL,'Individu',10,1,'DKI Jakarta',6,'Mr Leni','Ibu Leni (Kota bengkulu Prov Bengkulu)','Personal','082154678505','istanadessert99@gmail.com',10,'Tube Ice ( Mesin Es Kristal Tabung )',1.00,'2025-07-31 10:11:48','2025-07-31 10:11:48','2025-08-07 10:12:03'),(311,8,3,1,22,NULL,'Individu',5,16,'Jawa Barat',6,'Mrs Putri','Ibu Putri (es kristal karawang)','Personal','089623830762','eskristalkarawang@gmai.com',12,'Cube Ice ( Mesin Es Kristal Kubus )',3.00,'2025-07-31 10:14:07','2025-07-31 10:14:07','2025-08-07 10:15:04'),(312,8,3,1,22,NULL,'Individu',5,13,'Jawa Barat',6,'Mr Sainallawu','TPI Bondet','Corporate','081267727556','istanadessert99@gmail.com',107,'Cold Room ( Ruang Pendingin )',5.00,'2025-07-31 10:33:07','2025-07-31 10:33:07','2025-08-07 10:34:03'),(313,8,3,3,22,1,NULL,10,56,'Jawa Tengah',6,'Mr Toro','Bapak Toro','Personal','0811280010','istanadessert99@gmail.com',62,'Block Ice ( Mesin Es Balok )',1.00,'2025-07-31 10:40:38','2025-07-31 10:40:38','2025-08-07 10:41:03'),(314,8,3,1,23,9,NULL,5,257,'Lampung',6,'Mr Heri','Pak Heri','Personal','081278625420','heri@gmail.com',1,'Tube Ice ( Mesin Es Kristal Tabung )',NULL,'2025-07-31 10:49:09','2025-07-31 10:49:09','2025-08-07 10:50:03'),(315,8,3,1,23,9,NULL,4,16,'Jawa Barat',6,'Mr Ayadi','Es Kristal 24','Personal','085692342024','ayadi@gmail.com',2,'Tube Ice ( Mesin Es Kristal Tabung )',NULL,'2025-07-31 10:51:04','2025-07-31 10:51:04','2025-08-07 10:52:03'),(316,8,3,1,23,9,NULL,5,13,'Jawa Barat',6,'Mr Agung Juanedi','Pak Agung','Personal','085320381465','agung@gmail.com',2,'Tube Ice ( Mesin Es Kristal Tabung )',NULL,'2025-07-31 10:52:34','2025-07-31 10:52:34','2025-08-07 10:53:03'),(317,8,3,1,23,9,NULL,5,30,'Jawa Barat',6,'Mr Iyus','Pak Iyus','Personal','08986279335','iyus@gmail.com',2,'Tube Ice ( Mesin Es Kristal Tabung )',NULL,'2025-07-31 10:54:09','2025-07-31 10:54:09','2025-08-07 10:55:04'),(318,8,3,3,23,9,NULL,5,99,'Jawa Timur',6,'Mr Ahmad','Pak Ahmad','Personal','082143115093','ahmad@gmail.com',2,'Tube Ice ( Mesin Es Kristal Tabung )',NULL,'2025-07-31 10:55:32','2025-07-31 10:55:32','2025-08-07 10:56:03'),(319,8,2,1,23,2,NULL,2,8,'Jawa Barat',2,'Mr Rizki','Dinas Peternakan Kab. Bandung Barat','Government','089512302594','rizki@gmail.com',95,'Flake ice ( Mesin Es Pecah )',NULL,'2025-07-31 11:01:04','2025-07-31 11:01:04','2025-08-08 10:03:03'),(320,8,2,1,23,2,NULL,2,25,'Jawa Barat',2,'Mr Supri','Dinas Peternakan Jawa Barat','Government','082115200472','supri@gmail.com',95,'Flake ice ( Mesin Es Pecah )',NULL,'2025-07-31 11:02:36','2025-07-31 11:02:36','2025-08-08 10:02:56'),(321,8,3,1,23,9,NULL,5,25,'Jawa Barat',6,'Mr Merliones','Merliones','Personal','08887877799','merliones@gmail.com',2,'Tube Ice ( Mesin Es Kristal Tabung )',NULL,'2025-07-31 11:05:25','2025-07-31 11:05:25','2025-08-07 11:06:03'),(322,9,2,1,24,1,NULL,4,3,'DKI Jakarta',6,'Mr Setya Budi','Kementrian Kelautan dan Perikanan','Government','081311117169','raesky65@gmail.com',48,'Block Ice ( Mesin Es Balok )',NULL,'2025-07-31 11:39:23','2025-07-31 11:39:23','2025-08-07 11:40:04'),(323,1,NULL,NULL,23,NULL,NULL,NULL,151,'Aceh',2,'Mr Up Pak Sapri','AVA MEP Gedung','Corporate','+62 812-6205-6697','sapri.ava@gmail.com',NULL,'Block Ice ( Mesin Es Balok )',15.00,'2025-07-31 11:50:52','2025-07-31 11:50:52','2025-08-08 10:01:49'),(324,2,NULL,NULL,36,NULL,NULL,4,2,'DKI Jakarta',7,'Mr Hizkia Rudi','Tester','Corporate','0928052412','Superadmin@localhost.com',NULL,'Cube Ice ( Mesin Es Kristal Kubus )',5.00,'2025-08-01 09:48:56','2025-08-01 09:48:56','2025-08-01 13:45:55'),(325,1,3,1,22,4,NULL,5,77,'Banten',6,'Mr Novi','-','Personal','+62 822-3453-2222','novi@gmail.com',1,'Tube Ice ( Mesin Es Kristal Tabung )',1.00,'2025-08-01 12:00:55','2025-08-01 12:00:55','2025-08-08 13:28:03'),(326,1,3,1,24,1,NULL,10,179,'Sumatera Utara',6,'Mr Edy','-','Personal','08126210812','Edy@gmaill.com',1,'Tube Ice ( Mesin Es Kristal Tabung )',10.00,'2025-08-01 14:54:47','2025-08-01 14:54:47','2025-08-08 14:56:03'),(327,1,NULL,NULL,24,NULL,NULL,NULL,179,'Sumatera Utara',6,'Mr Arifin Nainggolan','-','Personal','+62 821-6166-6718','Arifin@gmail.com',NULL,'Tube Ice ( Mesin Es Kristal Tabung )',NULL,'2025-08-04 10:00:14','2025-08-04 10:00:14','2025-08-11 10:10:03'),(328,1,NULL,NULL,22,NULL,NULL,NULL,179,'Sumatera Utara',6,'Mr Hendra','-','Personal','+62 813-7641-2109','Hendra@gmail.com',NULL,'Tube Ice ( Mesin Es Kristal Tabung )',NULL,'2025-08-04 10:01:12','2025-08-04 10:01:12','2025-08-11 10:12:03'),(329,1,NULL,NULL,23,NULL,NULL,NULL,179,'Sumatera Utara',6,'Mr Robin','-','Personal','+62 812-6005-8167','Robin@gmail.com',NULL,'Tube Ice ( Mesin Es Kristal Tabung )',NULL,'2025-08-04 10:02:53','2025-08-04 10:02:53','2025-08-11 10:10:03'),(330,1,3,1,24,9,NULL,10,179,'Sumatera Utara',6,'Mr Romi','-','Personal','+62 813-7721-2218','Romi@gmail.com',1,'Tube Ice ( Mesin Es Kristal Tabung )',NULL,'2025-08-04 10:05:39','2025-08-04 10:05:39','2025-08-11 10:46:03'),(331,1,NULL,NULL,20,NULL,NULL,NULL,271,'Kalimantan Barat',6,'Mr Dheny','-','Corporate','+62 895-2433-7334','Dheny@gmail.com',NULL,'Cube Ice ( Mesin Es Kristal Kubus )',NULL,'2025-08-04 10:12:41','2025-08-04 10:12:41','2025-08-11 10:14:03'),(332,1,NULL,NULL,28,NULL,NULL,NULL,386,'Gorontalo',6,'Mr Muksin','-','Personal','+62 812-4491-502','muksin@gmail.com',NULL,'Tube Ice ( Mesin Es Kristal Tabung )',NULL,'2025-08-04 13:58:11','2025-08-04 13:58:11','2025-08-12 07:49:04'),(333,1,NULL,NULL,30,NULL,NULL,NULL,54,'Jawa Tengah',6,'Mr Sigit Cahyono','-','Personal','+62 851-6581-1807','sigitcahyo@gmail.com',NULL,'Tube Ice ( Mesin Es Kristal Tabung )',NULL,'2025-08-04 15:56:23','2025-08-04 15:56:23','2025-08-11 16:24:03'),(334,1,3,1,NULL,2,NULL,2,2,'DKI Jakarta',3,'Mr TEST','TEST','Corporate','081111','hizkiarudi02@gmail.com',2,'Cube Ice ( Mesin Es Kristal Kubus )',5.00,'2025-08-05 10:56:50','2025-08-05 10:56:50','2025-08-05 11:04:04'),(335,1,NULL,NULL,NULL,NULL,NULL,5,2,'DKI Jakarta',2,'Mr xxx','pabrik es','Personal','56788990','Superadmin@localhost.com',NULL,'Cube Ice ( Mesin Es Kristal Kubus )',5.00,'2025-08-05 16:25:17','2025-08-05 16:25:17','2025-08-09 12:25:34'),(336,1,NULL,NULL,NULL,NULL,NULL,NULL,462,'Nusa Tenggara Timur',2,'Mr Zeyto','-','Personal','+62 812-3948-2999','Zeyto@gmail.com',NULL,'Tube Ice ( Mesin Es Kristal Tabung )',NULL,'2025-08-06 09:03:19','2025-08-06 09:03:19','2025-08-06 09:50:48'),(337,1,3,1,NULL,3,NULL,10,81,'Banten',2,'Mr kakang prabu','-','Personal','+62 878-8333-9720','kakangprabu@gmail.com',NULL,'Tube Ice ( Mesin Es Kristal Tabung )',1.00,'2025-08-06 12:17:31','2025-08-06 12:17:31','2025-08-06 13:42:54'),(338,1,NULL,NULL,NULL,NULL,NULL,NULL,20,'Jawa Barat',2,'Mr ari','-','Personal','+62 822-1803-1691','ari@gmail.com',NULL,'Cube Ice ( Mesin Es Kristal Kubus )',1.00,'2025-08-06 13:41:17','2025-08-06 13:41:17','2025-08-06 13:43:16'),(339,1,NULL,NULL,NULL,NULL,NULL,NULL,179,'Sumatera Utara',2,'Mr andi','-','Personal','+62 811-636-685','andi@gmail.ccom',NULL,'Tube Ice ( Mesin Es Kristal Tabung )',3.00,'2025-08-06 15:35:42','2025-08-06 15:35:42','2025-08-06 15:36:31'),(340,1,NULL,NULL,NULL,NULL,NULL,NULL,10,'Jawa Barat',2,'Mr dedi iskandar','-','Personal','+62 813-8528-4278','dediiskandar@gmail.com',NULL,'Tube Ice ( Mesin Es Kristal Tabung )',1.00,'2025-08-07 15:44:45','2025-08-07 15:44:45','2025-08-08 09:48:50'),(341,1,NULL,NULL,NULL,NULL,NULL,NULL,179,'Sumatera Utara',2,'Mr lusi','-','Personal','+62 821-7120-3245','lusi@gmail.com',NULL,'Tube Ice ( Mesin Es Kristal Tabung )',1.00,'2025-08-07 15:46:02','2025-08-07 15:46:02','2025-08-08 11:29:48'),(342,1,NULL,NULL,NULL,NULL,NULL,NULL,43,'Jawa Tengah',2,'Mr son haji','-','Personal','+62 851-7680-4007','sonhaji@gmail.com',NULL,'Tube Ice ( Mesin Es Kristal Tabung )',1.00,'2025-08-08 08:45:22','2025-08-08 08:45:22','2025-08-08 09:55:44'),(343,1,NULL,NULL,NULL,NULL,NULL,NULL,5,'DKI Jakarta',2,'Mr bagus heri','PT Wijaya Karya Rekayasa Konstruksi','Corporate','+62 816-207-864','bausheri@gmail.com',NULL,'Block Ice ( Mesin Es Balok )',2.00,'2025-08-08 10:07:17','2025-08-08 10:07:17','2025-08-08 10:30:33'),(344,1,NULL,NULL,NULL,NULL,NULL,NULL,4,'DKI Jakarta',2,'Mr leni','PT Global Niaga Internusa','Corporate','+62 896-1840-8571','leni@gmail.com',NULL,'Tube Ice ( Mesin Es Kristal Tabung )',3.00,'2025-08-08 13:45:13','2025-08-08 13:45:13','2025-08-08 13:45:58'),(345,1,NULL,NULL,NULL,NULL,NULL,NULL,31,'Jawa Barat',2,'Mrs novia','-','Personal','+62 878-8219-9310','novia@gmail.com',NULL,'Tube Ice ( Mesin Es Kristal Tabung )',1.00,'2025-08-11 08:57:06','2025-08-11 08:57:06','2025-08-11 11:30:29'),(346,1,NULL,NULL,NULL,NULL,NULL,NULL,383,'Sulawesi Tengah',2,'Mr rahmat','-','Personal','+62 852-5552-8008','rahmat@gmail.com',NULL,'Tube Ice ( Mesin Es Kristal Tabung )',1.00,'2025-08-11 09:01:34','2025-08-11 09:01:34','2025-08-11 12:21:58'),(347,1,NULL,NULL,NULL,NULL,NULL,NULL,364,'Sulawesi Selatan',2,'Mr andi sukur','-','Personal','+62 821-4620-5980','andisukur@gmail.com',NULL,'Block Ice ( Mesin Es Balok )',1.00,'2025-08-11 09:06:16','2025-08-11 09:06:16','2025-08-11 13:30:47'),(348,1,1,NULL,NULL,NULL,NULL,NULL,74,NULL,2,'Arif',NULL,NULL,'82210519406','null@null.com',NULL,'Tube ice ( Mesin Es Kristal Tabung )',NULL,'2025-08-11 14:38:43','2025-08-11 14:52:49','2025-08-11 14:58:57'),(349,1,1,NULL,NULL,NULL,NULL,NULL,204,NULL,2,'Roni',NULL,NULL,'811702023','null@null.com',NULL,'Tube ice ( Mesin Es Kristal Tabung )',NULL,'2025-08-11 14:38:43','2025-08-11 14:52:49','2025-08-11 14:59:03'),(350,1,1,NULL,NULL,NULL,NULL,NULL,152,NULL,2,'Catelia',NULL,NULL,'85648111331','null@null.com',NULL,'Block Ice ( Mesin Es Balok )',NULL,'2025-08-11 14:38:43','2025-08-11 14:52:49','2025-08-11 14:59:08'),(351,1,1,NULL,NULL,NULL,NULL,NULL,216,NULL,2,'Piter',NULL,NULL,'85269263415','null@null.com',NULL,'Tube ice ( Mesin Es Kristal Tabung )',NULL,'2025-08-11 14:38:43','2025-08-11 14:52:49','2025-08-11 14:59:14'),(352,1,1,NULL,NULL,NULL,NULL,NULL,458,NULL,2,'Calvin',NULL,NULL,'85279888788','null@null.com',NULL,'Tube ice ( Mesin Es Kristal Tabung )',NULL,'2025-08-11 14:38:43','2025-08-11 14:52:49','2025-08-12 10:00:54'),(353,1,1,NULL,NULL,NULL,NULL,NULL,300,NULL,2,'Roy',NULL,NULL,'82247147728','null@null.com',NULL,'Tube ice ( Mesin Es Kristal Tabung )',NULL,'2025-08-11 14:38:43','2025-08-11 14:52:49','2025-08-11 14:59:19'),(354,1,1,NULL,NULL,NULL,NULL,NULL,406,NULL,2,'Sultan',NULL,NULL,'81348479556','null@null.com',NULL,'Block Ice ( Mesin Es Balok )',NULL,'2025-08-11 14:38:43','2025-08-11 14:52:49','2025-08-11 15:02:32'),(355,1,1,NULL,NULL,NULL,NULL,NULL,7,NULL,2,'Wardiman Jaya',NULL,NULL,'85256434393','null@null.com',NULL,'Block Ice ( Mesin Es Balok )',NULL,'2025-08-11 14:38:43','2025-08-11 14:52:49','2025-08-11 14:59:24'),(356,1,1,NULL,NULL,NULL,NULL,NULL,74,NULL,2,'A.Supriatna',NULL,NULL,'81294908120','null@null.com',NULL,'Tube ice ( Mesin Es Kristal Tabung )',NULL,'2025-08-11 14:38:43','2025-08-11 14:52:49','2025-08-11 15:00:22'),(357,1,1,NULL,NULL,NULL,NULL,NULL,74,NULL,2,'Virly',NULL,NULL,'895635319930','null@null.com',NULL,'Tube ice ( Mesin Es Kristal Tabung )',NULL,'2025-08-11 14:38:43','2025-08-11 14:52:49','2025-08-11 15:00:07'),(358,1,1,NULL,NULL,NULL,NULL,NULL,129,NULL,2,'Firdaus',NULL,NULL,'8119146234','null@null.com',NULL,'Tube ice ( Mesin Es Kristal Tabung )',NULL,'2025-08-11 14:38:43','2025-08-11 14:52:49','2025-08-11 15:00:02'),(359,1,1,NULL,NULL,NULL,NULL,NULL,287,NULL,2,'Faisal',NULL,NULL,'81278178800','null@null.com',NULL,'Tube ice ( Mesin Es Kristal Tabung )',NULL,'2025-08-11 14:38:43','2025-08-11 14:52:49','2025-08-11 14:59:57'),(360,1,1,NULL,NULL,NULL,NULL,NULL,244,NULL,2,'Muhammad Bahtiar',NULL,NULL,'82244333989','null@null.com',NULL,'Tube ice ( Mesin Es Kristal Tabung )',NULL,'2025-08-11 14:38:43','2025-08-11 14:52:49','2025-08-11 14:59:51'),(361,1,1,NULL,NULL,NULL,NULL,NULL,287,NULL,2,'Aya',NULL,NULL,'82281673511','null@null.com',NULL,'Tube ice ( Mesin Es Kristal Tabung )',NULL,'2025-08-11 14:38:43','2025-08-11 14:52:49','2025-08-11 14:59:45'),(362,1,1,NULL,NULL,NULL,NULL,NULL,259,NULL,2,'Akhmad Rifa\'ie',NULL,NULL,'82350158094','null@null.com',NULL,'Tube ice ( Mesin Es Kristal Tabung )',NULL,'2025-08-11 14:38:43','2025-08-11 14:52:49','2025-08-11 14:59:40'),(363,1,1,NULL,NULL,NULL,NULL,NULL,7,NULL,2,'Abed tanudjaja',NULL,NULL,'81285056224','null@null.com',NULL,'Block Ice ( Mesin Es Balok )',NULL,'2025-08-11 14:38:43','2025-08-11 14:52:49','2025-08-11 14:59:34'),(364,1,1,NULL,NULL,NULL,NULL,NULL,34,NULL,2,'Joko Susilo',NULL,NULL,'8571055963','null@null.com',NULL,'Tube ice ( Mesin Es Kristal Tabung )',NULL,'2025-08-11 14:38:43','2025-08-11 14:52:50','2025-08-12 09:34:49'),(365,1,1,NULL,NULL,NULL,NULL,NULL,300,NULL,2,'Eliza',NULL,NULL,'85283411553','null@null.com',NULL,'Tube ice ( Mesin Es Kristal Tabung )',NULL,'2025-08-11 14:38:43','2025-08-11 14:52:50','2025-08-11 15:00:40'),(366,1,1,NULL,NULL,NULL,NULL,NULL,74,NULL,2,'Rendy alfian',NULL,NULL,'82395248150','null@null.com',NULL,'Block Ice ( Mesin Es Balok )',NULL,'2025-08-11 14:38:43','2025-08-11 14:52:50','2025-08-11 15:02:09'),(367,1,1,NULL,NULL,NULL,NULL,NULL,7,NULL,2,'Auliya',NULL,NULL,'89637652266','null@null.com',NULL,'Tube ice ( Mesin Es Kristal Tabung )',NULL,'2025-08-11 14:38:43','2025-08-11 14:52:50','2025-08-11 15:08:46'),(368,1,1,NULL,NULL,NULL,NULL,NULL,7,NULL,2,'Indra',NULL,NULL,'82311828500','null@null.com',NULL,'Tube ice ( Mesin Es Kristal Tabung )',NULL,'2025-08-11 14:38:43','2025-08-11 14:52:50','2025-08-11 15:08:51'),(369,1,1,NULL,NULL,NULL,NULL,NULL,1,NULL,2,'Yogi',NULL,NULL,'81394596457','null@null.com',NULL,'Tube ice ( Mesin Es Kristal Tabung )',NULL,'2025-08-11 14:38:43','2025-08-11 14:52:50','2025-08-11 15:16:26'),(370,1,1,NULL,NULL,NULL,NULL,NULL,7,NULL,2,'Habibi',NULL,NULL,'0852 4704 7700','null@null.com',NULL,'Tube ice ( Mesin Es Kristal Tabung )',NULL,'2025-08-11 14:38:43','2025-08-11 14:52:50','2025-08-11 15:10:09'),(371,1,1,NULL,NULL,NULL,NULL,NULL,343,NULL,2,'Nandang',NULL,NULL,'81277867404','null@null.com',NULL,'Tube ice ( Mesin Es Kristal Tabung )',NULL,'2025-08-11 14:38:43','2025-08-11 14:52:50','2025-08-11 15:02:39'),(372,1,1,NULL,NULL,NULL,NULL,NULL,287,NULL,2,'Yongki',NULL,NULL,'082290694995','null@null.com',NULL,'Block Ice ( Mesin Es Balok )',NULL,'2025-08-11 14:38:43','2025-08-11 14:52:50','2025-08-11 15:16:32'),(373,1,1,NULL,NULL,NULL,NULL,NULL,1,NULL,2,'Ronni Chandra',NULL,NULL,'0811 5166 9555','null@null.com',NULL,'Tube ice ( Mesin Es Kristal Tabung )',NULL,'2025-08-11 14:38:43','2025-08-11 14:52:50','2025-08-11 15:09:53'),(374,1,1,NULL,NULL,NULL,NULL,NULL,74,NULL,2,'PT. Hako Prima Sukses',NULL,NULL,'83875096628','null@null.com',NULL,'Flake Es ( Es Serpih )',NULL,'2025-08-11 14:38:43','2025-08-11 14:52:50','2025-08-11 15:09:50'),(375,1,1,NULL,NULL,NULL,NULL,NULL,300,NULL,2,'Anwar',NULL,NULL,'85966118569','null@null.com',NULL,'Tube ice ( Mesin Es Kristal Tabung )',NULL,'2025-08-11 14:38:43','2025-08-11 14:52:50','2025-08-11 15:09:46'),(376,1,1,NULL,NULL,NULL,NULL,NULL,74,NULL,2,'Hasnawati',NULL,NULL,'8125021112','null@null.com',NULL,'Tube ice ( Mesin Es Kristal Tabung )',NULL,'2025-08-11 14:38:43','2025-08-11 14:52:50','2025-08-11 15:09:44'),(377,1,1,NULL,NULL,NULL,NULL,NULL,74,NULL,2,'Andre',NULL,NULL,'81314869949','null@null.com',NULL,'Tube ice ( Mesin Es Kristal Tabung )',NULL,'2025-08-11 14:38:43','2025-08-11 14:52:50','2025-08-11 15:09:42'),(378,1,1,NULL,NULL,NULL,NULL,NULL,1,NULL,2,'Mohammad Rizki',NULL,NULL,'81284471177','null@null.com',NULL,'Tube ice ( Mesin Es Kristal Tabung )',NULL,'2025-08-11 14:38:43','2025-08-11 14:52:50','2025-08-11 15:09:39'),(379,1,1,NULL,NULL,NULL,NULL,NULL,7,NULL,2,'Heza',NULL,NULL,'82111706216','null@null.com',NULL,'Tube ice ( Mesin Es Kristal Tabung )',NULL,'2025-08-11 14:38:43','2025-08-11 14:52:50','2025-08-11 15:09:35'),(380,1,1,NULL,NULL,NULL,NULL,NULL,74,NULL,2,'Mirza',NULL,NULL,'81318974959','null@null.com',NULL,'Cube Ice ( Mesin Es Kristal Kubus )',NULL,'2025-08-11 14:38:43','2025-08-11 14:52:50','2025-08-11 15:09:32'),(381,1,1,NULL,NULL,NULL,NULL,NULL,287,NULL,2,'rangga',NULL,NULL,'89384254844','null@null.com',NULL,'Tube ice ( Mesin Es Kristal Tabung )',NULL,'2025-08-11 14:38:43','2025-08-11 14:52:50','2025-08-11 15:09:29'),(382,1,1,NULL,NULL,NULL,NULL,NULL,7,NULL,2,'Jimmy',NULL,NULL,'81373188487','null@null.com',NULL,'Block Ice ( Mesin Es Balok )',NULL,'2025-08-11 14:38:43','2025-08-11 14:52:50','2025-08-11 15:09:26'),(383,1,1,NULL,NULL,NULL,NULL,NULL,300,NULL,2,'jody commando',NULL,NULL,'8115765656','null@null.com',NULL,'Tube ice ( Mesin Es Kristal Tabung )',NULL,'2025-08-11 14:38:43','2025-08-11 14:52:50','2025-08-11 15:09:24'),(384,1,1,NULL,NULL,NULL,NULL,NULL,7,NULL,2,'Yovan marta',NULL,NULL,'81363777793','null@null.com',NULL,'Tube ice ( Mesin Es Kristal Tabung )',NULL,'2025-08-11 14:38:43','2025-08-11 14:52:50','2025-08-11 15:09:20'),(385,1,1,NULL,NULL,NULL,NULL,NULL,7,NULL,2,'Siswanto',NULL,NULL,'81346322687','null@null.com',NULL,'Tube ice ( Mesin Es Kristal Tabung )',NULL,'2025-08-11 14:38:43','2025-08-11 14:52:50','2025-08-11 15:09:17'),(386,1,1,NULL,NULL,NULL,NULL,NULL,300,NULL,2,'Randhoni',NULL,NULL,'85711340063','null@null.com',NULL,'Tube ice ( Mesin Es Kristal Tabung )',NULL,'2025-08-11 14:38:43','2025-08-11 14:52:50','2025-08-11 15:09:14'),(387,1,1,NULL,NULL,NULL,NULL,NULL,185,NULL,2,'Achmad Dj',NULL,NULL,'8128104011','null@null.com',NULL,'Tube ice ( Mesin Es Kristal Tabung )',NULL,'2025-08-11 14:38:43','2025-08-11 14:52:50','2025-08-11 15:09:10'),(388,1,1,NULL,NULL,NULL,NULL,NULL,74,NULL,2,'Andrew',NULL,NULL,'81297560938','null@null.com',NULL,'Tube ice ( Mesin Es Kristal Tabung )',NULL,'2025-08-11 14:38:43','2025-08-11 14:52:50','2025-08-11 15:09:07'),(389,1,1,NULL,NULL,NULL,NULL,NULL,185,NULL,2,'Hendra Gunawan',NULL,NULL,'811666076','null@null.com',NULL,'Block Ice ( Mesin Es Balok )',NULL,'2025-08-11 14:38:43','2025-08-11 14:52:50','2025-08-11 15:09:05'),(390,1,1,NULL,NULL,NULL,NULL,NULL,204,NULL,2,'Anwar',NULL,NULL,'89639063740','null@null.com',NULL,'Tube ice ( Mesin Es Kristal Tabung )',NULL,'2025-08-11 14:38:43','2025-08-11 14:52:50','2025-08-11 15:09:02'),(391,1,1,NULL,NULL,NULL,NULL,NULL,7,NULL,2,'Ardinal',NULL,NULL,'81267877777','null@null.com',NULL,'Block Ice ( Mesin Es Balok )',NULL,'2025-08-11 14:38:43','2025-08-11 14:52:50','2025-08-11 15:09:00'),(392,1,1,NULL,NULL,NULL,NULL,NULL,7,NULL,2,'Rizal ahmad',NULL,NULL,'81288818899','null@null.com',NULL,'Tube ice ( Mesin Es Kristal Tabung )',NULL,'2025-08-11 14:38:43','2025-08-11 14:52:50','2025-08-11 15:08:57'),(393,1,1,NULL,NULL,NULL,NULL,NULL,406,NULL,2,'Ilki',NULL,NULL,'821068989611','null@null.com',NULL,'Cube Ice ( Mesin Es Kristal Kubus )',NULL,'2025-08-11 14:38:43','2025-08-11 14:52:50','2025-08-11 15:02:35'),(394,1,1,NULL,NULL,NULL,NULL,NULL,7,NULL,2,'Romi',NULL,NULL,'81311109112','null@null.com',NULL,'Tube ice ( Mesin Es Kristal Tabung )',NULL,'2025-08-11 14:38:43','2025-08-11 14:52:50','2025-08-11 15:07:50'),(395,1,1,NULL,NULL,NULL,NULL,NULL,7,NULL,2,'Anita',NULL,NULL,'82213289958','null@null.com',NULL,'Cold Room ( Ruang Pendingin )',NULL,'2025-08-11 14:38:43','2025-08-11 14:52:50','2025-08-11 15:07:45'),(396,1,1,NULL,NULL,NULL,NULL,NULL,7,NULL,2,'Capa sitepu',NULL,NULL,'816844584','null@null.com',NULL,'Tube ice ( Mesin Es Kristal Tabung )',NULL,'2025-08-11 14:38:43','2025-08-11 14:52:50','2025-08-11 15:07:42'),(397,1,1,NULL,NULL,NULL,NULL,NULL,259,NULL,2,'Ipana',NULL,NULL,'87711244476','null@null.com',NULL,'Tube ice ( Mesin Es Kristal Tabung )',NULL,'2025-08-11 14:38:43','2025-08-11 14:52:50','2025-08-11 15:07:38'),(398,1,1,NULL,NULL,NULL,NULL,NULL,1,NULL,2,'Abu',NULL,NULL,'87872873800','null@null.com',NULL,'Tube ice ( Mesin Es Kristal Tabung )',NULL,'2025-08-11 14:38:43','2025-08-11 14:52:50','2025-08-11 15:07:34'),(399,1,1,NULL,NULL,NULL,NULL,NULL,7,NULL,2,'Saifurijal Fauzi',NULL,NULL,'85183199195','null@null.com',NULL,'Tube ice ( Mesin Es Kristal Tabung )',NULL,'2025-08-11 14:38:43','2025-08-11 14:52:50','2025-08-11 15:07:30'),(400,1,1,NULL,NULL,NULL,NULL,NULL,7,NULL,2,'Ilham',NULL,NULL,'81519620001','null@null.com',NULL,'Tube ice ( Mesin Es Kristal Tabung )',NULL,'2025-08-11 14:38:43','2025-08-11 14:52:50','2025-08-11 15:07:26'),(401,1,1,NULL,NULL,NULL,NULL,NULL,1,NULL,2,'Habil',NULL,NULL,'82387598933','null@null.com',NULL,'Tube ice ( Mesin Es Kristal Tabung )',NULL,'2025-08-11 14:38:43','2025-08-11 14:52:50','2025-08-11 15:07:21'),(402,1,1,NULL,NULL,NULL,NULL,NULL,244,NULL,2,'Edo',NULL,NULL,'81315266393','null@null.com',NULL,'Tube ice ( Mesin Es Kristal Tabung )',NULL,'2025-08-11 14:38:43','2025-08-11 14:52:50','2025-08-11 15:07:17'),(403,1,1,NULL,NULL,NULL,NULL,NULL,185,NULL,2,'Agus Maulana',NULL,NULL,'81299360899','null@null.com',NULL,'Tube ice ( Mesin Es Kristal Tabung )',NULL,'2025-08-11 14:38:43','2025-08-11 14:52:50','2025-08-11 15:07:14'),(404,1,1,NULL,NULL,NULL,NULL,NULL,74,NULL,2,'Zainuddin',NULL,NULL,'85383839689','null@null.com',NULL,'Tube ice ( Mesin Es Kristal Tabung )',NULL,'2025-08-11 14:38:43','2025-08-11 14:52:50','2025-08-11 15:07:10'),(405,1,1,NULL,NULL,NULL,NULL,NULL,273,NULL,2,'Muhammad Hariyadi',NULL,NULL,'85337589134','null@null.com',NULL,'Tube ice ( Mesin Es Kristal Tabung )',NULL,'2025-08-11 14:38:43','2025-08-11 14:52:50','2025-08-11 15:07:05'),(406,1,1,NULL,NULL,NULL,NULL,NULL,74,NULL,2,'Suparto',NULL,NULL,'81316607988','null@null.com',NULL,'Flake Es ( Es Serpih )',NULL,'2025-08-11 14:38:43','2025-08-11 14:52:50','2025-08-11 15:06:36'),(407,1,1,NULL,NULL,NULL,NULL,NULL,300,NULL,2,'Ulrick',NULL,NULL,'82324600905','null@null.com',NULL,'Tube ice ( Mesin Es Kristal Tabung )',NULL,'2025-08-11 14:38:43','2025-08-11 14:52:50','2025-08-11 15:06:32'),(408,1,1,NULL,NULL,NULL,NULL,NULL,7,NULL,2,'Zoza',NULL,NULL,'817429899','null@null.com',NULL,'Tube ice ( Mesin Es Kristal Tabung )',NULL,'2025-08-11 14:38:43','2025-08-11 14:52:50','2025-08-11 15:06:28'),(409,1,1,NULL,NULL,NULL,NULL,NULL,244,NULL,2,'Sarozi',NULL,NULL,'81348731814','null@null.com',NULL,'Tube ice ( Mesin Es Kristal Tabung )',NULL,'2025-08-11 14:38:43','2025-08-11 14:52:50','2025-08-11 15:06:24'),(410,1,1,NULL,NULL,NULL,NULL,NULL,287,NULL,2,'Emha',NULL,NULL,'88220391971','null@null.com',NULL,'Tube ice ( Mesin Es Kristal Tabung )',NULL,'2025-08-11 14:38:43','2025-08-11 14:52:50','2025-08-11 15:06:07'),(411,1,1,NULL,NULL,NULL,NULL,NULL,7,NULL,2,'Zulfa',NULL,NULL,'817822301','null@null.com',NULL,'Block Ice ( Mesin Es Balok )',NULL,'2025-08-11 14:38:43','2025-08-11 14:52:50','2025-08-11 15:06:02'),(412,1,1,NULL,NULL,NULL,NULL,NULL,1,NULL,2,'Arbaini',NULL,NULL,'81528802880','null@null.com',NULL,'Tube ice ( Mesin Es Kristal Tabung )',NULL,'2025-08-11 14:38:43','2025-08-11 14:52:50','2025-08-11 15:05:58'),(413,1,1,NULL,NULL,NULL,NULL,NULL,7,NULL,2,'Suryaman',NULL,NULL,'81388570219','null@null.com',NULL,'Tube ice ( Mesin Es Kristal Tabung )',NULL,'2025-08-11 14:38:43','2025-08-11 14:52:50','2025-08-11 15:05:54'),(414,1,1,NULL,NULL,NULL,NULL,NULL,7,NULL,2,'aldi fatah',NULL,NULL,'85779737211','null@null.com',NULL,'Block Ice ( Mesin Es Balok )',NULL,'2025-08-11 14:38:43','2025-08-11 14:52:50','2025-08-11 15:05:24'),(415,1,1,NULL,NULL,NULL,NULL,NULL,129,NULL,2,'Sahal',NULL,NULL,'82333996549','null@null.com',NULL,'Tube ice ( Mesin Es Kristal Tabung )',NULL,'2025-08-11 14:38:43','2025-08-11 14:52:50','2025-08-11 15:05:20'),(416,1,1,NULL,NULL,NULL,NULL,NULL,152,NULL,2,'Faisal Pradana',NULL,NULL,'85716004289','null@null.com',NULL,'Tube ice ( Mesin Es Kristal Tabung )',NULL,'2025-08-11 14:38:43','2025-08-11 14:52:50','2025-08-11 15:05:16'),(417,1,1,NULL,NULL,NULL,NULL,NULL,129,NULL,2,'Al Infithar',NULL,NULL,'85277718149','null@null.com',NULL,'Tube ice ( Mesin Es Kristal Tabung )',NULL,'2025-08-11 14:38:43','2025-08-11 14:52:50','2025-08-11 15:04:55'),(418,1,1,NULL,NULL,NULL,NULL,NULL,7,NULL,2,'Prabagus',NULL,NULL,'81264640588','null@null.com',NULL,'Tube ice ( Mesin Es Kristal Tabung )',NULL,'2025-08-11 14:38:43','2025-08-11 14:52:50','2025-08-11 15:04:51'),(419,1,1,NULL,NULL,NULL,NULL,NULL,7,NULL,2,'Eri',NULL,NULL,'82211103441','null@null.com',NULL,'Tube ice ( Mesin Es Kristal Tabung )',NULL,'2025-08-11 14:38:43','2025-08-11 14:52:50','2025-08-11 15:04:46'),(420,1,1,NULL,NULL,NULL,NULL,NULL,7,NULL,2,'Farida',NULL,NULL,'81280426056','null@null.com',NULL,'Tube ice ( Mesin Es Kristal Tabung )',NULL,'2025-08-11 14:38:43','2025-08-11 14:52:50','2025-08-11 15:04:41'),(421,1,1,NULL,NULL,NULL,NULL,NULL,7,NULL,2,'Dedi Aryadi',NULL,NULL,'81284501008','null@null.com',NULL,'Block Ice ( Mesin Es Balok )',NULL,'2025-08-11 14:38:43','2025-08-11 14:52:50','2025-08-11 15:04:38'),(422,1,1,NULL,NULL,NULL,NULL,NULL,7,NULL,2,'Hari',NULL,NULL,'87777793361','null@null.com',NULL,'Tube ice ( Mesin Es Kristal Tabung )',NULL,'2025-08-11 14:38:43','2025-08-11 14:52:50','2025-08-11 15:04:33'),(423,1,1,NULL,NULL,NULL,NULL,NULL,343,NULL,2,'Harris',NULL,NULL,'81286308587','null@null.com',NULL,'Tube ice ( Mesin Es Kristal Tabung )',NULL,'2025-08-11 14:38:43','2025-08-11 14:52:50','2025-08-11 15:02:31'),(424,1,1,NULL,NULL,NULL,NULL,NULL,1,NULL,2,'PT. Maju Bersama',NULL,NULL,'83808922237','null@null.com',NULL,'Tube ice ( Mesin Es Kristal Tabung )',NULL,'2025-08-11 14:38:43','2025-08-11 14:52:50','2025-08-11 15:04:29'),(425,1,1,NULL,NULL,NULL,NULL,NULL,259,NULL,2,'Maulana',NULL,NULL,'81527958591','null@null.com',NULL,'Block Ice ( Mesin Es Balok )',NULL,'2025-08-11 14:38:43','2025-08-11 14:52:50','2025-08-11 15:04:26'),(426,1,1,NULL,NULL,NULL,NULL,NULL,74,NULL,2,'Ulis',NULL,NULL,'81219153434','null@null.com',NULL,'Tube ice ( Mesin Es Kristal Tabung )',NULL,'2025-08-11 14:38:43','2025-08-11 14:52:50','2025-08-11 15:04:22'),(427,1,1,NULL,NULL,NULL,NULL,NULL,7,NULL,2,'Sabrian',NULL,NULL,'83125967168','null@null.com',NULL,'Tube ice ( Mesin Es Kristal Tabung )',NULL,'2025-08-11 14:38:43','2025-08-11 14:52:50','2025-08-11 15:04:18'),(428,1,1,NULL,NULL,NULL,NULL,NULL,244,NULL,2,'Adji kurniawan',NULL,NULL,'85693416266','null@null.com',NULL,'Tube ice ( Mesin Es Kristal Tabung )',NULL,'2025-08-11 14:38:43','2025-08-11 14:52:50','2025-08-11 15:04:14'),(429,1,1,NULL,NULL,NULL,NULL,NULL,74,NULL,2,'Yuliyati',NULL,NULL,'81211684300','null@null.com',NULL,'Tube ice ( Mesin Es Kristal Tabung )',NULL,'2025-08-11 14:38:43','2025-08-11 14:52:50','2025-08-11 15:04:10'),(430,1,1,NULL,NULL,NULL,NULL,NULL,244,NULL,2,'Syofan Hendrix',NULL,NULL,'85383755151','null@null.com',NULL,'Block Ice ( Mesin Es Balok )',NULL,'2025-08-11 14:38:43','2025-08-11 14:52:50','2025-08-11 15:04:06'),(431,1,1,NULL,NULL,NULL,NULL,NULL,74,NULL,2,'Wil',NULL,NULL,'81319213551','null@null.com',NULL,'Tube ice ( Mesin Es Kristal Tabung )',NULL,'2025-08-11 14:38:43','2025-08-11 14:52:50','2025-08-11 15:04:03'),(432,1,1,NULL,NULL,NULL,NULL,NULL,7,NULL,2,'ian',NULL,NULL,'82374374488','null@null.com',NULL,'Cube Ice ( Mesin Es Kristal Kubus )',NULL,'2025-08-11 14:38:43','2025-08-11 14:52:50','2025-08-11 15:01:18'),(433,1,1,NULL,NULL,NULL,NULL,NULL,74,NULL,2,'Dwiana',NULL,NULL,'81279618201','null@null.com',NULL,'Tube ice ( Mesin Es Kristal Tabung )',NULL,'2025-08-11 14:38:43','2025-08-11 14:52:50','2025-08-11 15:01:13'),(434,1,1,NULL,NULL,NULL,NULL,NULL,204,NULL,2,'Gofar',NULL,NULL,'85720747339','null@null.com',NULL,'Tube ice ( Mesin Es Kristal Tabung )',NULL,'2025-08-11 14:38:43','2025-08-11 14:52:50','2025-08-11 15:01:10'),(435,1,1,NULL,NULL,NULL,NULL,NULL,1,NULL,2,'Marzuki',NULL,NULL,'82299010241','null@null.com',NULL,'Cube Ice ( Mesin Es Kristal Kubus )',NULL,'2025-08-11 14:38:43','2025-08-11 14:52:50','2025-08-11 15:01:07'),(436,1,1,NULL,NULL,NULL,NULL,NULL,129,NULL,2,'Ikhsan',NULL,NULL,'81210361932','null@null.com',NULL,'Tube ice ( Mesin Es Kristal Tabung )',NULL,'2025-08-11 14:38:43','2025-08-11 14:52:50','2025-08-11 15:01:00'),(437,1,1,NULL,NULL,NULL,NULL,NULL,1,NULL,2,'Sobirin',NULL,NULL,'85265337696','null@null.com',NULL,'Cold Room ( Ruang Pendingin )',NULL,'2025-08-11 14:38:43','2025-08-11 14:52:50','2025-08-11 15:00:55'),(438,1,1,NULL,NULL,NULL,NULL,NULL,1,NULL,2,'Aceng',NULL,NULL,'83877071831','null@null.com',NULL,'Tube ice ( Mesin Es Kristal Tabung )',NULL,'2025-08-11 14:38:43','2025-08-11 14:52:50','2025-08-11 15:00:49'),(439,1,1,NULL,NULL,NULL,NULL,NULL,152,NULL,2,'Deny',NULL,NULL,'89527013952','null@null.com',NULL,'Block Ice ( Mesin Es Balok )',NULL,'2025-08-11 14:38:43','2025-08-11 14:52:50','2025-08-11 15:03:59'),(440,1,1,NULL,NULL,NULL,NULL,NULL,152,NULL,2,'Daniel Lee',NULL,NULL,'8129998881','null@null.com',NULL,'Tube ice ( Mesin Es Kristal Tabung )',NULL,'2025-08-11 14:38:43','2025-08-11 14:52:50','2025-08-11 15:03:56'),(441,1,1,NULL,NULL,NULL,NULL,NULL,7,NULL,2,'PT. Diastika Biotekindo',NULL,NULL,'85825100370','null@null.com',NULL,'Cold Room ( Ruang Pendingin )',NULL,'2025-08-11 14:38:43','2025-08-11 14:52:50','2025-08-11 15:03:52'),(442,1,1,NULL,NULL,NULL,NULL,NULL,1,NULL,2,'Dedi',NULL,NULL,'82148981559','null@null.com',NULL,'Tube ice ( Mesin Es Kristal Tabung )',NULL,'2025-08-11 14:38:43','2025-08-11 14:52:50','2025-08-11 15:03:48'),(443,1,1,NULL,NULL,NULL,NULL,NULL,74,NULL,2,'Hamdani pohan',NULL,NULL,'81211651264','null@null.com',NULL,'Cube Ice ( Mesin Es Kristal Kubus )',NULL,'2025-08-11 14:38:43','2025-08-11 14:52:50','2025-08-11 15:03:44'),(444,1,1,NULL,NULL,NULL,NULL,NULL,300,NULL,2,'yudi Armada',NULL,NULL,'81380843444','null@null.com',NULL,'Tube ice ( Mesin Es Kristal Tabung )',NULL,'2025-08-11 14:38:43','2025-08-11 14:52:50','2025-08-11 15:03:40'),(445,1,1,NULL,NULL,NULL,NULL,NULL,1,NULL,2,'Regi',NULL,NULL,'81217217402','null@null.com',NULL,'Block Ice ( Mesin Es Balok )',NULL,'2025-08-11 14:38:43','2025-08-11 14:52:50','2025-08-11 15:03:36'),(446,1,1,NULL,NULL,NULL,NULL,NULL,204,NULL,2,'Anton',NULL,NULL,'81213117056','null@null.com',NULL,'Cold Room ( Ruang Pendingin )',NULL,'2025-08-11 14:38:43','2025-08-11 14:52:50','2025-08-11 15:03:32'),(447,1,1,NULL,NULL,NULL,NULL,NULL,7,NULL,2,'Dara',NULL,NULL,'82154221860','null@null.com',NULL,'Tube ice ( Mesin Es Kristal Tabung )',NULL,'2025-08-11 14:38:43','2025-08-11 14:52:50','2025-08-11 15:03:28'),(448,1,NULL,NULL,NULL,NULL,NULL,NULL,404,'Maluku Utara',2,'Mr dana saputra','-','Personal','+62 813-8360-5989','danasaputra@gmail.com',NULL,'Block Ice ( Mesin Es Balok )',1.00,'2025-08-11 16:59:32','2025-08-11 16:59:32','2025-08-12 07:47:18'),(449,1,NULL,NULL,NULL,NULL,NULL,NULL,191,'Sumatera Barat',2,'Mr reski fauzi','-','Personal','+62 821-2296-1366','reskifauzi@gmail.com',NULL,'Block Ice ( Mesin Es Balok )',2.00,'2025-08-12 08:49:14','2025-08-12 08:49:14','2025-08-12 08:49:31'),(450,1,NULL,NULL,NULL,NULL,NULL,NULL,128,'Bali',2,'Mr dwi','-','Personal','+62 813-2223-6610','dwi@gmail.com',NULL,'Tube Ice ( Mesin Es Kristal Tabung )',2.00,'2025-08-12 13:25:38','2025-08-12 13:25:38','2025-08-12 14:26:00'),(451,1,NULL,NULL,NULL,NULL,NULL,NULL,364,'Sulawesi Selatan',1,'Mr ryo','-','Personal','+62 812-3959-5337','ryo@gmail.com',NULL,'Tube Ice ( Mesin Es Kristal Tabung )',1.00,'2025-08-13 09:05:41','2025-08-13 09:05:41','2025-08-13 09:05:41');
/*!40000 ALTER TABLE `leads` ENABLE KEYS */;
UNLOCK TABLES;

--
-- Table structure for table `meeting_expense_details`
--

DROP TABLE IF EXISTS `meeting_expense_details`;
/*!40101 SET @saved_cs_client     = @@character_set_client */;
/*!50503 SET character_set_client = utf8mb4 */;
CREATE TABLE `meeting_expense_details` (
  `id` bigint unsigned NOT NULL AUTO_INCREMENT,
  `meeting_expense_id` bigint unsigned NOT NULL,
  `expense_type_id` bigint unsigned NOT NULL,
  `amount` double NOT NULL,
  `notes` text COLLATE utf8mb4_unicode_ci,
  `created_at` timestamp NULL DEFAULT NULL,
  `updated_at` timestamp NULL DEFAULT NULL,
  `deleted_at` timestamp NULL DEFAULT NULL,
  PRIMARY KEY (`id`),
  KEY `meeting_expense_details_meeting_expense_id_foreign` (`meeting_expense_id`),
  KEY `meeting_expense_details_expense_type_id_foreign` (`expense_type_id`),
  CONSTRAINT `meeting_expense_details_expense_type_id_foreign` FOREIGN KEY (`expense_type_id`) REFERENCES `ref_expense_types` (`id`) ON DELETE RESTRICT ON UPDATE RESTRICT,
  CONSTRAINT `meeting_expense_details_meeting_expense_id_foreign` FOREIGN KEY (`meeting_expense_id`) REFERENCES `meeting_expenses` (`id`) ON DELETE CASCADE ON UPDATE CASCADE
) ENGINE=InnoDB AUTO_INCREMENT=7 DEFAULT CHARSET=utf8mb4 COLLATE=utf8mb4_unicode_ci;
/*!40101 SET character_set_client = @saved_cs_client */;

--
-- Dumping data for table `meeting_expense_details`
--

LOCK TABLES `meeting_expense_details` WRITE;
/*!40000 ALTER TABLE `meeting_expense_details` DISABLE KEYS */;
INSERT INTO `meeting_expense_details` VALUES (1,1,1,100,'Transport','2025-07-12 23:01:34','2025-07-12 23:01:34',NULL),(2,2,2,138000,'Coffee','2025-07-17 08:44:29','2025-07-17 08:44:29',NULL),(3,3,2,200000,'Coffee','2025-07-18 09:44:49','2025-07-18 09:44:49',NULL),(4,4,1,1000000,'UNTUK MAKAN','2025-07-30 10:48:14','2025-07-30 10:59:17','2025-07-30 10:59:17'),(5,4,1,1000000,'UNTUK MAKAN','2025-07-30 10:59:17','2025-07-30 11:04:58','2025-07-30 11:04:58'),(6,4,1,1000000,'UNTUK MAKAN','2025-07-30 11:04:58','2025-07-30 11:04:58',NULL);
/*!40000 ALTER TABLE `meeting_expense_details` ENABLE KEYS */;
UNLOCK TABLES;

--
-- Table structure for table `meeting_expenses`
--

DROP TABLE IF EXISTS `meeting_expenses`;
/*!40101 SET @saved_cs_client     = @@character_set_client */;
/*!50503 SET character_set_client = utf8mb4 */;
CREATE TABLE `meeting_expenses` (
  `id` bigint unsigned NOT NULL AUTO_INCREMENT,
  `meeting_id` bigint unsigned NOT NULL,
  `sales_id` bigint unsigned NOT NULL,
  `amount` double NOT NULL,
  `status` enum('draft','submitted','approved','rejected','canceled') COLLATE utf8mb4_unicode_ci NOT NULL DEFAULT 'draft',
  `requested_at` timestamp NULL DEFAULT NULL,
  `created_at` timestamp NULL DEFAULT NULL,
  `updated_at` timestamp NULL DEFAULT NULL,
  `deleted_at` timestamp NULL DEFAULT NULL,
  PRIMARY KEY (`id`),
  KEY `meeting_expenses_meeting_id_foreign` (`meeting_id`),
  KEY `meeting_expenses_sales_id_foreign` (`sales_id`),
  CONSTRAINT `meeting_expenses_meeting_id_foreign` FOREIGN KEY (`meeting_id`) REFERENCES `lead_meetings` (`id`) ON DELETE RESTRICT ON UPDATE RESTRICT,
  CONSTRAINT `meeting_expenses_sales_id_foreign` FOREIGN KEY (`sales_id`) REFERENCES `users` (`id`) ON DELETE RESTRICT ON UPDATE RESTRICT
) ENGINE=InnoDB AUTO_INCREMENT=11 DEFAULT CHARSET=utf8mb4 COLLATE=utf8mb4_unicode_ci;
/*!40101 SET character_set_client = @saved_cs_client */;

--
-- Dumping data for table `meeting_expenses`
--

LOCK TABLES `meeting_expenses` WRITE;
/*!40000 ALTER TABLE `meeting_expenses` DISABLE KEYS */;
INSERT INTO `meeting_expenses` VALUES (1,7,1,100,'submitted','2025-07-12 23:01:34','2025-07-12 23:01:34','2025-07-12 23:01:34',NULL),(2,9,21,138000,'submitted','2025-07-17 08:44:29','2025-07-17 08:44:29','2025-07-17 08:44:29',NULL),(3,10,21,200000,'approved','2025-07-18 09:44:49','2025-07-18 09:44:49','2025-07-21 09:09:28',NULL),(4,21,21,1000000,'approved','2025-07-30 11:04:58','2025-07-30 10:48:14','2025-07-30 11:06:54',NULL),(5,22,23,0,'approved','2025-07-30 11:59:13','2025-07-30 11:59:13','2025-07-30 11:59:13',NULL),(6,23,23,0,'approved','2025-07-30 12:02:26','2025-07-30 12:02:26','2025-07-30 12:02:26',NULL),(7,24,23,0,'approved','2025-07-30 12:23:32','2025-07-30 12:23:32','2025-07-30 12:23:32',NULL),(8,25,22,0,'approved','2025-07-30 15:20:06','2025-07-30 15:20:06','2025-07-30 15:20:06',NULL),(9,34,28,0,'approved','2025-08-06 08:31:11','2025-08-06 08:31:11','2025-08-06 08:31:11',NULL),(10,35,28,0,'approved','2025-08-12 09:43:59','2025-08-12 09:43:59','2025-08-12 09:43:59',NULL);
/*!40000 ALTER TABLE `meeting_expenses` ENABLE KEYS */;
UNLOCK TABLES;

--
-- Table structure for table `meeting_types`
--

DROP TABLE IF EXISTS `meeting_types`;
/*!40101 SET @saved_cs_client     = @@character_set_client */;
/*!50503 SET character_set_client = utf8mb4 */;
CREATE TABLE `meeting_types` (
  `id` bigint unsigned NOT NULL AUTO_INCREMENT,
  `name` varchar(255) COLLATE utf8mb4_unicode_ci NOT NULL,
  `created_at` timestamp NULL DEFAULT NULL,
  `updated_at` timestamp NULL DEFAULT NULL,
  `deleted_at` timestamp NULL DEFAULT NULL,
  PRIMARY KEY (`id`)
) ENGINE=InnoDB AUTO_INCREMENT=5 DEFAULT CHARSET=utf8mb4 COLLATE=utf8mb4_unicode_ci;
/*!40101 SET character_set_client = @saved_cs_client */;

--
-- Dumping data for table `meeting_types`
--

LOCK TABLES `meeting_types` WRITE;
/*!40000 ALTER TABLE `meeting_types` DISABLE KEYS */;
INSERT INTO `meeting_types` VALUES (1,'Zoom / Google Meet',NULL,NULL,NULL),(2,'Offline - Office',NULL,NULL,NULL),(3,'Offline - Canvass',NULL,NULL,NULL),(4,'Video Call',NULL,NULL,NULL);
/*!40000 ALTER TABLE `meeting_types` ENABLE KEYS */;
UNLOCK TABLES;

--
-- Table structure for table `migrations`
--

DROP TABLE IF EXISTS `migrations`;
/*!40101 SET @saved_cs_client     = @@character_set_client */;
/*!50503 SET character_set_client = utf8mb4 */;
CREATE TABLE `migrations` (
  `id` int unsigned NOT NULL AUTO_INCREMENT,
  `migration` varchar(255) COLLATE utf8mb4_unicode_ci NOT NULL,
  `batch` int NOT NULL,
  PRIMARY KEY (`id`)
) ENGINE=InnoDB AUTO_INCREMENT=50 DEFAULT CHARSET=utf8mb4 COLLATE=utf8mb4_unicode_ci;
/*!40101 SET character_set_client = @saved_cs_client */;

--
-- Dumping data for table `migrations`
--

LOCK TABLES `migrations` WRITE;
/*!40000 ALTER TABLE `migrations` DISABLE KEYS */;
INSERT INTO `migrations` VALUES (1,'2025_06_07_000001_create_ref',1),(2,'2025_06_07_000002_create_user',1),(3,'2025_06_07_000003_create_attachment',1),(4,'2025_06_07_000004_create_lead',1),(5,'2025_06_07_000005_create_meeting',1),(6,'2025_06_07_000006_create_quotation',1),(7,'2025_06_07_000007_create_proforma',1),(8,'2025_06_07_000008_create_order',1),(9,'2025_06_07_000009_create_invoice',1),(10,'2025_06_07_000010_create_finance_requests',1),(11,'2025_06_07_000011_add_branch_id_to_leads',1),(12,'2025_06_07_000012_drop_region_id_from_users',1),(13,'2025_07_09_190941_add_fob_price_to_ref_products_table',1),(14,'2025_07_09_192125_add_sku_to_ref_parts_table',1),(15,'2025_07_09_194159_create_ref_product_types_table',1),(16,'2025_07_09_194657_add_product_type_id_to_ref_products_table',1),(17,'2025_07_10_000012_add_first_sales_id_to_leads',1),(18,'2025_07_10_000014_add_bdi_price_to_ref_products_table',1),(19,'2025_07_12_000015_add_new_lead_sources',2),(20,'2025_07_17_000015_add_company_and_customer_type_to_leads',2),(21,'2025_07_26_000016_add_aftersales_lead_source',3),(22,'2025_07_26_000016_make_segment_id_nullable_on_leads',3),(23,'2025_07_26_000017_remove_bdi_from_lead_segments',3),(24,'2025_07_27_014028_add_description_to_quotation_payment_terms_table',3),(25,'2025_08_01_000017_add_tonase_to_leads',3),(26,'2025_08_02_000018_add_ref_provinces_permission',3),(27,'2025_08_03_000019_create_ref_customer_types_table',3),(28,'2025_08_04_000021_add_customer_types_permission',3),(29,'2025_08_04_000022_remove_refund_meeting_request_type',3),(30,'2025_08_05_000023_make_payment_confirmation_fields_nullable',3),(31,'2025_08_05_000024_create_meeting_types_table',3),(32,'2025_08_05_000025_add_meeting_type_to_lead_meetings',3),(33,'2025_08_06_000024_add_trash_note_to_lead_claims',3),(34,'2025_08_06_000024_create_ref_industries_table',3),(35,'2025_08_06_000025_add_industry_id_to_leads',3),(36,'2025_08_06_000026_create_lead_pic_extensions_table',3),(37,'2025_08_06_000027_create_ref_jabatans_table',3),(38,'2025_08_06_000028_add_jabatan_id_to_leads',3),(39,'2025_08_06_000029_add_other_industry_to_leads',3),(40,'2025_08_06_000030_add_address_to_ref_branches',3),(41,'2025_08_06_000030_create_quotation_signed_documents',3),(42,'2025_08_06_000031_add_jabatan_to_lead_pic_extensions',3),(43,'2025_08_07_000032_add_attachment_id_to_order_progress_logs',3),(44,'2025_08_07_000033_create_quotation_logs',3),(45,'2025_08_07_000034_add_waiting_result_to_lead_meetings',3),(46,'2025_08_08_000034_create_lead_activity_lists_table',3),(47,'2025_08_08_000035_create_lead_activity_logs_table',3),(48,'2025_08_08_000036_create_payment_logs_table',3),(49,'2025_08_08_000037_add_attachment_id_to_lead_activity_logs',3);
/*!40000 ALTER TABLE `migrations` ENABLE KEYS */;
UNLOCK TABLES;

--
-- Table structure for table `order_items`
--

DROP TABLE IF EXISTS `order_items`;
/*!40101 SET @saved_cs_client     = @@character_set_client */;
/*!50503 SET character_set_client = utf8mb4 */;
CREATE TABLE `order_items` (
  `id` bigint unsigned NOT NULL AUTO_INCREMENT,
  `order_id` bigint unsigned NOT NULL,
  `product_id` bigint unsigned DEFAULT NULL,
  `description` text COLLATE utf8mb4_unicode_ci,
  `qty` double DEFAULT NULL,
  `unit_price` double DEFAULT NULL,
  `discount_pct` double DEFAULT NULL,
  `tax_pct` double DEFAULT NULL,
  `line_total` double DEFAULT NULL,
  `created_at` timestamp NULL DEFAULT NULL,
  `updated_at` timestamp NULL DEFAULT NULL,
  `deleted_at` timestamp NULL DEFAULT NULL,
  PRIMARY KEY (`id`),
  KEY `order_items_order_id_foreign` (`order_id`),
  KEY `order_items_product_id_foreign` (`product_id`),
  CONSTRAINT `order_items_order_id_foreign` FOREIGN KEY (`order_id`) REFERENCES `orders` (`id`) ON DELETE RESTRICT ON UPDATE RESTRICT,
  CONSTRAINT `order_items_product_id_foreign` FOREIGN KEY (`product_id`) REFERENCES `ref_products` (`id`) ON DELETE RESTRICT ON UPDATE RESTRICT
) ENGINE=InnoDB AUTO_INCREMENT=19 DEFAULT CHARSET=utf8mb4 COLLATE=utf8mb4_unicode_ci;
/*!40101 SET character_set_client = @saved_cs_client */;

--
-- Dumping data for table `order_items`
--

LOCK TABLES `order_items` WRITE;
/*!40000 ALTER TABLE `order_items` DISABLE KEYS */;
INSERT INTO `order_items` VALUES (1,1,1,'Incidunt cum a ut voluptas aut deleniti.',1,548,0,10,602.8,'2025-07-12 23:01:33','2025-07-12 23:01:33',NULL),(2,1,1,'Porro nostrum libero ut neque aut ipsam sed.',1,548,0,10,602.8,'2025-07-12 23:01:33','2025-07-12 23:01:33',NULL),(3,2,1,'Qui quo dolore id dolor vel nobis ut.',1,391.5,0,10,430.65,'2025-07-12 23:01:33','2025-07-12 23:01:33',NULL),(4,2,1,'Et aperiam quisquam enim aperiam sit adipisci id.',1,391.5,0,10,430.65,'2025-07-12 23:01:33','2025-07-12 23:01:33',NULL),(5,3,1,'Dolores atque voluptatem architecto sit suscipit.',1,409,0,10,449.9,'2025-07-12 23:01:33','2025-07-12 23:01:33',NULL),(6,3,1,'Natus quis sint velit mollitia voluptas tempora maxime.',1,409,0,10,449.9,'2025-07-12 23:01:33','2025-07-12 23:01:33',NULL),(7,201,1,'Ex eius rerum facilis debitis alias earum.',1,176176,0,10,193793.6,'2025-07-12 23:01:34','2025-07-12 23:01:34',NULL),(8,201,1,'Quidem omnis id sit quod exercitationem voluptatibus.',1,176176,0,10,193793.6,'2025-07-12 23:01:34','2025-07-12 23:01:34',NULL),(9,202,1,'Sunt earum est asperiores.',1,154671.5,0,10,170138.65,'2025-07-12 23:01:34','2025-07-12 23:01:34',NULL),(10,202,1,'Tempora quia officiis dolor et voluptatem incidunt.',1,154671.5,0,10,170138.65,'2025-07-12 23:01:34','2025-07-12 23:01:34',NULL),(11,203,1,'Aliquid deleniti non eaque.',1,198245,0,10,218069.5,'2025-07-12 23:01:34','2025-07-12 23:01:34',NULL),(12,203,1,'Sint consequatur blanditiis fugit eius et.',1,198245,0,10,218069.5,'2025-07-12 23:01:34','2025-07-12 23:01:34',NULL),(13,204,1,'Laboriosam esse ut et ut.',1,166524,0,10,183176.4,'2025-07-12 23:01:34','2025-07-12 23:01:34',NULL),(14,204,1,'Cumque autem et et dolore.',1,166524,0,10,183176.4,'2025-07-12 23:01:34','2025-07-12 23:01:34',NULL),(15,205,1,'Tube Ice Machine | Compressor-Bitzer (4EES-4Y)',1,251000000,0,11,251000000,'2025-07-22 11:46:14','2025-07-22 11:46:14',NULL),(16,205,NULL,'ice bin',1,10000,0,11,10000,'2025-07-22 11:46:14','2025-07-22 11:46:14',NULL),(17,206,1,'Tube Ice Machine | Compressor-Bitzer (4EES-4Y)',10,251000000,5,11,2384500000,'2025-07-25 21:43:53','2025-07-25 21:43:53',NULL),(18,207,1,'Tube Ice Machine | Compressor-Bitzer (4EES-4Y)',1,251000000,5,11,238450000,'2025-07-30 11:31:36','2025-07-30 11:31:36',NULL);
/*!40000 ALTER TABLE `order_items` ENABLE KEYS */;
UNLOCK TABLES;

--
-- Table structure for table `order_payment_terms`
--

DROP TABLE IF EXISTS `order_payment_terms`;
/*!40101 SET @saved_cs_client     = @@character_set_client */;
/*!50503 SET character_set_client = utf8mb4 */;
CREATE TABLE `order_payment_terms` (
  `id` bigint unsigned NOT NULL AUTO_INCREMENT,
  `order_id` bigint unsigned NOT NULL,
  `term_no` tinyint NOT NULL,
  `percentage` double NOT NULL,
  `created_at` timestamp NULL DEFAULT NULL,
  `updated_at` timestamp NULL DEFAULT NULL,
  `deleted_at` timestamp NULL DEFAULT NULL,
  PRIMARY KEY (`id`),
  KEY `order_payment_terms_order_id_foreign` (`order_id`),
  CONSTRAINT `order_payment_terms_order_id_foreign` FOREIGN KEY (`order_id`) REFERENCES `orders` (`id`) ON DELETE RESTRICT ON UPDATE RESTRICT
) ENGINE=InnoDB AUTO_INCREMENT=30 DEFAULT CHARSET=utf8mb4 COLLATE=utf8mb4_unicode_ci;
/*!40101 SET character_set_client = @saved_cs_client */;

--
-- Dumping data for table `order_payment_terms`
--

LOCK TABLES `order_payment_terms` WRITE;
/*!40000 ALTER TABLE `order_payment_terms` DISABLE KEYS */;
INSERT INTO `order_payment_terms` VALUES (1,1,1,30,'2025-07-12 23:01:33','2025-07-12 23:01:33',NULL),(2,1,2,40,'2025-07-12 23:01:33','2025-07-12 23:01:33',NULL),(3,1,3,30,'2025-07-12 23:01:33','2025-07-12 23:01:33',NULL),(4,2,1,30,'2025-07-12 23:01:33','2025-07-12 23:01:33',NULL),(5,2,2,40,'2025-07-12 23:01:33','2025-07-12 23:01:33',NULL),(6,2,3,30,'2025-07-12 23:01:33','2025-07-12 23:01:33',NULL),(7,3,1,30,'2025-07-12 23:01:33','2025-07-12 23:01:33',NULL),(8,3,2,40,'2025-07-12 23:01:33','2025-07-12 23:01:33',NULL),(9,3,3,30,'2025-07-12 23:01:33','2025-07-12 23:01:33',NULL),(10,201,1,30,'2025-07-12 23:01:34','2025-07-12 23:01:34',NULL),(11,201,2,40,'2025-07-12 23:01:34','2025-07-12 23:01:34',NULL),(12,201,3,30,'2025-07-12 23:01:34','2025-07-12 23:01:34',NULL),(13,202,1,30,'2025-07-12 23:01:34','2025-07-12 23:01:34',NULL),(14,202,2,40,'2025-07-12 23:01:34','2025-07-12 23:01:34',NULL),(15,202,3,30,'2025-07-12 23:01:34','2025-07-12 23:01:34',NULL),(16,203,1,30,'2025-07-12 23:01:34','2025-07-12 23:01:34',NULL),(17,203,2,40,'2025-07-12 23:01:34','2025-07-12 23:01:34',NULL),(18,203,3,30,'2025-07-12 23:01:34','2025-07-12 23:01:34',NULL),(19,204,1,30,'2025-07-12 23:01:34','2025-07-12 23:01:34',NULL),(20,204,2,40,'2025-07-12 23:01:34','2025-07-12 23:01:34',NULL),(21,204,3,30,'2025-07-12 23:01:34','2025-07-12 23:01:34',NULL),(22,205,1,50,'2025-07-22 11:46:14','2025-07-22 11:46:14',NULL),(23,205,2,20,'2025-07-22 11:46:14','2025-07-22 11:46:14',NULL),(24,205,3,30,'2025-07-22 11:46:14','2025-07-22 11:46:14',NULL),(25,206,1,30,'2025-07-25 21:43:53','2025-07-25 21:43:53',NULL),(26,206,2,30,'2025-07-25 21:43:53','2025-07-25 21:43:53',NULL),(27,206,3,40,'2025-07-25 21:43:53','2025-07-25 21:43:53',NULL),(28,207,1,50,'2025-07-30 11:31:36','2025-07-30 11:31:36',NULL),(29,207,2,50,'2025-07-30 11:31:36','2025-07-30 11:31:36',NULL);
/*!40000 ALTER TABLE `order_payment_terms` ENABLE KEYS */;
UNLOCK TABLES;

--
-- Table structure for table `order_progress_logs`
--

DROP TABLE IF EXISTS `order_progress_logs`;
/*!40101 SET @saved_cs_client     = @@character_set_client */;
/*!50503 SET character_set_client = utf8mb4 */;
CREATE TABLE `order_progress_logs` (
  `id` bigint unsigned NOT NULL AUTO_INCREMENT,
  `order_id` bigint unsigned NOT NULL,
  `progress_step` enum('1','2','3','4','5','6','7','8') COLLATE utf8mb4_unicode_ci DEFAULT NULL,
  `note` text COLLATE utf8mb4_unicode_ci,
  `attachment_id` bigint unsigned DEFAULT NULL,
  `logged_at` timestamp NULL DEFAULT NULL,
  `user_id` bigint unsigned NOT NULL,
  `created_at` timestamp NULL DEFAULT NULL,
  `updated_at` timestamp NULL DEFAULT NULL,
  `deleted_at` timestamp NULL DEFAULT NULL,
  PRIMARY KEY (`id`),
  KEY `order_progress_logs_order_id_foreign` (`order_id`),
  KEY `order_progress_logs_user_id_foreign` (`user_id`),
  KEY `order_progress_logs_attachment_id_foreign` (`attachment_id`),
  CONSTRAINT `order_progress_logs_attachment_id_foreign` FOREIGN KEY (`attachment_id`) REFERENCES `attachments` (`id`) ON DELETE RESTRICT ON UPDATE RESTRICT,
  CONSTRAINT `order_progress_logs_order_id_foreign` FOREIGN KEY (`order_id`) REFERENCES `orders` (`id`) ON DELETE RESTRICT ON UPDATE RESTRICT,
  CONSTRAINT `order_progress_logs_user_id_foreign` FOREIGN KEY (`user_id`) REFERENCES `users` (`id`) ON DELETE RESTRICT ON UPDATE RESTRICT
) ENGINE=InnoDB AUTO_INCREMENT=11 DEFAULT CHARSET=utf8mb4 COLLATE=utf8mb4_unicode_ci;
/*!40101 SET character_set_client = @saved_cs_client */;

--
-- Dumping data for table `order_progress_logs`
--

LOCK TABLES `order_progress_logs` WRITE;
/*!40000 ALTER TABLE `order_progress_logs` DISABLE KEYS */;
INSERT INTO `order_progress_logs` VALUES (1,1,'1','Order initialized via seeder',NULL,'2025-07-12 23:01:33',1,'2025-07-12 23:01:33','2025-07-12 23:01:33',NULL),(2,2,'1','Order initialized via seeder',NULL,'2025-07-12 23:01:33',1,'2025-07-12 23:01:33','2025-07-12 23:01:33',NULL),(3,3,'1','Order initialized via seeder',NULL,'2025-07-12 23:01:33',1,'2025-07-12 23:01:33','2025-07-12 23:01:33',NULL),(4,201,'1','Order initialized via seeder',NULL,'2025-07-12 23:01:34',1,'2025-07-12 23:01:34','2025-07-12 23:01:34',NULL),(5,202,'1','Order initialized via seeder',NULL,'2025-07-12 23:01:34',1,'2025-07-12 23:01:34','2025-07-12 23:01:34',NULL),(6,203,'1','Order initialized via seeder',NULL,'2025-07-12 23:01:34',1,'2025-07-12 23:01:34','2025-07-12 23:01:34',NULL),(7,204,'1','Order initialized via seeder',NULL,'2025-07-12 23:01:34',1,'2025-07-12 23:01:34','2025-07-12 23:01:34',NULL),(8,205,'1','Order created',NULL,'2025-07-22 11:46:14',35,'2025-07-22 11:46:14','2025-07-22 11:46:14',NULL),(9,206,'1','Order created',NULL,'2025-07-25 21:43:53',1,'2025-07-25 21:43:53','2025-07-25 21:43:53',NULL),(10,207,'1','Order created',NULL,'2025-07-30 11:31:36',35,'2025-07-30 11:31:36','2025-07-30 11:31:36',NULL);
/*!40000 ALTER TABLE `order_progress_logs` ENABLE KEYS */;
UNLOCK TABLES;

--
-- Table structure for table `orders`
--

DROP TABLE IF EXISTS `orders`;
/*!40101 SET @saved_cs_client     = @@character_set_client */;
/*!50503 SET character_set_client = utf8mb4 */;
CREATE TABLE `orders` (
  `id` bigint unsigned NOT NULL AUTO_INCREMENT,
  `lead_id` bigint unsigned NOT NULL,
  `order_no` varchar(100) COLLATE utf8mb4_unicode_ci DEFAULT NULL,
  `total_billing` double DEFAULT NULL,
  `order_status` enum('publish','in_progress','delivered','confirmed','done','canceled') COLLATE utf8mb4_unicode_ci DEFAULT NULL,
  `created_at` timestamp NULL DEFAULT NULL,
  `updated_at` timestamp NULL DEFAULT NULL,
  `deleted_at` timestamp NULL DEFAULT NULL,
  PRIMARY KEY (`id`),
  KEY `orders_lead_id_foreign` (`lead_id`),
  CONSTRAINT `orders_lead_id_foreign` FOREIGN KEY (`lead_id`) REFERENCES `leads` (`id`) ON DELETE RESTRICT ON UPDATE RESTRICT
) ENGINE=InnoDB AUTO_INCREMENT=208 DEFAULT CHARSET=utf8mb4 COLLATE=utf8mb4_unicode_ci;
/*!40101 SET character_set_client = @saved_cs_client */;

--
-- Dumping data for table `orders`
--

LOCK TABLES `orders` WRITE;
/*!40000 ALTER TABLE `orders` DISABLE KEYS */;
INSERT INTO `orders` VALUES (1,101,'ORD001',1216.56,'in_progress','2025-07-12 23:01:33','2025-07-12 23:01:33',NULL),(2,102,'ORD002',869.13,'in_progress','2025-07-12 23:01:33','2025-07-12 23:01:33',NULL),(3,103,'ORD003',907.98,'in_progress','2025-07-12 23:01:33','2025-07-12 23:01:33',NULL),(201,201,'ORDER_001',352352,'in_progress','2025-07-12 23:01:34','2025-07-12 23:01:34',NULL),(202,202,'ORDER_002',309343,'confirmed','2025-07-12 23:01:34','2025-07-12 23:01:34',NULL),(203,203,'ORDER_003',396490,'confirmed','2025-07-12 23:01:34','2025-07-12 23:01:34',NULL),(204,204,'ORDER_004',333048,'done','2025-07-12 23:01:34','2025-07-12 23:01:34',NULL),(205,261,'ORDER_00205',278621100,'done','2025-07-22 11:46:14','2025-07-22 11:46:14',NULL),(206,272,'ORDER_00206',2646795000,'publish','2025-07-25 21:43:53','2025-07-25 21:43:53',NULL),(207,295,'ORDER_00207',264679500,'publish','2025-07-30 11:31:36','2025-07-30 11:31:36',NULL);
/*!40000 ALTER TABLE `orders` ENABLE KEYS */;
UNLOCK TABLES;

--
-- Table structure for table `password_reset_tokens`
--

DROP TABLE IF EXISTS `password_reset_tokens`;
/*!40101 SET @saved_cs_client     = @@character_set_client */;
/*!50503 SET character_set_client = utf8mb4 */;
CREATE TABLE `password_reset_tokens` (
  `email` varchar(255) COLLATE utf8mb4_unicode_ci NOT NULL,
  `token` varchar(255) COLLATE utf8mb4_unicode_ci NOT NULL,
  `created_at` timestamp NULL DEFAULT NULL,
  KEY `password_reset_tokens_email_index` (`email`)
) ENGINE=InnoDB DEFAULT CHARSET=utf8mb4 COLLATE=utf8mb4_unicode_ci;
/*!40101 SET character_set_client = @saved_cs_client */;

--
-- Dumping data for table `password_reset_tokens`
--

LOCK TABLES `password_reset_tokens` WRITE;
/*!40000 ALTER TABLE `password_reset_tokens` DISABLE KEYS */;
/*!40000 ALTER TABLE `password_reset_tokens` ENABLE KEYS */;
UNLOCK TABLES;

--
-- Table structure for table `payment_confirmations`
--

DROP TABLE IF EXISTS `payment_confirmations`;
/*!40101 SET @saved_cs_client     = @@character_set_client */;
/*!50503 SET character_set_client = utf8mb4 */;
CREATE TABLE `payment_confirmations` (
  `id` bigint unsigned NOT NULL AUTO_INCREMENT,
  `proforma_id` bigint unsigned NOT NULL,
  `payer_name` varchar(100) COLLATE utf8mb4_unicode_ci DEFAULT NULL,
  `payer_bank` varchar(100) COLLATE utf8mb4_unicode_ci DEFAULT NULL,
  `payer_account_number` varchar(100) COLLATE utf8mb4_unicode_ci DEFAULT NULL,
  `paid_at` timestamp NULL DEFAULT NULL,
  `amount` double DEFAULT NULL,
  `attachment_id` bigint unsigned NOT NULL,
  `confirmed_by` bigint unsigned DEFAULT NULL,
  `confirmed_at` timestamp NULL DEFAULT NULL,
  `created_at` timestamp NULL DEFAULT NULL,
  `updated_at` timestamp NULL DEFAULT NULL,
  `deleted_at` timestamp NULL DEFAULT NULL,
  PRIMARY KEY (`id`),
  KEY `payment_confirmations_proforma_id_foreign` (`proforma_id`),
  KEY `payment_confirmations_attachment_id_foreign` (`attachment_id`),
  KEY `payment_confirmations_confirmed_by_foreign` (`confirmed_by`),
  CONSTRAINT `payment_confirmations_attachment_id_foreign` FOREIGN KEY (`attachment_id`) REFERENCES `attachments` (`id`) ON DELETE RESTRICT ON UPDATE RESTRICT,
  CONSTRAINT `payment_confirmations_confirmed_by_foreign` FOREIGN KEY (`confirmed_by`) REFERENCES `users` (`id`) ON DELETE RESTRICT ON UPDATE RESTRICT,
  CONSTRAINT `payment_confirmations_proforma_id_foreign` FOREIGN KEY (`proforma_id`) REFERENCES `proformas` (`id`) ON DELETE RESTRICT ON UPDATE RESTRICT
) ENGINE=InnoDB AUTO_INCREMENT=14 DEFAULT CHARSET=utf8mb4 COLLATE=utf8mb4_unicode_ci;
/*!40101 SET character_set_client = @saved_cs_client */;

--
-- Dumping data for table `payment_confirmations`
--

LOCK TABLES `payment_confirmations` WRITE;
/*!40000 ALTER TABLE `payment_confirmations` DISABLE KEYS */;
INSERT INTO `payment_confirmations` VALUES (1,5,'Bartoletti Group',NULL,NULL,'2025-07-12 23:01:34',103114,14,1,'2025-07-12 23:01:34','2025-07-12 23:01:34','2025-07-12 23:01:34',NULL),(2,7,'Hirthe-Wiegand',NULL,NULL,'2025-07-12 23:01:34',132163,17,1,'2025-07-12 23:01:34','2025-07-12 23:01:34','2025-07-12 23:01:34',NULL),(3,8,'Flatley-Mueller',NULL,NULL,'2025-07-12 23:01:34',132163,20,1,'2025-07-12 23:01:34','2025-07-12 23:01:34','2025-07-12 23:01:34',NULL),(4,10,'Deckow-Durgan',NULL,NULL,'2025-07-12 23:01:34',111016,23,1,'2025-07-12 23:01:34','2025-07-12 23:01:34','2025-07-12 23:01:34',NULL),(5,11,'Zulauf-Stehr',NULL,NULL,'2025-07-12 23:01:34',111016,26,1,'2025-07-12 23:01:34','2025-07-12 23:01:34','2025-07-12 23:01:34',NULL),(6,12,'Gleichner, Johnston and Heathcote',NULL,NULL,'2025-07-12 23:01:34',111016,29,1,'2025-07-12 23:01:34','2025-07-12 23:01:34','2025-07-12 23:01:34',NULL),(7,1,'Seeder Customer',NULL,NULL,'2025-07-12 23:01:34',1096,1,NULL,NULL,'2025-07-12 23:01:34','2025-07-12 23:01:34',NULL),(8,13,'BUDI','BCA','0282836363','2025-07-22 00:00:00',5000000,37,35,'2025-07-22 11:32:27','2025-07-22 11:23:06','2025-07-22 11:32:27',NULL),(9,14,'zzz','daVF','t214','2025-07-22 00:00:00',139310550,39,35,'2025-07-22 11:46:14','2025-07-22 11:44:30','2025-07-22 11:46:14',NULL),(10,15,'BUDI','QRefwrg','0282836363','2025-07-22 00:00:00',55724220,40,35,'2025-07-22 11:46:03','2025-07-22 11:45:00','2025-07-22 11:46:03',NULL),(11,16,'BUDI','BCA','0282836363','2025-07-22 00:00:00',83586330,41,35,'2025-07-22 11:45:44','2025-07-22 11:45:17','2025-07-22 11:45:44',NULL),(12,17,'Budi','BCA','286745i','2025-07-25 00:00:00',794038500,49,1,'2025-07-25 21:43:53','2025-07-25 21:41:34','2025-07-25 21:43:53',NULL),(13,23,'Budi','BCA','0282836363','2025-07-30 00:00:00',132339750,66,35,'2025-07-30 11:31:36','2025-07-30 11:30:22','2025-07-30 11:31:36',NULL);
/*!40000 ALTER TABLE `payment_confirmations` ENABLE KEYS */;
UNLOCK TABLES;

--
-- Table structure for table `payment_logs`
--

DROP TABLE IF EXISTS `payment_logs`;
/*!40101 SET @saved_cs_client     = @@character_set_client */;
/*!50503 SET character_set_client = utf8mb4 */;
CREATE TABLE `payment_logs` (
  `id` bigint unsigned NOT NULL AUTO_INCREMENT,
  `quotation_id` bigint unsigned NOT NULL,
  `proforma_id` bigint unsigned DEFAULT NULL,
  `invoice_id` bigint unsigned DEFAULT NULL,
  `type` enum('confirmation','proforma','invoice') COLLATE utf8mb4_unicode_ci NOT NULL,
  `user_id` bigint unsigned NOT NULL,
  `logged_at` timestamp NULL DEFAULT NULL,
  `created_at` timestamp NULL DEFAULT NULL,
  `updated_at` timestamp NULL DEFAULT NULL,
  `deleted_at` timestamp NULL DEFAULT NULL,
  PRIMARY KEY (`id`),
  KEY `payment_logs_quotation_id_foreign` (`quotation_id`),
  KEY `payment_logs_proforma_id_foreign` (`proforma_id`),
  KEY `payment_logs_invoice_id_foreign` (`invoice_id`),
  KEY `payment_logs_user_id_foreign` (`user_id`),
  CONSTRAINT `payment_logs_invoice_id_foreign` FOREIGN KEY (`invoice_id`) REFERENCES `invoices` (`id`) ON DELETE RESTRICT ON UPDATE RESTRICT,
  CONSTRAINT `payment_logs_proforma_id_foreign` FOREIGN KEY (`proforma_id`) REFERENCES `proformas` (`id`) ON DELETE RESTRICT ON UPDATE RESTRICT,
  CONSTRAINT `payment_logs_quotation_id_foreign` FOREIGN KEY (`quotation_id`) REFERENCES `quotations` (`id`) ON DELETE RESTRICT ON UPDATE RESTRICT,
  CONSTRAINT `payment_logs_user_id_foreign` FOREIGN KEY (`user_id`) REFERENCES `users` (`id`) ON DELETE RESTRICT ON UPDATE RESTRICT
) ENGINE=InnoDB AUTO_INCREMENT=3 DEFAULT CHARSET=utf8mb4 COLLATE=utf8mb4_unicode_ci;
/*!40101 SET character_set_client = @saved_cs_client */;

--
-- Dumping data for table `payment_logs`
--

LOCK TABLES `payment_logs` WRITE;
/*!40000 ALTER TABLE `payment_logs` DISABLE KEYS */;
INSERT INTO `payment_logs` VALUES (1,15,23,NULL,'confirmation',21,'2025-07-30 11:30:22','2025-07-30 11:30:22','2025-07-30 11:30:22',NULL),(2,15,23,15,'invoice',35,'2025-07-30 11:31:36','2025-07-30 11:31:36','2025-07-30 11:31:36',NULL);
/*!40000 ALTER TABLE `payment_logs` ENABLE KEYS */;
UNLOCK TABLES;

--
-- Table structure for table `proformas`
--

DROP TABLE IF EXISTS `proformas`;
/*!40101 SET @saved_cs_client     = @@character_set_client */;
/*!50503 SET character_set_client = utf8mb4 */;
CREATE TABLE `proformas` (
  `id` bigint unsigned NOT NULL AUTO_INCREMENT,
  `quotation_id` bigint unsigned NOT NULL,
  `term_no` tinyint DEFAULT NULL,
  `proforma_type` enum('booking_fee','down_payment','term_payment') COLLATE utf8mb4_unicode_ci DEFAULT NULL,
  `proforma_no` varchar(100) COLLATE utf8mb4_unicode_ci DEFAULT NULL,
  `amount` double DEFAULT NULL,
  `status` enum('pending','confirmed') COLLATE utf8mb4_unicode_ci DEFAULT NULL,
  `issued_by` bigint unsigned DEFAULT NULL,
  `issued_at` timestamp NULL DEFAULT NULL,
  `attachment_id` bigint unsigned DEFAULT NULL,
  `created_at` timestamp NULL DEFAULT NULL,
  `updated_at` timestamp NULL DEFAULT NULL,
  `deleted_at` timestamp NULL DEFAULT NULL,
  PRIMARY KEY (`id`),
  KEY `proformas_quotation_id_foreign` (`quotation_id`),
  KEY `proformas_issued_by_foreign` (`issued_by`),
  KEY `proformas_attachment_id_foreign` (`attachment_id`),
  CONSTRAINT `proformas_attachment_id_foreign` FOREIGN KEY (`attachment_id`) REFERENCES `attachments` (`id`) ON DELETE RESTRICT ON UPDATE RESTRICT,
  CONSTRAINT `proformas_issued_by_foreign` FOREIGN KEY (`issued_by`) REFERENCES `users` (`id`) ON DELETE RESTRICT ON UPDATE RESTRICT,
  CONSTRAINT `proformas_quotation_id_foreign` FOREIGN KEY (`quotation_id`) REFERENCES `quotations` (`id`) ON DELETE RESTRICT ON UPDATE RESTRICT
) ENGINE=InnoDB AUTO_INCREMENT=28 DEFAULT CHARSET=utf8mb4 COLLATE=utf8mb4_unicode_ci;
/*!40101 SET character_set_client = @saved_cs_client */;

--
-- Dumping data for table `proformas`
--

LOCK TABLES `proformas` WRITE;
/*!40000 ALTER TABLE `proformas` DISABLE KEYS */;
INSERT INTO `proformas` VALUES (1,1,NULL,'booking_fee','PROFORMA_001',1096,'confirmed',NULL,'2025-07-12 23:01:33',1,'2025-07-12 23:01:33','2025-07-12 23:01:33',NULL),(2,2,NULL,'booking_fee','PROFORMA_002',783,'confirmed',NULL,'2025-07-12 23:01:33',3,'2025-07-12 23:01:33','2025-07-12 23:01:33',NULL),(3,3,NULL,'booking_fee','PROFORMA_003',818,'confirmed',NULL,'2025-07-12 23:01:33',5,'2025-07-12 23:01:33','2025-07-12 23:01:33',NULL),(4,4,1,'term_payment',NULL,117451,'pending',NULL,NULL,NULL,'2025-07-12 23:01:34','2025-07-12 23:01:34',NULL),(5,5,1,'term_payment','PROFORMA_1_ORDER_202',103114,'confirmed',NULL,'2025-07-12 23:01:34',NULL,'2025-07-12 23:01:34','2025-07-12 23:01:34',NULL),(6,5,2,'term_payment',NULL,103114,'pending',NULL,NULL,NULL,'2025-07-12 23:01:34','2025-07-12 23:01:34',NULL),(7,6,1,'term_payment','PROFORMA_1_ORDER_203',132163,'confirmed',NULL,'2025-07-12 23:01:34',NULL,'2025-07-12 23:01:34','2025-07-12 23:01:34',NULL),(8,6,2,'term_payment','PROFORMA_2_ORDER_203',132163,'confirmed',NULL,'2025-07-12 23:01:34',NULL,'2025-07-12 23:01:34','2025-07-12 23:01:34',NULL),(9,6,3,'term_payment',NULL,132163,'pending',NULL,NULL,NULL,'2025-07-12 23:01:34','2025-07-12 23:01:34',NULL),(10,7,1,'term_payment','PROFORMA_1_ORDER_204',111016,'confirmed',NULL,'2025-07-12 23:01:34',NULL,'2025-07-12 23:01:34','2025-07-12 23:01:34',NULL),(11,7,2,'term_payment','PROFORMA_2_ORDER_204',111016,'confirmed',NULL,'2025-07-12 23:01:34',NULL,'2025-07-12 23:01:34','2025-07-12 23:01:34',NULL),(12,7,3,'term_payment','PROFORMA_3_ORDER_204',111016,'confirmed',NULL,'2025-07-12 23:01:34',NULL,'2025-07-12 23:01:34','2025-07-12 23:01:34',NULL),(13,9,NULL,'booking_fee','PROFORMA_13',5000000,'confirmed',25,'2025-07-22 10:56:32',33,'2025-07-22 10:56:32','2025-07-22 10:56:33',NULL),(14,9,1,'down_payment','PROFORMA_14',139310550,'confirmed',NULL,'2025-07-22 10:56:33',34,'2025-07-22 10:56:33','2025-07-22 10:56:35',NULL),(15,9,2,'term_payment','PROFORMA_15',55724220,'confirmed',NULL,'2025-07-22 10:56:35',35,'2025-07-22 10:56:35','2025-07-22 10:56:36',NULL),(16,9,3,'term_payment','PROFORMA_16',83586330,'confirmed',NULL,'2025-07-22 10:56:36',36,'2025-07-22 10:56:36','2025-07-22 10:56:38',NULL),(17,10,1,'down_payment','PROFORMA_17',794038500,'confirmed',NULL,'2025-07-25 21:38:06',46,'2025-07-25 21:38:06','2025-07-25 21:38:07',NULL),(18,10,2,'term_payment','PROFORMA_18',794038500,'confirmed',NULL,'2025-07-25 21:38:07',47,'2025-07-25 21:38:07','2025-07-25 21:38:09',NULL),(19,10,3,'term_payment','PROFORMA_19',1058718000,'confirmed',NULL,'2025-07-25 21:38:09',48,'2025-07-25 21:38:09','2025-07-25 21:38:10',NULL),(20,13,1,'down_payment','PROFORMA_20',136539435,'confirmed',NULL,'2025-07-29 13:32:32',57,'2025-07-29 13:32:32','2025-07-29 13:32:34',NULL),(21,13,2,'term_payment','PROFORMA_21',109231548,'confirmed',NULL,'2025-07-29 13:32:34',58,'2025-07-29 13:32:34','2025-07-29 13:32:36',NULL),(22,13,3,'term_payment','PROFORMA_22',27307887,'confirmed',NULL,'2025-07-29 13:32:36',59,'2025-07-29 13:32:36','2025-07-29 13:32:38',NULL),(23,15,1,'down_payment','PROFORMA_23',132339750,'confirmed',NULL,'2025-07-30 11:28:48',64,'2025-07-30 11:28:48','2025-07-30 11:28:50',NULL),(24,15,2,'term_payment','PROFORMA_24',132339750,'confirmed',NULL,'2025-07-30 11:28:50',65,'2025-07-30 11:28:50','2025-07-30 11:28:51',NULL),(25,17,1,'down_payment','PROFORMA_25',194997804.78,'confirmed',NULL,'2025-08-05 11:08:30',81,'2025-08-05 11:08:30','2025-08-05 11:08:32',NULL),(26,17,2,'term_payment','PROFORMA_26',116998682.868,'confirmed',NULL,'2025-08-05 11:08:32',82,'2025-08-05 11:08:32','2025-08-05 11:08:34',NULL),(27,17,3,'term_payment','PROFORMA_27',77999121.912,'confirmed',NULL,'2025-08-05 11:08:34',83,'2025-08-05 11:08:34','2025-08-05 11:08:35',NULL);
/*!40000 ALTER TABLE `proformas` ENABLE KEYS */;
UNLOCK TABLES;

--
-- Table structure for table `quotation_items`
--

DROP TABLE IF EXISTS `quotation_items`;
/*!40101 SET @saved_cs_client     = @@character_set_client */;
/*!50503 SET character_set_client = utf8mb4 */;
CREATE TABLE `quotation_items` (
  `id` bigint unsigned NOT NULL AUTO_INCREMENT,
  `quotation_id` bigint unsigned NOT NULL,
  `product_id` bigint unsigned DEFAULT NULL,
  `qty` double NOT NULL DEFAULT '1',
  `description` text COLLATE utf8mb4_unicode_ci,
  `unit_price` double DEFAULT NULL,
  `discount_pct` double DEFAULT NULL,
  `line_total` double DEFAULT NULL,
  `created_at` timestamp NULL DEFAULT NULL,
  `updated_at` timestamp NULL DEFAULT NULL,
  `deleted_at` timestamp NULL DEFAULT NULL,
  PRIMARY KEY (`id`),
  KEY `quotation_items_quotation_id_foreign` (`quotation_id`),
  KEY `quotation_items_product_id_foreign` (`product_id`),
  CONSTRAINT `quotation_items_product_id_foreign` FOREIGN KEY (`product_id`) REFERENCES `ref_products` (`id`) ON DELETE RESTRICT ON UPDATE RESTRICT,
  CONSTRAINT `quotation_items_quotation_id_foreign` FOREIGN KEY (`quotation_id`) REFERENCES `quotations` (`id`) ON DELETE RESTRICT ON UPDATE RESTRICT
) ENGINE=InnoDB AUTO_INCREMENT=33 DEFAULT CHARSET=utf8mb4 COLLATE=utf8mb4_unicode_ci;
/*!40101 SET character_set_client = @saved_cs_client */;

--
-- Dumping data for table `quotation_items`
--

LOCK TABLES `quotation_items` WRITE;
/*!40000 ALTER TABLE `quotation_items` DISABLE KEYS */;
INSERT INTO `quotation_items` VALUES (1,1,1,1,'Consequuntur atque tempora perspiciatis nihil.',548,0,548,'2025-07-12 23:01:33','2025-07-12 23:01:33',NULL),(2,1,NULL,1,'Addon Item',548,0,548,'2025-07-12 23:01:33','2025-07-12 23:01:33',NULL),(3,2,1,1,'Eum laboriosam suscipit soluta.',391.5,0,391.5,'2025-07-12 23:01:33','2025-07-12 23:01:33',NULL),(4,2,NULL,1,'Addon Item',391.5,0,391.5,'2025-07-12 23:01:33','2025-07-12 23:01:33',NULL),(5,3,1,1,'Odit adipisci nihil voluptatem tempora et labore rerum officiis.',409,0,409,'2025-07-12 23:01:33','2025-07-12 23:01:33',NULL),(6,3,NULL,1,'Addon Item',409,0,409,'2025-07-12 23:01:33','2025-07-12 23:01:33',NULL),(7,4,1,1,'Quae voluptatibus ipsa aut.',176176,0,176176,'2025-07-12 23:01:34','2025-07-12 23:01:34',NULL),(8,4,NULL,1,'Addon Item',176176,0,176176,'2025-07-12 23:01:34','2025-07-12 23:01:34',NULL),(9,5,1,1,'Eos rerum facere amet ut fugit.',154671.5,0,154671.5,'2025-07-12 23:01:34','2025-07-12 23:01:34',NULL),(10,5,NULL,1,'Addon Item',154671.5,0,154671.5,'2025-07-12 23:01:34','2025-07-12 23:01:34',NULL),(11,6,1,1,'Fugit ut soluta deserunt quod excepturi saepe corrupti.',198245,0,198245,'2025-07-12 23:01:34','2025-07-12 23:01:34',NULL),(12,6,NULL,1,'Addon Item',198245,0,198245,'2025-07-12 23:01:34','2025-07-12 23:01:34',NULL),(13,7,1,1,'Eaque aut dolores magnam suscipit sit quae inventore.',166524,0,166524,'2025-07-12 23:01:34','2025-07-12 23:01:34',NULL),(14,7,NULL,1,'Addon Item',166524,0,166524,'2025-07-12 23:01:34','2025-07-12 23:01:34',NULL),(15,8,1,1,'Tube Ice Machine | Compressor-Bitzer (4EES-4Y)',251000000,3,243470000,'2025-07-14 19:25:10','2025-07-14 19:25:10',NULL),(16,9,1,1,'Tube Ice Machine | Compressor-Bitzer (4EES-4Y)',251000000,0,251000000,'2025-07-22 10:48:26','2025-07-22 10:48:26',NULL),(17,9,NULL,1,'ice bin',10000,0,10000,'2025-07-22 10:48:26','2025-07-22 10:48:26',NULL),(18,10,1,10,'Tube Ice Machine | Compressor-Bitzer (4EES-4Y)',251000000,5,2384500000,'2025-07-25 21:19:23','2025-07-25 21:19:23',NULL),(19,11,1,1,'Tube Ice Machine | Compressor-Bitzer (4EES-4Y)',246017000,0,246017000,'2025-07-28 16:26:14','2025-07-28 16:26:14',NULL),(20,12,1,1,'Tube Ice Machine | Compressor-Bitzer (4EES-4Y)',246017000,0,246017000,'2025-07-29 10:03:09','2025-07-29 10:03:09',NULL),(21,13,1,1,'Tube Ice Machine | Compressor-Bitzer (4EES-4Y)',246017000,0,246017000,'2025-07-29 10:16:16','2025-07-29 10:16:16',NULL),(22,14,1,1,'Tube Ice Machine | Compressor-Bitzer (4EES-4Y)',251000000,5,238450000,'2025-07-29 13:28:25','2025-07-29 13:28:25',NULL),(23,15,1,1,'Tube Ice Machine | Compressor-Bitzer (4EES-4Y)',251000000,5,238450000,'2025-07-30 11:21:56','2025-07-30 11:21:56',NULL),(24,16,2,1,'Tube Ice Machine | Compressor-Refcomp (SP2L040E)',235000000,5,223250000,'2025-08-01 09:57:58','2025-08-01 09:57:58',NULL),(25,17,1,1,'Tube Ice Machine | Compressor-Bitzer (4EES-4Y)',251000000,4,240960000,'2025-08-05 11:05:31','2025-08-05 11:05:31',NULL),(26,17,107,1,'Cold Room | Compressor-Copeland (ZB15KQE (2HP), Model DD-22/12)',112640200,2,110387396,'2025-08-05 11:05:31','2025-08-05 11:05:31',NULL),(27,18,49,1,'Block Ice Machine | Compressor-Copeland (6HP)',170000000,5,161500000,'2025-08-07 07:54:37','2025-08-07 08:25:57','2025-08-07 08:25:57'),(28,18,NULL,1,'Crusher Gama Sakti',25000000,0,25000000,'2025-08-07 07:54:37','2025-08-07 08:25:57','2025-08-07 08:25:57'),(29,18,49,1,'Block Ice Machine | Compressor-Copeland (6HP)',170000000,5,161500000,'2025-08-07 08:25:57','2025-08-07 08:27:47','2025-08-07 08:27:47'),(30,18,49,1,'Block Ice Machine | Compressor-Copeland (6HP)',170000000,5,161500000,'2025-08-07 08:27:47','2025-08-10 07:53:24','2025-08-10 07:53:24'),(31,18,49,1,'Block Ice Machine | Compressor-Copeland (6HP)',190000000,0,190000000,'2025-08-10 07:53:24','2025-08-10 07:53:24',NULL),(32,18,NULL,1,'Crusher Es Balok Gama Sakti',25000000,0,25000000,'2025-08-10 07:53:24','2025-08-10 07:53:24',NULL);
/*!40000 ALTER TABLE `quotation_items` ENABLE KEYS */;
UNLOCK TABLES;

--
-- Table structure for table `quotation_logs`
--

DROP TABLE IF EXISTS `quotation_logs`;
/*!40101 SET @saved_cs_client     = @@character_set_client */;
/*!50503 SET character_set_client = utf8mb4 */;
CREATE TABLE `quotation_logs` (
  `id` bigint unsigned NOT NULL AUTO_INCREMENT,
  `quotation_id` bigint unsigned NOT NULL,
  `action` varchar(255) COLLATE utf8mb4_unicode_ci NOT NULL,
  `user_id` bigint unsigned NOT NULL,
  `logged_at` timestamp NULL DEFAULT NULL,
  `created_at` timestamp NULL DEFAULT NULL,
  `updated_at` timestamp NULL DEFAULT NULL,
  `deleted_at` timestamp NULL DEFAULT NULL,
  PRIMARY KEY (`id`),
  KEY `quotation_logs_quotation_id_foreign` (`quotation_id`),
  KEY `quotation_logs_user_id_foreign` (`user_id`),
  CONSTRAINT `quotation_logs_quotation_id_foreign` FOREIGN KEY (`quotation_id`) REFERENCES `quotations` (`id`) ON DELETE RESTRICT ON UPDATE RESTRICT,
  CONSTRAINT `quotation_logs_user_id_foreign` FOREIGN KEY (`user_id`) REFERENCES `users` (`id`) ON DELETE RESTRICT ON UPDATE RESTRICT
) ENGINE=InnoDB AUTO_INCREMENT=21 DEFAULT CHARSET=utf8mb4 COLLATE=utf8mb4_unicode_ci;
/*!40101 SET character_set_client = @saved_cs_client */;

--
-- Dumping data for table `quotation_logs`
--

LOCK TABLES `quotation_logs` WRITE;
/*!40000 ALTER TABLE `quotation_logs` DISABLE KEYS */;
INSERT INTO `quotation_logs` VALUES (1,11,'generate',21,'2025-07-28 16:26:14','2025-07-28 16:26:14','2025-07-28 16:26:14',NULL),(2,12,'generate',21,'2025-07-29 10:03:09','2025-07-29 10:03:09','2025-07-29 10:03:09',NULL),(3,13,'generate',21,'2025-07-29 10:16:16','2025-07-29 10:16:16','2025-07-29 10:16:16',NULL),(4,14,'generate',36,'2025-07-29 13:28:25','2025-07-29 13:28:25','2025-07-29 13:28:25',NULL),(5,13,'approve',26,'2025-07-29 13:31:25','2025-07-29 13:31:25','2025-07-29 13:31:25',NULL),(6,13,'approve',25,'2025-07-29 13:32:32','2025-07-29 13:32:32','2025-07-29 13:32:32',NULL),(7,15,'generate',21,'2025-07-30 11:21:56','2025-07-30 11:21:56','2025-07-30 11:21:56',NULL),(8,15,'approve',26,'2025-07-30 11:25:57','2025-07-30 11:25:57','2025-07-30 11:25:57',NULL),(9,15,'approve',25,'2025-07-30 11:28:48','2025-07-30 11:28:48','2025-07-30 11:28:48',NULL),(10,15,'invoice_created',35,'2025-07-30 11:31:36','2025-07-30 11:31:36','2025-07-30 11:31:36',NULL),(11,16,'generate',36,'2025-08-01 09:57:58','2025-08-01 09:57:58','2025-08-01 09:57:58',NULL),(12,16,'approve',26,'2025-08-01 09:59:08','2025-08-01 09:59:08','2025-08-01 09:59:08',NULL),(13,17,'generate',36,'2025-08-05 11:05:31','2025-08-05 11:05:31','2025-08-05 11:05:31',NULL),(14,17,'approve',26,'2025-08-05 11:07:56','2025-08-05 11:07:56','2025-08-05 11:07:56',NULL),(15,17,'approve',25,'2025-08-05 11:08:30','2025-08-05 11:08:30','2025-08-05 11:08:30',NULL),(16,18,'generate',28,'2025-08-07 07:54:37','2025-08-07 07:54:37','2025-08-07 07:54:37',NULL),(17,18,'update',28,'2025-08-07 08:25:57','2025-08-07 08:25:57','2025-08-07 08:25:57',NULL),(18,18,'update',28,'2025-08-07 08:27:47','2025-08-07 08:27:47','2025-08-07 08:27:47',NULL),(19,18,'update',28,'2025-08-10 07:53:24','2025-08-10 07:53:24','2025-08-10 07:53:24',NULL),(20,18,'approve',27,'2025-08-11 13:39:38','2025-08-11 13:39:38','2025-08-11 13:39:38',NULL);
/*!40000 ALTER TABLE `quotation_logs` ENABLE KEYS */;
UNLOCK TABLES;

--
-- Table structure for table `quotation_payment_terms`
--

DROP TABLE IF EXISTS `quotation_payment_terms`;
/*!40101 SET @saved_cs_client     = @@character_set_client */;
/*!50503 SET character_set_client = utf8mb4 */;
CREATE TABLE `quotation_payment_terms` (
  `id` bigint unsigned NOT NULL AUTO_INCREMENT,
  `quotation_id` bigint unsigned NOT NULL,
  `term_no` tinyint NOT NULL,
  `percentage` double NOT NULL,
  `description` varchar(255) COLLATE utf8mb4_unicode_ci DEFAULT NULL,
  `created_at` timestamp NULL DEFAULT NULL,
  `updated_at` timestamp NULL DEFAULT NULL,
  `deleted_at` timestamp NULL DEFAULT NULL,
  PRIMARY KEY (`id`),
  KEY `quotation_payment_terms_quotation_id_foreign` (`quotation_id`),
  CONSTRAINT `quotation_payment_terms_quotation_id_foreign` FOREIGN KEY (`quotation_id`) REFERENCES `quotations` (`id`) ON DELETE RESTRICT ON UPDATE RESTRICT
) ENGINE=InnoDB AUTO_INCREMENT=63 DEFAULT CHARSET=utf8mb4 COLLATE=utf8mb4_unicode_ci;
/*!40101 SET character_set_client = @saved_cs_client */;

--
-- Dumping data for table `quotation_payment_terms`
--

LOCK TABLES `quotation_payment_terms` WRITE;
/*!40000 ALTER TABLE `quotation_payment_terms` DISABLE KEYS */;
INSERT INTO `quotation_payment_terms` VALUES (1,1,1,30,NULL,'2025-07-12 23:01:33','2025-07-12 23:01:33',NULL),(2,1,2,40,NULL,'2025-07-12 23:01:33','2025-07-12 23:01:33',NULL),(3,1,3,30,NULL,'2025-07-12 23:01:33','2025-07-12 23:01:33',NULL),(4,2,1,30,NULL,'2025-07-12 23:01:33','2025-07-12 23:01:33',NULL),(5,2,2,40,NULL,'2025-07-12 23:01:33','2025-07-12 23:01:33',NULL),(6,2,3,30,NULL,'2025-07-12 23:01:33','2025-07-12 23:01:33',NULL),(7,3,1,30,NULL,'2025-07-12 23:01:33','2025-07-12 23:01:33',NULL),(8,3,2,40,NULL,'2025-07-12 23:01:33','2025-07-12 23:01:33',NULL),(9,3,3,30,NULL,'2025-07-12 23:01:33','2025-07-12 23:01:33',NULL),(10,4,1,30,NULL,'2025-07-12 23:01:34','2025-07-12 23:01:34',NULL),(11,4,2,40,NULL,'2025-07-12 23:01:34','2025-07-12 23:01:34',NULL),(12,4,3,30,NULL,'2025-07-12 23:01:34','2025-07-12 23:01:34',NULL),(13,5,1,30,NULL,'2025-07-12 23:01:34','2025-07-12 23:01:34',NULL),(14,5,2,40,NULL,'2025-07-12 23:01:34','2025-07-12 23:01:34',NULL),(15,5,3,30,NULL,'2025-07-12 23:01:34','2025-07-12 23:01:34',NULL),(16,6,1,30,NULL,'2025-07-12 23:01:34','2025-07-12 23:01:34',NULL),(17,6,2,40,NULL,'2025-07-12 23:01:34','2025-07-12 23:01:34',NULL),(18,6,3,30,NULL,'2025-07-12 23:01:34','2025-07-12 23:01:34',NULL),(19,7,1,30,NULL,'2025-07-12 23:01:34','2025-07-12 23:01:34',NULL),(20,7,2,40,NULL,'2025-07-12 23:01:34','2025-07-12 23:01:34',NULL),(21,7,3,30,NULL,'2025-07-12 23:01:34','2025-07-12 23:01:34',NULL),(22,8,1,60,NULL,'2025-07-14 19:25:10','2025-07-14 19:25:10',NULL),(23,8,2,30,NULL,'2025-07-14 19:25:10','2025-07-14 19:25:10',NULL),(24,8,3,10,NULL,'2025-07-14 19:25:10','2025-07-14 19:25:10',NULL),(25,9,1,50,NULL,'2025-07-22 10:48:26','2025-07-22 10:48:26',NULL),(26,9,2,20,NULL,'2025-07-22 10:48:26','2025-07-22 10:48:26',NULL),(27,9,3,30,NULL,'2025-07-22 10:48:26','2025-07-22 10:48:26',NULL),(28,10,1,30,NULL,'2025-07-25 21:19:23','2025-07-25 21:19:23',NULL),(29,10,2,30,NULL,'2025-07-25 21:19:23','2025-07-25 21:19:23',NULL),(30,10,3,40,NULL,'2025-07-25 21:19:23','2025-07-25 21:19:23',NULL),(31,11,1,50,'dibayarkan saat atau sebelum produksi','2025-07-28 16:26:14','2025-07-28 16:26:14',NULL),(32,11,2,30,'dibayarkan saat selesai produksi','2025-07-28 16:26:14','2025-07-28 16:26:14',NULL),(33,11,3,20,'dibayarkan saat sampai di indonesie','2025-07-28 16:26:14','2025-07-28 16:26:14',NULL),(34,12,1,50,'pembayaran sebelum produksi mesin','2025-07-29 10:03:09','2025-07-29 10:03:09',NULL),(35,12,2,30,'Pembayaran sebelum QC mesin ( pacsa produksi )','2025-07-29 10:03:09','2025-07-29 10:03:09',NULL),(36,12,3,20,'Pembayaran sebelum pengiriman pertama ( China - Indonesia )','2025-07-29 10:03:09','2025-07-29 10:03:09',NULL),(37,13,1,50,'pembayaran sebelum produksi mesin','2025-07-29 10:16:16','2025-07-29 10:16:16',NULL),(38,13,2,40,'pembayaran sebelum produksi mesin','2025-07-29 10:16:16','2025-07-29 10:16:16',NULL),(39,13,3,10,'pembayaran sebelum pengiriman','2025-07-29 10:16:16','2025-07-29 10:16:16',NULL),(40,14,1,50,'pembayaran sebelum produksi mesin','2025-07-29 13:28:25','2025-07-29 13:28:25',NULL),(41,14,2,30,'pembayaran sebelum pengiriman International','2025-07-29 13:28:25','2025-07-29 13:28:25',NULL),(42,14,3,20,'pembayaran sebelum pengiriman domestik','2025-07-29 13:28:25','2025-07-29 13:28:25',NULL),(43,15,1,50,'pembayaran sebelum produksi mesin','2025-07-30 11:21:56','2025-07-30 11:21:56',NULL),(44,15,2,50,'pembayaran sPasca produksi mesin','2025-07-30 11:21:56','2025-07-30 11:21:56',NULL),(45,16,1,50,'pembayaran sebelum produksi mesin','2025-08-01 09:57:58','2025-08-01 09:57:58',NULL),(46,16,2,40,'pembayaran Pasca produksi mesin','2025-08-01 09:57:58','2025-08-01 09:57:58',NULL),(47,16,3,10,'Sebelum pengiriman ke Indonesia','2025-08-01 09:57:58','2025-08-01 09:57:58',NULL),(48,17,1,50,'SAAT MESIN TELAH DIPESAN ( PRA PRODUKSI )','2025-08-05 11:05:31','2025-08-05 11:05:31',NULL),(49,17,2,30,'PASCA PRODUKSI','2025-08-05 11:05:31','2025-08-05 11:05:31',NULL),(50,17,3,20,'SEBELUM PENGIRIMAN','2025-08-05 11:05:31','2025-08-05 11:05:31',NULL),(51,18,1,40,'Mesin siap dikirim','2025-08-07 07:54:37','2025-08-07 08:25:57','2025-08-07 08:25:57'),(52,18,2,40,'Mesin diterima','2025-08-07 07:54:37','2025-08-07 08:25:57','2025-08-07 08:25:57'),(53,18,3,20,'Mesin selesai install','2025-08-07 07:54:37','2025-08-07 08:25:57','2025-08-07 08:25:57'),(54,18,1,40,'Mesin siap dikirim','2025-08-07 08:25:57','2025-08-07 08:27:47','2025-08-07 08:27:47'),(55,18,2,40,'Mesin diterima','2025-08-07 08:25:57','2025-08-07 08:27:47','2025-08-07 08:27:47'),(56,18,3,20,'Mesin selesai install','2025-08-07 08:25:57','2025-08-07 08:27:47','2025-08-07 08:27:47'),(57,18,1,40,'Mesin siap dikirim','2025-08-07 08:27:47','2025-08-10 07:53:24','2025-08-10 07:53:24'),(58,18,2,40,'Mesin diterima','2025-08-07 08:27:47','2025-08-10 07:53:24','2025-08-10 07:53:24'),(59,18,3,20,'Mesin selesai install','2025-08-07 08:27:47','2025-08-10 07:53:24','2025-08-10 07:53:24'),(60,18,1,40,'Mesin siap dikirim','2025-08-10 07:53:24','2025-08-10 07:53:24',NULL),(61,18,2,40,'Mesin diterima','2025-08-10 07:53:24','2025-08-10 07:53:24',NULL),(62,18,3,20,'Mesin selesai install','2025-08-10 07:53:24','2025-08-10 07:53:24',NULL);
/*!40000 ALTER TABLE `quotation_payment_terms` ENABLE KEYS */;
UNLOCK TABLES;

--
-- Table structure for table `quotation_reviews`
--

DROP TABLE IF EXISTS `quotation_reviews`;
/*!40101 SET @saved_cs_client     = @@character_set_client */;
/*!50503 SET character_set_client = utf8mb4 */;
CREATE TABLE `quotation_reviews` (
  `id` bigint unsigned NOT NULL AUTO_INCREMENT,
  `quotation_id` bigint unsigned NOT NULL,
  `reviewer_id` bigint unsigned NOT NULL,
  `role` enum('BM','SD') COLLATE utf8mb4_unicode_ci DEFAULT NULL,
  `decision` enum('approve','reject') COLLATE utf8mb4_unicode_ci DEFAULT NULL,
  `notes` text COLLATE utf8mb4_unicode_ci,
  `incentive_nominal` decimal(8,2) NOT NULL DEFAULT '0.00',
  `decided_at` timestamp NULL DEFAULT NULL,
  `created_at` timestamp NULL DEFAULT NULL,
  `updated_at` timestamp NULL DEFAULT NULL,
  `deleted_at` timestamp NULL DEFAULT NULL,
  PRIMARY KEY (`id`),
  KEY `quotation_reviews_quotation_id_foreign` (`quotation_id`),
  KEY `quotation_reviews_reviewer_id_foreign` (`reviewer_id`),
  CONSTRAINT `quotation_reviews_quotation_id_foreign` FOREIGN KEY (`quotation_id`) REFERENCES `quotations` (`id`) ON DELETE RESTRICT ON UPDATE RESTRICT,
  CONSTRAINT `quotation_reviews_reviewer_id_foreign` FOREIGN KEY (`reviewer_id`) REFERENCES `users` (`id`) ON DELETE RESTRICT ON UPDATE RESTRICT
) ENGINE=InnoDB AUTO_INCREMENT=13 DEFAULT CHARSET=utf8mb4 COLLATE=utf8mb4_unicode_ci;
/*!40101 SET character_set_client = @saved_cs_client */;

--
-- Dumping data for table `quotation_reviews`
--

LOCK TABLES `quotation_reviews` WRITE;
/*!40000 ALTER TABLE `quotation_reviews` DISABLE KEYS */;
INSERT INTO `quotation_reviews` VALUES (1,9,26,'BM','approve',NULL,100000.00,'2025-07-22 10:55:59','2025-07-22 10:55:59','2025-07-22 10:55:59',NULL),(2,9,25,'SD','approve',NULL,100000.00,'2025-07-22 10:56:32','2025-07-22 10:56:32','2025-07-22 10:56:32',NULL),(3,10,26,'BM','approve',NULL,100000.00,'2025-07-25 21:36:26','2025-07-25 21:36:26','2025-07-25 21:36:26',NULL),(4,10,25,'SD','approve',NULL,100000.00,'2025-07-25 21:38:06','2025-07-25 21:38:06','2025-07-25 21:38:06',NULL),(5,13,26,'BM','approve','harga telah sesuai',100000.00,'2025-07-29 13:31:25','2025-07-29 13:31:25','2025-07-29 13:31:25',NULL),(6,13,25,'SD','approve','harga telah sesuai',100000.00,'2025-07-29 13:32:32','2025-07-29 13:32:32','2025-07-29 13:32:32',NULL),(7,15,26,'BM','approve','ini oke',100000.00,'2025-07-30 11:25:57','2025-07-30 11:25:57','2025-07-30 11:25:57',NULL),(8,15,25,'SD','approve','x',100000.00,'2025-07-30 11:28:48','2025-07-30 11:28:48','2025-07-30 11:28:48',NULL),(9,16,26,'BM','approve','nominal telah sesuai',100000.00,'2025-08-01 09:59:08','2025-08-01 09:59:08','2025-08-01 09:59:08',NULL),(10,17,26,'BM','approve','APPROVE LAH',100000.00,'2025-08-05 11:07:56','2025-08-05 11:07:56','2025-08-05 11:07:56',NULL),(11,17,25,'SD','approve','ADC',100000.00,'2025-08-05 11:08:30','2025-08-05 11:08:30','2025-08-05 11:08:30',NULL),(12,18,27,'BM','approve','ACC',100000.00,'2025-08-11 13:39:38','2025-08-11 13:39:38','2025-08-11 13:39:38',NULL);
/*!40000 ALTER TABLE `quotation_reviews` ENABLE KEYS */;
UNLOCK TABLES;

--
-- Table structure for table `quotation_signed_documents`
--

DROP TABLE IF EXISTS `quotation_signed_documents`;
/*!40101 SET @saved_cs_client     = @@character_set_client */;
/*!50503 SET character_set_client = utf8mb4 */;
CREATE TABLE `quotation_signed_documents` (
  `id` bigint unsigned NOT NULL AUTO_INCREMENT,
  `quotation_id` bigint unsigned NOT NULL,
  `attachment_id` bigint unsigned NOT NULL,
  `description` text COLLATE utf8mb4_unicode_ci,
  `signed_date` date DEFAULT NULL,
  `uploader_id` bigint unsigned NOT NULL,
  `created_at` timestamp NULL DEFAULT NULL,
  `updated_at` timestamp NULL DEFAULT NULL,
  `deleted_at` timestamp NULL DEFAULT NULL,
  PRIMARY KEY (`id`),
  KEY `quotation_signed_documents_quotation_id_foreign` (`quotation_id`),
  KEY `quotation_signed_documents_attachment_id_foreign` (`attachment_id`),
  KEY `quotation_signed_documents_uploader_id_foreign` (`uploader_id`),
  CONSTRAINT `quotation_signed_documents_attachment_id_foreign` FOREIGN KEY (`attachment_id`) REFERENCES `attachments` (`id`) ON DELETE RESTRICT ON UPDATE RESTRICT,
  CONSTRAINT `quotation_signed_documents_quotation_id_foreign` FOREIGN KEY (`quotation_id`) REFERENCES `quotations` (`id`) ON DELETE RESTRICT ON UPDATE RESTRICT,
  CONSTRAINT `quotation_signed_documents_uploader_id_foreign` FOREIGN KEY (`uploader_id`) REFERENCES `users` (`id`) ON DELETE RESTRICT ON UPDATE RESTRICT
) ENGINE=InnoDB DEFAULT CHARSET=utf8mb4 COLLATE=utf8mb4_unicode_ci;
/*!40101 SET character_set_client = @saved_cs_client */;

--
-- Dumping data for table `quotation_signed_documents`
--

LOCK TABLES `quotation_signed_documents` WRITE;
/*!40000 ALTER TABLE `quotation_signed_documents` DISABLE KEYS */;
/*!40000 ALTER TABLE `quotation_signed_documents` ENABLE KEYS */;
UNLOCK TABLES;

--
-- Table structure for table `quotations`
--

DROP TABLE IF EXISTS `quotations`;
/*!40101 SET @saved_cs_client     = @@character_set_client */;
/*!50503 SET character_set_client = utf8mb4 */;
CREATE TABLE `quotations` (
  `id` bigint unsigned NOT NULL AUTO_INCREMENT,
  `lead_id` bigint unsigned NOT NULL,
  `quotation_no` varchar(255) COLLATE utf8mb4_unicode_ci DEFAULT NULL,
  `status` enum('draft','review','published','rejected','expired') COLLATE utf8mb4_unicode_ci DEFAULT NULL,
  `subtotal` double DEFAULT NULL,
  `tax_pct` double NOT NULL DEFAULT '11',
  `tax_total` double DEFAULT NULL,
  `grand_total` double DEFAULT NULL,
  `booking_fee` double DEFAULT NULL,
  `expiry_date` date DEFAULT NULL,
  `created_by` bigint unsigned NOT NULL,
  `created_at` timestamp NULL DEFAULT NULL,
  `updated_at` timestamp NULL DEFAULT NULL,
  `deleted_at` timestamp NULL DEFAULT NULL,
  PRIMARY KEY (`id`),
  KEY `quotations_lead_id_foreign` (`lead_id`),
  KEY `quotations_created_by_foreign` (`created_by`),
  CONSTRAINT `quotations_created_by_foreign` FOREIGN KEY (`created_by`) REFERENCES `users` (`id`) ON DELETE RESTRICT ON UPDATE RESTRICT,
  CONSTRAINT `quotations_lead_id_foreign` FOREIGN KEY (`lead_id`) REFERENCES `leads` (`id`) ON DELETE RESTRICT ON UPDATE RESTRICT
) ENGINE=InnoDB AUTO_INCREMENT=19 DEFAULT CHARSET=utf8mb4 COLLATE=utf8mb4_unicode_ci;
/*!40101 SET character_set_client = @saved_cs_client */;

--
-- Dumping data for table `quotations`
--

LOCK TABLES `quotations` WRITE;
/*!40000 ALTER TABLE `quotations` DISABLE KEYS */;
INSERT INTO `quotations` VALUES (1,101,'QT001','expired',1096,11,120.56,1216.56,109.6,'2025-07-26',1,'2025-07-12 23:01:33','2025-07-26 00:00:05',NULL),(2,102,'QT002','expired',783,11,86.13,869.13,78.3,'2025-07-26',1,'2025-07-12 23:01:33','2025-07-26 00:00:05',NULL),(3,103,'QT003','expired',818,11,89.98,907.98,81.8,'2025-07-26',1,'2025-07-12 23:01:33','2025-07-26 00:00:05',NULL),(4,201,'QT_DEAL_001','expired',352352,11,38758.72,391110.72,35235.2,'2025-07-26',1,'2025-07-12 23:01:34','2025-07-26 00:00:05',NULL),(5,202,'QT_DEAL_002','expired',309343,11,34027.73,343370.73,30934.3,'2025-07-26',1,'2025-07-12 23:01:34','2025-07-26 00:00:05',NULL),(6,203,'QT_DEAL_003','expired',396490,11,43613.9,440103.9,39649,'2025-07-26',1,'2025-07-12 23:01:34','2025-07-26 00:00:05',NULL),(7,204,'QT_DEAL_004','expired',333048,11,36635.28,369683.28,33304.8,'2025-07-26',1,'2025-07-12 23:01:34','2025-07-26 00:00:05',NULL),(8,10,'QT_DEAL_005','expired',243470000,11,26781700,270251700,NULL,'2025-07-29',21,'2025-07-14 19:25:10','2025-07-29 00:00:04',NULL),(9,261,'QT_DEAL_006','published',251010000,11,27611100,278621100,5000000,'2025-08-21',36,'2025-07-22 10:48:26','2025-07-22 10:56:32',NULL),(10,272,'QT_DEAL_007','published',2384500000,11,262295000,2646795000,NULL,'2025-08-24',36,'2025-07-25 21:19:23','2025-07-25 21:38:06',NULL),(11,273,'QT_DEAL_008','expired',246017000,11,27061870,273078870,NULL,'2025-08-12',21,'2025-07-28 16:26:14','2025-08-12 00:00:05',NULL),(12,286,'QT_DEAL_009','expired',246017000,11,27061870,273078870,NULL,'2025-08-13',21,'2025-07-29 10:03:09','2025-08-13 00:00:05',NULL),(13,287,'QT_DEAL_010','published',246017000,11,27061870,273078870,NULL,'2025-08-28',21,'2025-07-29 10:16:16','2025-07-29 13:32:32',NULL),(14,274,'QT_DEAL_011','expired',238450000,11,26229500,264679500,5000000,'2025-08-13',36,'2025-07-29 13:28:25','2025-08-13 00:00:05',NULL),(15,295,'QT_DEAL_012','published',238450000,11,26229500,264679500,NULL,'2025-08-29',21,'2025-07-30 11:21:56','2025-07-30 11:28:48',NULL),(16,324,'QT_DEAL_013','review',223250000,11,24557500,247807500,NULL,'2025-08-16',36,'2025-08-01 09:57:58','2025-08-01 09:57:58',NULL),(17,334,'QT_DEAL_014','published',351347396,11,38648213.56,389995609.56,NULL,'2025-09-04',36,'2025-08-05 11:05:31','2025-08-05 11:08:30',NULL),(18,214,'QT_DEAL_015','review',215000000,0,0,215000000,NULL,'2025-08-25',28,'2025-08-07 07:54:37','2025-08-10 07:53:24',NULL);
/*!40000 ALTER TABLE `quotations` ENABLE KEYS */;
UNLOCK TABLES;

--
-- Table structure for table `ref_accounts`
--

DROP TABLE IF EXISTS `ref_accounts`;
/*!40101 SET @saved_cs_client     = @@character_set_client */;
/*!50503 SET character_set_client = utf8mb4 */;
CREATE TABLE `ref_accounts` (
  `id` bigint unsigned NOT NULL AUTO_INCREMENT,
  `company_id` bigint unsigned NOT NULL,
  `bank_id` bigint unsigned NOT NULL,
  `account_number` varchar(50) COLLATE utf8mb4_unicode_ci DEFAULT NULL,
  `holder_name` varchar(255) COLLATE utf8mb4_unicode_ci DEFAULT NULL,
  `created_at` timestamp NULL DEFAULT NULL,
  `updated_at` timestamp NULL DEFAULT NULL,
  `deleted_at` timestamp NULL DEFAULT NULL,
  PRIMARY KEY (`id`),
  KEY `ref_accounts_company_id_foreign` (`company_id`),
  KEY `ref_accounts_bank_id_foreign` (`bank_id`),
  CONSTRAINT `ref_accounts_bank_id_foreign` FOREIGN KEY (`bank_id`) REFERENCES `ref_banks` (`id`) ON DELETE RESTRICT ON UPDATE RESTRICT,
  CONSTRAINT `ref_accounts_company_id_foreign` FOREIGN KEY (`company_id`) REFERENCES `ref_companies` (`id`) ON DELETE RESTRICT ON UPDATE RESTRICT
) ENGINE=InnoDB AUTO_INCREMENT=2 DEFAULT CHARSET=utf8mb4 COLLATE=utf8mb4_unicode_ci;
/*!40101 SET character_set_client = @saved_cs_client */;

--
-- Dumping data for table `ref_accounts`
--

LOCK TABLES `ref_accounts` WRITE;
/*!40000 ALTER TABLE `ref_accounts` DISABLE KEYS */;
INSERT INTO `ref_accounts` VALUES (1,1,1,'1234567890','Default Account',NULL,NULL,NULL);
/*!40000 ALTER TABLE `ref_accounts` ENABLE KEYS */;
UNLOCK TABLES;

--
-- Table structure for table `ref_banks`
--

DROP TABLE IF EXISTS `ref_banks`;
/*!40101 SET @saved_cs_client     = @@character_set_client */;
/*!50503 SET character_set_client = utf8mb4 */;
CREATE TABLE `ref_banks` (
  `id` bigint unsigned NOT NULL AUTO_INCREMENT,
  `name` varchar(100) COLLATE utf8mb4_unicode_ci DEFAULT NULL,
  `created_at` timestamp NULL DEFAULT NULL,
  `updated_at` timestamp NULL DEFAULT NULL,
  `deleted_at` timestamp NULL DEFAULT NULL,
  PRIMARY KEY (`id`)
) ENGINE=InnoDB AUTO_INCREMENT=3 DEFAULT CHARSET=utf8mb4 COLLATE=utf8mb4_unicode_ci;
/*!40101 SET character_set_client = @saved_cs_client */;

--
-- Dumping data for table `ref_banks`
--

LOCK TABLES `ref_banks` WRITE;
/*!40000 ALTER TABLE `ref_banks` DISABLE KEYS */;
INSERT INTO `ref_banks` VALUES (1,'Bank A',NULL,NULL,NULL),(2,'Bank B',NULL,NULL,NULL);
/*!40000 ALTER TABLE `ref_banks` ENABLE KEYS */;
UNLOCK TABLES;

--
-- Table structure for table `ref_branches`
--

DROP TABLE IF EXISTS `ref_branches`;
/*!40101 SET @saved_cs_client     = @@character_set_client */;
/*!50503 SET character_set_client = utf8mb4 */;
CREATE TABLE `ref_branches` (
  `id` bigint unsigned NOT NULL AUTO_INCREMENT,
  `company_id` bigint unsigned NOT NULL,
  `name` varchar(100) COLLATE utf8mb4_unicode_ci DEFAULT NULL,
  `code` varchar(100) COLLATE utf8mb4_unicode_ci DEFAULT NULL,
  `address` text COLLATE utf8mb4_unicode_ci,
  `created_at` timestamp NULL DEFAULT NULL,
  `updated_at` timestamp NULL DEFAULT NULL,
  `deleted_at` timestamp NULL DEFAULT NULL,
  PRIMARY KEY (`id`),
  KEY `ref_branches_company_id_foreign` (`company_id`),
  CONSTRAINT `ref_branches_company_id_foreign` FOREIGN KEY (`company_id`) REFERENCES `ref_companies` (`id`) ON DELETE RESTRICT ON UPDATE RESTRICT
) ENGINE=InnoDB AUTO_INCREMENT=4 DEFAULT CHARSET=utf8mb4 COLLATE=utf8mb4_unicode_ci;
/*!40101 SET character_set_client = @saved_cs_client */;

--
-- Dumping data for table `ref_branches`
--

LOCK TABLES `ref_branches` WRITE;
/*!40000 ALTER TABLE `ref_branches` DISABLE KEYS */;
INSERT INTO `ref_branches` VALUES (1,1,'Branch Jakarta','JKT',NULL,NULL,NULL,NULL),(2,1,'Branch Makassar','MKS',NULL,NULL,NULL,NULL),(3,1,'Branch Surabaya','SBY',NULL,NULL,NULL,NULL);
/*!40000 ALTER TABLE `ref_branches` ENABLE KEYS */;
UNLOCK TABLES;

--
-- Table structure for table `ref_companies`
--

DROP TABLE IF EXISTS `ref_companies`;
/*!40101 SET @saved_cs_client     = @@character_set_client */;
/*!50503 SET character_set_client = utf8mb4 */;
CREATE TABLE `ref_companies` (
  `id` bigint unsigned NOT NULL AUTO_INCREMENT,
  `name` varchar(100) COLLATE utf8mb4_unicode_ci DEFAULT NULL,
  `address` text COLLATE utf8mb4_unicode_ci,
  `phone` varchar(20) COLLATE utf8mb4_unicode_ci DEFAULT NULL,
  `created_at` timestamp NULL DEFAULT NULL,
  `updated_at` timestamp NULL DEFAULT NULL,
  `deleted_at` timestamp NULL DEFAULT NULL,
  PRIMARY KEY (`id`)
) ENGINE=InnoDB AUTO_INCREMENT=3 DEFAULT CHARSET=utf8mb4 COLLATE=utf8mb4_unicode_ci;
/*!40101 SET character_set_client = @saved_cs_client */;

--
-- Dumping data for table `ref_companies`
--

LOCK TABLES `ref_companies` WRITE;
/*!40000 ALTER TABLE `ref_companies` DISABLE KEYS */;
INSERT INTO `ref_companies` VALUES (1,'Tech Innovators','123 Innovation Way','555-1000',NULL,NULL,NULL),(2,'Logistics Corp','456 Distribution Ave','555-2000',NULL,NULL,NULL);
/*!40000 ALTER TABLE `ref_companies` ENABLE KEYS */;
UNLOCK TABLES;

--
-- Table structure for table `ref_customer_types`
--

DROP TABLE IF EXISTS `ref_customer_types`;
/*!40101 SET @saved_cs_client     = @@character_set_client */;
/*!50503 SET character_set_client = utf8mb4 */;
CREATE TABLE `ref_customer_types` (
  `id` bigint unsigned NOT NULL AUTO_INCREMENT,
  `name` varchar(255) COLLATE utf8mb4_unicode_ci NOT NULL,
  `created_at` timestamp NULL DEFAULT NULL,
  `updated_at` timestamp NULL DEFAULT NULL,
  `deleted_at` timestamp NULL DEFAULT NULL,
  PRIMARY KEY (`id`)
) ENGINE=InnoDB AUTO_INCREMENT=11 DEFAULT CHARSET=utf8mb4 COLLATE=utf8mb4_unicode_ci;
/*!40101 SET character_set_client = @saved_cs_client */;

--
-- Dumping data for table `ref_customer_types`
--

LOCK TABLES `ref_customer_types` WRITE;
/*!40000 ALTER TABLE `ref_customer_types` DISABLE KEYS */;
INSERT INTO `ref_customer_types` VALUES (1,'Corporate',NULL,NULL,NULL),(2,'Government',NULL,NULL,NULL),(3,'Personal',NULL,NULL,NULL),(4,'Repeat Order',NULL,NULL,NULL),(5,'Distributor',NULL,NULL,NULL),(6,'Tender-based',NULL,NULL,NULL),(7,'Commanditaire Vennootschap',NULL,NULL,NULL),(8,'Institution',NULL,NULL,NULL),(9,'Hospital',NULL,NULL,NULL),(10,'Foundation',NULL,NULL,NULL);
/*!40000 ALTER TABLE `ref_customer_types` ENABLE KEYS */;
UNLOCK TABLES;

--
-- Table structure for table `ref_expense_types`
--

DROP TABLE IF EXISTS `ref_expense_types`;
/*!40101 SET @saved_cs_client     = @@character_set_client */;
/*!50503 SET character_set_client = utf8mb4 */;
CREATE TABLE `ref_expense_types` (
  `id` bigint unsigned NOT NULL AUTO_INCREMENT,
  `name` varchar(100) COLLATE utf8mb4_unicode_ci DEFAULT NULL,
  `created_at` timestamp NULL DEFAULT NULL,
  `updated_at` timestamp NULL DEFAULT NULL,
  `deleted_at` timestamp NULL DEFAULT NULL,
  PRIMARY KEY (`id`)
) ENGINE=InnoDB AUTO_INCREMENT=4 DEFAULT CHARSET=utf8mb4 COLLATE=utf8mb4_unicode_ci;
/*!40101 SET character_set_client = @saved_cs_client */;

--
-- Dumping data for table `ref_expense_types`
--

LOCK TABLES `ref_expense_types` WRITE;
/*!40000 ALTER TABLE `ref_expense_types` DISABLE KEYS */;
INSERT INTO `ref_expense_types` VALUES (1,'Travel',NULL,NULL,NULL),(2,'Meals',NULL,NULL,NULL),(3,'Accommodation',NULL,NULL,NULL);
/*!40000 ALTER TABLE `ref_expense_types` ENABLE KEYS */;
UNLOCK TABLES;

--
-- Table structure for table `ref_industries`
--

DROP TABLE IF EXISTS `ref_industries`;
/*!40101 SET @saved_cs_client     = @@character_set_client */;
/*!50503 SET character_set_client = utf8mb4 */;
CREATE TABLE `ref_industries` (
  `id` bigint unsigned NOT NULL AUTO_INCREMENT,
  `name` varchar(255) COLLATE utf8mb4_unicode_ci NOT NULL,
  `created_at` timestamp NULL DEFAULT NULL,
  `updated_at` timestamp NULL DEFAULT NULL,
  `deleted_at` timestamp NULL DEFAULT NULL,
  PRIMARY KEY (`id`)
) ENGINE=InnoDB AUTO_INCREMENT=10 DEFAULT CHARSET=utf8mb4 COLLATE=utf8mb4_unicode_ci;
/*!40101 SET character_set_client = @saved_cs_client */;

--
-- Dumping data for table `ref_industries`
--

LOCK TABLES `ref_industries` WRITE;
/*!40000 ALTER TABLE `ref_industries` DISABLE KEYS */;
INSERT INTO `ref_industries` VALUES (1,'Perikanan & Kelautan',NULL,NULL,NULL),(2,'Peternakan & Perikanan',NULL,NULL,NULL),(3,'Makanan & Minuman',NULL,NULL,NULL),(4,'Logistik & Distribusi',NULL,NULL,NULL),(5,'Wisata & Hospitality',NULL,NULL,NULL),(6,'CSR Project',NULL,NULL,NULL),(7,'Isntitusi Pendidikan',NULL,NULL,NULL),(8,'Hospital',NULL,NULL,NULL),(9,'Agent Mesin Es',NULL,NULL,NULL);
/*!40000 ALTER TABLE `ref_industries` ENABLE KEYS */;
UNLOCK TABLES;

--
-- Table structure for table `ref_jabatans`
--

DROP TABLE IF EXISTS `ref_jabatans`;
/*!40101 SET @saved_cs_client     = @@character_set_client */;
/*!50503 SET character_set_client = utf8mb4 */;
CREATE TABLE `ref_jabatans` (
  `id` bigint unsigned NOT NULL AUTO_INCREMENT,
  `name` varchar(255) COLLATE utf8mb4_unicode_ci NOT NULL,
  `created_at` timestamp NULL DEFAULT NULL,
  `updated_at` timestamp NULL DEFAULT NULL,
  `deleted_at` timestamp NULL DEFAULT NULL,
  PRIMARY KEY (`id`)
) ENGINE=InnoDB AUTO_INCREMENT=11 DEFAULT CHARSET=utf8mb4 COLLATE=utf8mb4_unicode_ci;
/*!40101 SET character_set_client = @saved_cs_client */;

--
-- Dumping data for table `ref_jabatans`
--

LOCK TABLES `ref_jabatans` WRITE;
/*!40000 ALTER TABLE `ref_jabatans` DISABLE KEYS */;
INSERT INTO `ref_jabatans` VALUES (1,'Direktur',NULL,NULL,NULL),(2,'Manager',NULL,NULL,NULL),(3,'Supervisor',NULL,NULL,NULL),(4,'Staff',NULL,NULL,NULL),(5,'Owner',NULL,NULL,NULL),(6,'Purchasing',NULL,NULL,NULL),(7,'Finance',NULL,NULL,NULL),(8,'Engineer',NULL,NULL,NULL),(9,'Operator',NULL,NULL,NULL),(10,'Lainnya',NULL,NULL,NULL);
/*!40000 ALTER TABLE `ref_jabatans` ENABLE KEYS */;
UNLOCK TABLES;

--
-- Table structure for table `ref_parts`
--

DROP TABLE IF EXISTS `ref_parts`;
/*!40101 SET @saved_cs_client     = @@character_set_client */;
/*!50503 SET character_set_client = utf8mb4 */;
CREATE TABLE `ref_parts` (
  `id` bigint unsigned NOT NULL AUTO_INCREMENT,
  `sku` varchar(255) COLLATE utf8mb4_unicode_ci DEFAULT NULL,
  `name` varchar(100) COLLATE utf8mb4_unicode_ci NOT NULL,
  `price` double NOT NULL,
  `created_at` timestamp NULL DEFAULT NULL,
  `updated_at` timestamp NULL DEFAULT NULL,
  `deleted_at` timestamp NULL DEFAULT NULL,
  PRIMARY KEY (`id`)
) ENGINE=InnoDB AUTO_INCREMENT=20 DEFAULT CHARSET=utf8mb4 COLLATE=utf8mb4_unicode_ci;
/*!40101 SET character_set_client = @saved_cs_client */;

--
-- Dumping data for table `ref_parts`
--

LOCK TABLES `ref_parts` WRITE;
/*!40000 ALTER TABLE `ref_parts` DISABLE KEYS */;
INSERT INTO `ref_parts` VALUES (1,'A03.01.0017','PLC Siemens PLC',0,NULL,NULL,NULL),(2,'A03.01.0057','Touchscreen',0,NULL,NULL,NULL),(3,'A03.02.0006','Phase Sequence Protector',0,NULL,NULL,NULL),(4,'A03.04.0001','Circuit Breaker',0,NULL,NULL,NULL),(5,'A03.04.0065','Circuit Breaker',0,NULL,NULL,NULL),(6,'A03.04.0071','Circuit Breaker',0,NULL,NULL,NULL),(7,'A03.05.0085','Thermal Relay',0,NULL,NULL,NULL),(8,'A03.05.0083','Thermal Relay',0,NULL,NULL,NULL),(9,'A03.05.0075','Thermal Relay',0,NULL,NULL,NULL),(10,'A03.06.0054','AC Contactors',0,NULL,NULL,NULL),(11,'A03.06.0059','AC Contactors',0,NULL,NULL,NULL),(12,'A03.10.0115','Electrical Box',0,NULL,NULL,NULL),(13,'A03.11.0011','Rotary Switch',0,NULL,NULL,NULL),(14,'A03.11.0006','Buzzer',0,NULL,NULL,NULL),(15,'A03.11.0009','Emergency Stop Button',0,NULL,NULL,NULL),(16,'A03.11.0001','Lamp Knob Labelling Frame',0,NULL,NULL,NULL),(17,'A03.11.0003','Emergency Stop Warning Sign',0,NULL,NULL,NULL),(18,'A03.11.0004','Grounding Aluminium Label',0,NULL,NULL,NULL),(19,'A03.14.0005','Terminal Block Row',0,NULL,NULL,NULL);
/*!40000 ALTER TABLE `ref_parts` ENABLE KEYS */;
UNLOCK TABLES;

--
-- Table structure for table `ref_product_categories`
--

DROP TABLE IF EXISTS `ref_product_categories`;
/*!40101 SET @saved_cs_client     = @@character_set_client */;
/*!50503 SET character_set_client = utf8mb4 */;
CREATE TABLE `ref_product_categories` (
  `id` bigint unsigned NOT NULL AUTO_INCREMENT,
  `name` varchar(100) COLLATE utf8mb4_unicode_ci DEFAULT NULL,
  `code` varchar(100) COLLATE utf8mb4_unicode_ci DEFAULT NULL,
  `created_at` timestamp NULL DEFAULT NULL,
  `updated_at` timestamp NULL DEFAULT NULL,
  `deleted_at` timestamp NULL DEFAULT NULL,
  PRIMARY KEY (`id`)
) ENGINE=InnoDB AUTO_INCREMENT=4 DEFAULT CHARSET=utf8mb4 COLLATE=utf8mb4_unicode_ci;
/*!40101 SET character_set_client = @saved_cs_client */;

--
-- Dumping data for table `ref_product_categories`
--

LOCK TABLES `ref_product_categories` WRITE;
/*!40000 ALTER TABLE `ref_product_categories` DISABLE KEYS */;
INSERT INTO `ref_product_categories` VALUES (1,'Government',NULL,NULL,NULL,NULL),(2,'Corporate',NULL,NULL,NULL,NULL),(3,'Personal',NULL,NULL,NULL,NULL);
/*!40000 ALTER TABLE `ref_product_categories` ENABLE KEYS */;
UNLOCK TABLES;

--
-- Table structure for table `ref_product_category`
--

DROP TABLE IF EXISTS `ref_product_category`;
/*!40101 SET @saved_cs_client     = @@character_set_client */;
/*!50503 SET character_set_client = utf8mb4 */;
CREATE TABLE `ref_product_category` (
  `id` bigint unsigned NOT NULL AUTO_INCREMENT,
  `product_id` bigint unsigned NOT NULL,
  `category_id` bigint unsigned NOT NULL,
  `created_at` timestamp NULL DEFAULT NULL,
  `updated_at` timestamp NULL DEFAULT NULL,
  PRIMARY KEY (`id`),
  KEY `ref_product_category_product_id_foreign` (`product_id`),
  KEY `ref_product_category_category_id_foreign` (`category_id`),
  CONSTRAINT `ref_product_category_category_id_foreign` FOREIGN KEY (`category_id`) REFERENCES `ref_product_categories` (`id`) ON DELETE RESTRICT ON UPDATE RESTRICT,
  CONSTRAINT `ref_product_category_product_id_foreign` FOREIGN KEY (`product_id`) REFERENCES `ref_products` (`id`) ON DELETE RESTRICT ON UPDATE RESTRICT
) ENGINE=InnoDB DEFAULT CHARSET=utf8mb4 COLLATE=utf8mb4_unicode_ci;
/*!40101 SET character_set_client = @saved_cs_client */;

--
-- Dumping data for table `ref_product_category`
--

LOCK TABLES `ref_product_category` WRITE;
/*!40000 ALTER TABLE `ref_product_category` DISABLE KEYS */;
/*!40000 ALTER TABLE `ref_product_category` ENABLE KEYS */;
UNLOCK TABLES;

--
-- Table structure for table `ref_product_parts`
--

DROP TABLE IF EXISTS `ref_product_parts`;
/*!40101 SET @saved_cs_client     = @@character_set_client */;
/*!50503 SET character_set_client = utf8mb4 */;
CREATE TABLE `ref_product_parts` (
  `id` bigint unsigned NOT NULL AUTO_INCREMENT,
  `product_id` bigint unsigned NOT NULL,
  `part_id` bigint unsigned NOT NULL,
  `created_at` timestamp NULL DEFAULT NULL,
  `updated_at` timestamp NULL DEFAULT NULL,
  PRIMARY KEY (`id`),
  KEY `ref_product_parts_product_id_foreign` (`product_id`),
  KEY `ref_product_parts_part_id_foreign` (`part_id`),
  CONSTRAINT `ref_product_parts_part_id_foreign` FOREIGN KEY (`part_id`) REFERENCES `ref_parts` (`id`) ON DELETE RESTRICT ON UPDATE RESTRICT,
  CONSTRAINT `ref_product_parts_product_id_foreign` FOREIGN KEY (`product_id`) REFERENCES `ref_products` (`id`) ON DELETE RESTRICT ON UPDATE RESTRICT
) ENGINE=InnoDB AUTO_INCREMENT=2224 DEFAULT CHARSET=utf8mb4 COLLATE=utf8mb4_unicode_ci;
/*!40101 SET character_set_client = @saved_cs_client */;

--
-- Dumping data for table `ref_product_parts`
--

LOCK TABLES `ref_product_parts` WRITE;
/*!40000 ALTER TABLE `ref_product_parts` DISABLE KEYS */;
INSERT INTO `ref_product_parts` VALUES (1,1,1,NULL,NULL),(2,1,2,NULL,NULL),(3,1,3,NULL,NULL),(4,1,4,NULL,NULL),(5,1,5,NULL,NULL),(6,1,6,NULL,NULL),(7,1,7,NULL,NULL),(8,1,8,NULL,NULL),(9,1,9,NULL,NULL),(10,1,10,NULL,NULL),(11,1,11,NULL,NULL),(12,1,12,NULL,NULL),(13,1,13,NULL,NULL),(14,1,14,NULL,NULL),(15,1,15,NULL,NULL),(16,1,16,NULL,NULL),(17,1,17,NULL,NULL),(18,1,18,NULL,NULL),(19,1,19,NULL,NULL),(20,2,1,NULL,NULL),(21,2,2,NULL,NULL),(22,2,3,NULL,NULL),(23,2,4,NULL,NULL),(24,2,5,NULL,NULL),(25,2,6,NULL,NULL),(26,2,7,NULL,NULL),(27,2,8,NULL,NULL),(28,2,9,NULL,NULL),(29,2,10,NULL,NULL),(30,2,11,NULL,NULL),(31,2,12,NULL,NULL),(32,2,13,NULL,NULL),(33,2,14,NULL,NULL),(34,2,15,NULL,NULL),(35,2,16,NULL,NULL),(36,2,17,NULL,NULL),(37,2,18,NULL,NULL),(38,2,19,NULL,NULL),(39,3,1,NULL,NULL),(40,3,2,NULL,NULL),(41,3,3,NULL,NULL),(42,3,4,NULL,NULL),(43,3,5,NULL,NULL),(44,3,6,NULL,NULL),(45,3,7,NULL,NULL),(46,3,8,NULL,NULL),(47,3,9,NULL,NULL),(48,3,10,NULL,NULL),(49,3,11,NULL,NULL),(50,3,12,NULL,NULL),(51,3,13,NULL,NULL),(52,3,14,NULL,NULL),(53,3,15,NULL,NULL),(54,3,16,NULL,NULL),(55,3,17,NULL,NULL),(56,3,18,NULL,NULL),(57,3,19,NULL,NULL),(58,4,1,NULL,NULL),(59,4,2,NULL,NULL),(60,4,3,NULL,NULL),(61,4,4,NULL,NULL),(62,4,5,NULL,NULL),(63,4,6,NULL,NULL),(64,4,7,NULL,NULL),(65,4,8,NULL,NULL),(66,4,9,NULL,NULL),(67,4,10,NULL,NULL),(68,4,11,NULL,NULL),(69,4,12,NULL,NULL),(70,4,13,NULL,NULL),(71,4,14,NULL,NULL),(72,4,15,NULL,NULL),(73,4,16,NULL,NULL),(74,4,17,NULL,NULL),(75,4,18,NULL,NULL),(76,4,19,NULL,NULL),(77,5,1,NULL,NULL),(78,5,2,NULL,NULL),(79,5,3,NULL,NULL),(80,5,4,NULL,NULL),(81,5,5,NULL,NULL),(82,5,6,NULL,NULL),(83,5,7,NULL,NULL),(84,5,8,NULL,NULL),(85,5,9,NULL,NULL),(86,5,10,NULL,NULL),(87,5,11,NULL,NULL),(88,5,12,NULL,NULL),(89,5,13,NULL,NULL),(90,5,14,NULL,NULL),(91,5,15,NULL,NULL),(92,5,16,NULL,NULL),(93,5,17,NULL,NULL),(94,5,18,NULL,NULL),(95,5,19,NULL,NULL),(96,6,1,NULL,NULL),(97,6,2,NULL,NULL),(98,6,3,NULL,NULL),(99,6,4,NULL,NULL),(100,6,5,NULL,NULL),(101,6,6,NULL,NULL),(102,6,7,NULL,NULL),(103,6,8,NULL,NULL),(104,6,9,NULL,NULL),(105,6,10,NULL,NULL),(106,6,11,NULL,NULL),(107,6,12,NULL,NULL),(108,6,13,NULL,NULL),(109,6,14,NULL,NULL),(110,6,15,NULL,NULL),(111,6,16,NULL,NULL),(112,6,17,NULL,NULL),(113,6,18,NULL,NULL),(114,6,19,NULL,NULL),(115,7,1,NULL,NULL),(116,7,2,NULL,NULL),(117,7,3,NULL,NULL),(118,7,4,NULL,NULL),(119,7,5,NULL,NULL),(120,7,6,NULL,NULL),(121,7,7,NULL,NULL),(122,7,8,NULL,NULL),(123,7,9,NULL,NULL),(124,7,10,NULL,NULL),(125,7,11,NULL,NULL),(126,7,12,NULL,NULL),(127,7,13,NULL,NULL),(128,7,14,NULL,NULL),(129,7,15,NULL,NULL),(130,7,16,NULL,NULL),(131,7,17,NULL,NULL),(132,7,18,NULL,NULL),(133,7,19,NULL,NULL),(134,8,1,NULL,NULL),(135,8,2,NULL,NULL),(136,8,3,NULL,NULL),(137,8,4,NULL,NULL),(138,8,5,NULL,NULL),(139,8,6,NULL,NULL),(140,8,7,NULL,NULL),(141,8,8,NULL,NULL),(142,8,9,NULL,NULL),(143,8,10,NULL,NULL),(144,8,11,NULL,NULL),(145,8,12,NULL,NULL),(146,8,13,NULL,NULL),(147,8,14,NULL,NULL),(148,8,15,NULL,NULL),(149,8,16,NULL,NULL),(150,8,17,NULL,NULL),(151,8,18,NULL,NULL),(152,8,19,NULL,NULL),(153,9,1,NULL,NULL),(154,9,2,NULL,NULL),(155,9,3,NULL,NULL),(156,9,4,NULL,NULL),(157,9,5,NULL,NULL),(158,9,6,NULL,NULL),(159,9,7,NULL,NULL),(160,9,8,NULL,NULL),(161,9,9,NULL,NULL),(162,9,10,NULL,NULL),(163,9,11,NULL,NULL),(164,9,12,NULL,NULL),(165,9,13,NULL,NULL),(166,9,14,NULL,NULL),(167,9,15,NULL,NULL),(168,9,16,NULL,NULL),(169,9,17,NULL,NULL),(170,9,18,NULL,NULL),(171,9,19,NULL,NULL),(172,10,1,NULL,NULL),(173,10,2,NULL,NULL),(174,10,3,NULL,NULL),(175,10,4,NULL,NULL),(176,10,5,NULL,NULL),(177,10,6,NULL,NULL),(178,10,7,NULL,NULL),(179,10,8,NULL,NULL),(180,10,9,NULL,NULL),(181,10,10,NULL,NULL),(182,10,11,NULL,NULL),(183,10,12,NULL,NULL),(184,10,13,NULL,NULL),(185,10,14,NULL,NULL),(186,10,15,NULL,NULL),(187,10,16,NULL,NULL),(188,10,17,NULL,NULL),(189,10,18,NULL,NULL),(190,10,19,NULL,NULL),(191,11,1,NULL,NULL),(192,11,2,NULL,NULL),(193,11,3,NULL,NULL),(194,11,4,NULL,NULL),(195,11,5,NULL,NULL),(196,11,6,NULL,NULL),(197,11,7,NULL,NULL),(198,11,8,NULL,NULL),(199,11,9,NULL,NULL),(200,11,10,NULL,NULL),(201,11,11,NULL,NULL),(202,11,12,NULL,NULL),(203,11,13,NULL,NULL),(204,11,14,NULL,NULL),(205,11,15,NULL,NULL),(206,11,16,NULL,NULL),(207,11,17,NULL,NULL),(208,11,18,NULL,NULL),(209,11,19,NULL,NULL),(210,12,1,NULL,NULL),(211,12,2,NULL,NULL),(212,12,3,NULL,NULL),(213,12,4,NULL,NULL),(214,12,5,NULL,NULL),(215,12,6,NULL,NULL),(216,12,7,NULL,NULL),(217,12,8,NULL,NULL),(218,12,9,NULL,NULL),(219,12,10,NULL,NULL),(220,12,11,NULL,NULL),(221,12,12,NULL,NULL),(222,12,13,NULL,NULL),(223,12,14,NULL,NULL),(224,12,15,NULL,NULL),(225,12,16,NULL,NULL),(226,12,17,NULL,NULL),(227,12,18,NULL,NULL),(228,12,19,NULL,NULL),(229,13,1,NULL,NULL),(230,13,2,NULL,NULL),(231,13,3,NULL,NULL),(232,13,4,NULL,NULL),(233,13,5,NULL,NULL),(234,13,6,NULL,NULL),(235,13,7,NULL,NULL),(236,13,8,NULL,NULL),(237,13,9,NULL,NULL),(238,13,10,NULL,NULL),(239,13,11,NULL,NULL),(240,13,12,NULL,NULL),(241,13,13,NULL,NULL),(242,13,14,NULL,NULL),(243,13,15,NULL,NULL),(244,13,16,NULL,NULL),(245,13,17,NULL,NULL),(246,13,18,NULL,NULL),(247,13,19,NULL,NULL),(248,14,1,NULL,NULL),(249,14,2,NULL,NULL),(250,14,3,NULL,NULL),(251,14,4,NULL,NULL),(252,14,5,NULL,NULL),(253,14,6,NULL,NULL),(254,14,7,NULL,NULL),(255,14,8,NULL,NULL),(256,14,9,NULL,NULL),(257,14,10,NULL,NULL),(258,14,11,NULL,NULL),(259,14,12,NULL,NULL),(260,14,13,NULL,NULL),(261,14,14,NULL,NULL),(262,14,15,NULL,NULL),(263,14,16,NULL,NULL),(264,14,17,NULL,NULL),(265,14,18,NULL,NULL),(266,14,19,NULL,NULL),(267,15,1,NULL,NULL),(268,15,2,NULL,NULL),(269,15,3,NULL,NULL),(270,15,4,NULL,NULL),(271,15,5,NULL,NULL),(272,15,6,NULL,NULL),(273,15,7,NULL,NULL),(274,15,8,NULL,NULL),(275,15,9,NULL,NULL),(276,15,10,NULL,NULL),(277,15,11,NULL,NULL),(278,15,12,NULL,NULL),(279,15,13,NULL,NULL),(280,15,14,NULL,NULL),(281,15,15,NULL,NULL),(282,15,16,NULL,NULL),(283,15,17,NULL,NULL),(284,15,18,NULL,NULL),(285,15,19,NULL,NULL),(286,16,1,NULL,NULL),(287,16,2,NULL,NULL),(288,16,3,NULL,NULL),(289,16,4,NULL,NULL),(290,16,5,NULL,NULL),(291,16,6,NULL,NULL),(292,16,7,NULL,NULL),(293,16,8,NULL,NULL),(294,16,9,NULL,NULL),(295,16,10,NULL,NULL),(296,16,11,NULL,NULL),(297,16,12,NULL,NULL),(298,16,13,NULL,NULL),(299,16,14,NULL,NULL),(300,16,15,NULL,NULL),(301,16,16,NULL,NULL),(302,16,17,NULL,NULL),(303,16,18,NULL,NULL),(304,16,19,NULL,NULL),(305,17,1,NULL,NULL),(306,17,2,NULL,NULL),(307,17,3,NULL,NULL),(308,17,4,NULL,NULL),(309,17,5,NULL,NULL),(310,17,6,NULL,NULL),(311,17,7,NULL,NULL),(312,17,8,NULL,NULL),(313,17,9,NULL,NULL),(314,17,10,NULL,NULL),(315,17,11,NULL,NULL),(316,17,12,NULL,NULL),(317,17,13,NULL,NULL),(318,17,14,NULL,NULL),(319,17,15,NULL,NULL),(320,17,16,NULL,NULL),(321,17,17,NULL,NULL),(322,17,18,NULL,NULL),(323,17,19,NULL,NULL),(324,18,1,NULL,NULL),(325,18,2,NULL,NULL),(326,18,3,NULL,NULL),(327,18,4,NULL,NULL),(328,18,5,NULL,NULL),(329,18,6,NULL,NULL),(330,18,7,NULL,NULL),(331,18,8,NULL,NULL),(332,18,9,NULL,NULL),(333,18,10,NULL,NULL),(334,18,11,NULL,NULL),(335,18,12,NULL,NULL),(336,18,13,NULL,NULL),(337,18,14,NULL,NULL),(338,18,15,NULL,NULL),(339,18,16,NULL,NULL),(340,18,17,NULL,NULL),(341,18,18,NULL,NULL),(342,18,19,NULL,NULL),(343,19,1,NULL,NULL),(344,19,2,NULL,NULL),(345,19,3,NULL,NULL),(346,19,4,NULL,NULL),(347,19,5,NULL,NULL),(348,19,6,NULL,NULL),(349,19,7,NULL,NULL),(350,19,8,NULL,NULL),(351,19,9,NULL,NULL),(352,19,10,NULL,NULL),(353,19,11,NULL,NULL),(354,19,12,NULL,NULL),(355,19,13,NULL,NULL),(356,19,14,NULL,NULL),(357,19,15,NULL,NULL),(358,19,16,NULL,NULL),(359,19,17,NULL,NULL),(360,19,18,NULL,NULL),(361,19,19,NULL,NULL),(362,20,1,NULL,NULL),(363,20,2,NULL,NULL),(364,20,3,NULL,NULL),(365,20,4,NULL,NULL),(366,20,5,NULL,NULL),(367,20,6,NULL,NULL),(368,20,7,NULL,NULL),(369,20,8,NULL,NULL),(370,20,9,NULL,NULL),(371,20,10,NULL,NULL),(372,20,11,NULL,NULL),(373,20,12,NULL,NULL),(374,20,13,NULL,NULL),(375,20,14,NULL,NULL),(376,20,15,NULL,NULL),(377,20,16,NULL,NULL),(378,20,17,NULL,NULL),(379,20,18,NULL,NULL),(380,20,19,NULL,NULL),(381,21,1,NULL,NULL),(382,21,2,NULL,NULL),(383,21,3,NULL,NULL),(384,21,4,NULL,NULL),(385,21,5,NULL,NULL),(386,21,6,NULL,NULL),(387,21,7,NULL,NULL),(388,21,8,NULL,NULL),(389,21,9,NULL,NULL),(390,21,10,NULL,NULL),(391,21,11,NULL,NULL),(392,21,12,NULL,NULL),(393,21,13,NULL,NULL),(394,21,14,NULL,NULL),(395,21,15,NULL,NULL),(396,21,16,NULL,NULL),(397,21,17,NULL,NULL),(398,21,18,NULL,NULL),(399,21,19,NULL,NULL),(400,22,1,NULL,NULL),(401,22,2,NULL,NULL),(402,22,3,NULL,NULL),(403,22,4,NULL,NULL),(404,22,5,NULL,NULL),(405,22,6,NULL,NULL),(406,22,7,NULL,NULL),(407,22,8,NULL,NULL),(408,22,9,NULL,NULL),(409,22,10,NULL,NULL),(410,22,11,NULL,NULL),(411,22,12,NULL,NULL),(412,22,13,NULL,NULL),(413,22,14,NULL,NULL),(414,22,15,NULL,NULL),(415,22,16,NULL,NULL),(416,22,17,NULL,NULL),(417,22,18,NULL,NULL),(418,22,19,NULL,NULL),(419,23,1,NULL,NULL),(420,23,2,NULL,NULL),(421,23,3,NULL,NULL),(422,23,4,NULL,NULL),(423,23,5,NULL,NULL),(424,23,6,NULL,NULL),(425,23,7,NULL,NULL),(426,23,8,NULL,NULL),(427,23,9,NULL,NULL),(428,23,10,NULL,NULL),(429,23,11,NULL,NULL),(430,23,12,NULL,NULL),(431,23,13,NULL,NULL),(432,23,14,NULL,NULL),(433,23,15,NULL,NULL),(434,23,16,NULL,NULL),(435,23,17,NULL,NULL),(436,23,18,NULL,NULL),(437,23,19,NULL,NULL),(438,24,1,NULL,NULL),(439,24,2,NULL,NULL),(440,24,3,NULL,NULL),(441,24,4,NULL,NULL),(442,24,5,NULL,NULL),(443,24,6,NULL,NULL),(444,24,7,NULL,NULL),(445,24,8,NULL,NULL),(446,24,9,NULL,NULL),(447,24,10,NULL,NULL),(448,24,11,NULL,NULL),(449,24,12,NULL,NULL),(450,24,13,NULL,NULL),(451,24,14,NULL,NULL),(452,24,15,NULL,NULL),(453,24,16,NULL,NULL),(454,24,17,NULL,NULL),(455,24,18,NULL,NULL),(456,24,19,NULL,NULL),(457,25,1,NULL,NULL),(458,25,2,NULL,NULL),(459,25,3,NULL,NULL),(460,25,4,NULL,NULL),(461,25,5,NULL,NULL),(462,25,6,NULL,NULL),(463,25,7,NULL,NULL),(464,25,8,NULL,NULL),(465,25,9,NULL,NULL),(466,25,10,NULL,NULL),(467,25,11,NULL,NULL),(468,25,12,NULL,NULL),(469,25,13,NULL,NULL),(470,25,14,NULL,NULL),(471,25,15,NULL,NULL),(472,25,16,NULL,NULL),(473,25,17,NULL,NULL),(474,25,18,NULL,NULL),(475,25,19,NULL,NULL),(476,26,1,NULL,NULL),(477,26,2,NULL,NULL),(478,26,3,NULL,NULL),(479,26,4,NULL,NULL),(480,26,5,NULL,NULL),(481,26,6,NULL,NULL),(482,26,7,NULL,NULL),(483,26,8,NULL,NULL),(484,26,9,NULL,NULL),(485,26,10,NULL,NULL),(486,26,11,NULL,NULL),(487,26,12,NULL,NULL),(488,26,13,NULL,NULL),(489,26,14,NULL,NULL),(490,26,15,NULL,NULL),(491,26,16,NULL,NULL),(492,26,17,NULL,NULL),(493,26,18,NULL,NULL),(494,26,19,NULL,NULL),(495,27,1,NULL,NULL),(496,27,2,NULL,NULL),(497,27,3,NULL,NULL),(498,27,4,NULL,NULL),(499,27,5,NULL,NULL),(500,27,6,NULL,NULL),(501,27,7,NULL,NULL),(502,27,8,NULL,NULL),(503,27,9,NULL,NULL),(504,27,10,NULL,NULL),(505,27,11,NULL,NULL),(506,27,12,NULL,NULL),(507,27,13,NULL,NULL),(508,27,14,NULL,NULL),(509,27,15,NULL,NULL),(510,27,16,NULL,NULL),(511,27,17,NULL,NULL),(512,27,18,NULL,NULL),(513,27,19,NULL,NULL),(514,28,1,NULL,NULL),(515,28,2,NULL,NULL),(516,28,3,NULL,NULL),(517,28,4,NULL,NULL),(518,28,5,NULL,NULL),(519,28,6,NULL,NULL),(520,28,7,NULL,NULL),(521,28,8,NULL,NULL),(522,28,9,NULL,NULL),(523,28,10,NULL,NULL),(524,28,11,NULL,NULL),(525,28,12,NULL,NULL),(526,28,13,NULL,NULL),(527,28,14,NULL,NULL),(528,28,15,NULL,NULL),(529,28,16,NULL,NULL),(530,28,17,NULL,NULL),(531,28,18,NULL,NULL),(532,28,19,NULL,NULL),(533,29,1,NULL,NULL),(534,29,2,NULL,NULL),(535,29,3,NULL,NULL),(536,29,4,NULL,NULL),(537,29,5,NULL,NULL),(538,29,6,NULL,NULL),(539,29,7,NULL,NULL),(540,29,8,NULL,NULL),(541,29,9,NULL,NULL),(542,29,10,NULL,NULL),(543,29,11,NULL,NULL),(544,29,12,NULL,NULL),(545,29,13,NULL,NULL),(546,29,14,NULL,NULL),(547,29,15,NULL,NULL),(548,29,16,NULL,NULL),(549,29,17,NULL,NULL),(550,29,18,NULL,NULL),(551,29,19,NULL,NULL),(552,30,1,NULL,NULL),(553,30,2,NULL,NULL),(554,30,3,NULL,NULL),(555,30,4,NULL,NULL),(556,30,5,NULL,NULL),(557,30,6,NULL,NULL),(558,30,7,NULL,NULL),(559,30,8,NULL,NULL),(560,30,9,NULL,NULL),(561,30,10,NULL,NULL),(562,30,11,NULL,NULL),(563,30,12,NULL,NULL),(564,30,13,NULL,NULL),(565,30,14,NULL,NULL),(566,30,15,NULL,NULL),(567,30,16,NULL,NULL),(568,30,17,NULL,NULL),(569,30,18,NULL,NULL),(570,30,19,NULL,NULL),(571,31,1,NULL,NULL),(572,31,2,NULL,NULL),(573,31,3,NULL,NULL),(574,31,4,NULL,NULL),(575,31,5,NULL,NULL),(576,31,6,NULL,NULL),(577,31,7,NULL,NULL),(578,31,8,NULL,NULL),(579,31,9,NULL,NULL),(580,31,10,NULL,NULL),(581,31,11,NULL,NULL),(582,31,12,NULL,NULL),(583,31,13,NULL,NULL),(584,31,14,NULL,NULL),(585,31,15,NULL,NULL),(586,31,16,NULL,NULL),(587,31,17,NULL,NULL),(588,31,18,NULL,NULL),(589,31,19,NULL,NULL),(590,32,1,NULL,NULL),(591,32,2,NULL,NULL),(592,32,3,NULL,NULL),(593,32,4,NULL,NULL),(594,32,5,NULL,NULL),(595,32,6,NULL,NULL),(596,32,7,NULL,NULL),(597,32,8,NULL,NULL),(598,32,9,NULL,NULL),(599,32,10,NULL,NULL),(600,32,11,NULL,NULL),(601,32,12,NULL,NULL),(602,32,13,NULL,NULL),(603,32,14,NULL,NULL),(604,32,15,NULL,NULL),(605,32,16,NULL,NULL),(606,32,17,NULL,NULL),(607,32,18,NULL,NULL),(608,32,19,NULL,NULL),(609,33,1,NULL,NULL),(610,33,2,NULL,NULL),(611,33,3,NULL,NULL),(612,33,4,NULL,NULL),(613,33,5,NULL,NULL),(614,33,6,NULL,NULL),(615,33,7,NULL,NULL),(616,33,8,NULL,NULL),(617,33,9,NULL,NULL),(618,33,10,NULL,NULL),(619,33,11,NULL,NULL),(620,33,12,NULL,NULL),(621,33,13,NULL,NULL),(622,33,14,NULL,NULL),(623,33,15,NULL,NULL),(624,33,16,NULL,NULL),(625,33,17,NULL,NULL),(626,33,18,NULL,NULL),(627,33,19,NULL,NULL),(628,34,1,NULL,NULL),(629,34,2,NULL,NULL),(630,34,3,NULL,NULL),(631,34,4,NULL,NULL),(632,34,5,NULL,NULL),(633,34,6,NULL,NULL),(634,34,7,NULL,NULL),(635,34,8,NULL,NULL),(636,34,9,NULL,NULL),(637,34,10,NULL,NULL),(638,34,11,NULL,NULL),(639,34,12,NULL,NULL),(640,34,13,NULL,NULL),(641,34,14,NULL,NULL),(642,34,15,NULL,NULL),(643,34,16,NULL,NULL),(644,34,17,NULL,NULL),(645,34,18,NULL,NULL),(646,34,19,NULL,NULL),(647,35,1,NULL,NULL),(648,35,2,NULL,NULL),(649,35,3,NULL,NULL),(650,35,4,NULL,NULL),(651,35,5,NULL,NULL),(652,35,6,NULL,NULL),(653,35,7,NULL,NULL),(654,35,8,NULL,NULL),(655,35,9,NULL,NULL),(656,35,10,NULL,NULL),(657,35,11,NULL,NULL),(658,35,12,NULL,NULL),(659,35,13,NULL,NULL),(660,35,14,NULL,NULL),(661,35,15,NULL,NULL),(662,35,16,NULL,NULL),(663,35,17,NULL,NULL),(664,35,18,NULL,NULL),(665,35,19,NULL,NULL),(666,36,1,NULL,NULL),(667,36,2,NULL,NULL),(668,36,3,NULL,NULL),(669,36,4,NULL,NULL),(670,36,5,NULL,NULL),(671,36,6,NULL,NULL),(672,36,7,NULL,NULL),(673,36,8,NULL,NULL),(674,36,9,NULL,NULL),(675,36,10,NULL,NULL),(676,36,11,NULL,NULL),(677,36,12,NULL,NULL),(678,36,13,NULL,NULL),(679,36,14,NULL,NULL),(680,36,15,NULL,NULL),(681,36,16,NULL,NULL),(682,36,17,NULL,NULL),(683,36,18,NULL,NULL),(684,36,19,NULL,NULL),(685,37,1,NULL,NULL),(686,37,2,NULL,NULL),(687,37,3,NULL,NULL),(688,37,4,NULL,NULL),(689,37,5,NULL,NULL),(690,37,6,NULL,NULL),(691,37,7,NULL,NULL),(692,37,8,NULL,NULL),(693,37,9,NULL,NULL),(694,37,10,NULL,NULL),(695,37,11,NULL,NULL),(696,37,12,NULL,NULL),(697,37,13,NULL,NULL),(698,37,14,NULL,NULL),(699,37,15,NULL,NULL),(700,37,16,NULL,NULL),(701,37,17,NULL,NULL),(702,37,18,NULL,NULL),(703,37,19,NULL,NULL),(704,38,1,NULL,NULL),(705,38,2,NULL,NULL),(706,38,3,NULL,NULL),(707,38,4,NULL,NULL),(708,38,5,NULL,NULL),(709,38,6,NULL,NULL),(710,38,7,NULL,NULL),(711,38,8,NULL,NULL),(712,38,9,NULL,NULL),(713,38,10,NULL,NULL),(714,38,11,NULL,NULL),(715,38,12,NULL,NULL),(716,38,13,NULL,NULL),(717,38,14,NULL,NULL),(718,38,15,NULL,NULL),(719,38,16,NULL,NULL),(720,38,17,NULL,NULL),(721,38,18,NULL,NULL),(722,38,19,NULL,NULL),(723,39,1,NULL,NULL),(724,39,2,NULL,NULL),(725,39,3,NULL,NULL),(726,39,4,NULL,NULL),(727,39,5,NULL,NULL),(728,39,6,NULL,NULL),(729,39,7,NULL,NULL),(730,39,8,NULL,NULL),(731,39,9,NULL,NULL),(732,39,10,NULL,NULL),(733,39,11,NULL,NULL),(734,39,12,NULL,NULL),(735,39,13,NULL,NULL),(736,39,14,NULL,NULL),(737,39,15,NULL,NULL),(738,39,16,NULL,NULL),(739,39,17,NULL,NULL),(740,39,18,NULL,NULL),(741,39,19,NULL,NULL),(742,40,1,NULL,NULL),(743,40,2,NULL,NULL),(744,40,3,NULL,NULL),(745,40,4,NULL,NULL),(746,40,5,NULL,NULL),(747,40,6,NULL,NULL),(748,40,7,NULL,NULL),(749,40,8,NULL,NULL),(750,40,9,NULL,NULL),(751,40,10,NULL,NULL),(752,40,11,NULL,NULL),(753,40,12,NULL,NULL),(754,40,13,NULL,NULL),(755,40,14,NULL,NULL),(756,40,15,NULL,NULL),(757,40,16,NULL,NULL),(758,40,17,NULL,NULL),(759,40,18,NULL,NULL),(760,40,19,NULL,NULL),(761,41,1,NULL,NULL),(762,41,2,NULL,NULL),(763,41,3,NULL,NULL),(764,41,4,NULL,NULL),(765,41,5,NULL,NULL),(766,41,6,NULL,NULL),(767,41,7,NULL,NULL),(768,41,8,NULL,NULL),(769,41,9,NULL,NULL),(770,41,10,NULL,NULL),(771,41,11,NULL,NULL),(772,41,12,NULL,NULL),(773,41,13,NULL,NULL),(774,41,14,NULL,NULL),(775,41,15,NULL,NULL),(776,41,16,NULL,NULL),(777,41,17,NULL,NULL),(778,41,18,NULL,NULL),(779,41,19,NULL,NULL),(780,42,1,NULL,NULL),(781,42,2,NULL,NULL),(782,42,3,NULL,NULL),(783,42,4,NULL,NULL),(784,42,5,NULL,NULL),(785,42,6,NULL,NULL),(786,42,7,NULL,NULL),(787,42,8,NULL,NULL),(788,42,9,NULL,NULL),(789,42,10,NULL,NULL),(790,42,11,NULL,NULL),(791,42,12,NULL,NULL),(792,42,13,NULL,NULL),(793,42,14,NULL,NULL),(794,42,15,NULL,NULL),(795,42,16,NULL,NULL),(796,42,17,NULL,NULL),(797,42,18,NULL,NULL),(798,42,19,NULL,NULL),(799,43,1,NULL,NULL),(800,43,2,NULL,NULL),(801,43,3,NULL,NULL),(802,43,4,NULL,NULL),(803,43,5,NULL,NULL),(804,43,6,NULL,NULL),(805,43,7,NULL,NULL),(806,43,8,NULL,NULL),(807,43,9,NULL,NULL),(808,43,10,NULL,NULL),(809,43,11,NULL,NULL),(810,43,12,NULL,NULL),(811,43,13,NULL,NULL),(812,43,14,NULL,NULL),(813,43,15,NULL,NULL),(814,43,16,NULL,NULL),(815,43,17,NULL,NULL),(816,43,18,NULL,NULL),(817,43,19,NULL,NULL),(818,44,1,NULL,NULL),(819,44,2,NULL,NULL),(820,44,3,NULL,NULL),(821,44,4,NULL,NULL),(822,44,5,NULL,NULL),(823,44,6,NULL,NULL),(824,44,7,NULL,NULL),(825,44,8,NULL,NULL),(826,44,9,NULL,NULL),(827,44,10,NULL,NULL),(828,44,11,NULL,NULL),(829,44,12,NULL,NULL),(830,44,13,NULL,NULL),(831,44,14,NULL,NULL),(832,44,15,NULL,NULL),(833,44,16,NULL,NULL),(834,44,17,NULL,NULL),(835,44,18,NULL,NULL),(836,44,19,NULL,NULL),(837,45,1,NULL,NULL),(838,45,2,NULL,NULL),(839,45,3,NULL,NULL),(840,45,4,NULL,NULL),(841,45,5,NULL,NULL),(842,45,6,NULL,NULL),(843,45,7,NULL,NULL),(844,45,8,NULL,NULL),(845,45,9,NULL,NULL),(846,45,10,NULL,NULL),(847,45,11,NULL,NULL),(848,45,12,NULL,NULL),(849,45,13,NULL,NULL),(850,45,14,NULL,NULL),(851,45,15,NULL,NULL),(852,45,16,NULL,NULL),(853,45,17,NULL,NULL),(854,45,18,NULL,NULL),(855,45,19,NULL,NULL),(856,46,1,NULL,NULL),(857,46,2,NULL,NULL),(858,46,3,NULL,NULL),(859,46,4,NULL,NULL),(860,46,5,NULL,NULL),(861,46,6,NULL,NULL),(862,46,7,NULL,NULL),(863,46,8,NULL,NULL),(864,46,9,NULL,NULL),(865,46,10,NULL,NULL),(866,46,11,NULL,NULL),(867,46,12,NULL,NULL),(868,46,13,NULL,NULL),(869,46,14,NULL,NULL),(870,46,15,NULL,NULL),(871,46,16,NULL,NULL),(872,46,17,NULL,NULL),(873,46,18,NULL,NULL),(874,46,19,NULL,NULL),(875,47,1,NULL,NULL),(876,47,2,NULL,NULL),(877,47,3,NULL,NULL),(878,47,4,NULL,NULL),(879,47,5,NULL,NULL),(880,47,6,NULL,NULL),(881,47,7,NULL,NULL),(882,47,8,NULL,NULL),(883,47,9,NULL,NULL),(884,47,10,NULL,NULL),(885,47,11,NULL,NULL),(886,47,12,NULL,NULL),(887,47,13,NULL,NULL),(888,47,14,NULL,NULL),(889,47,15,NULL,NULL),(890,47,16,NULL,NULL),(891,47,17,NULL,NULL),(892,47,18,NULL,NULL),(893,47,19,NULL,NULL),(894,48,1,NULL,NULL),(895,48,2,NULL,NULL),(896,48,3,NULL,NULL),(897,48,4,NULL,NULL),(898,48,5,NULL,NULL),(899,48,6,NULL,NULL),(900,48,7,NULL,NULL),(901,48,8,NULL,NULL),(902,48,9,NULL,NULL),(903,48,10,NULL,NULL),(904,48,11,NULL,NULL),(905,48,12,NULL,NULL),(906,48,13,NULL,NULL),(907,48,14,NULL,NULL),(908,48,15,NULL,NULL),(909,48,16,NULL,NULL),(910,48,17,NULL,NULL),(911,48,18,NULL,NULL),(912,48,19,NULL,NULL),(913,49,1,NULL,NULL),(914,49,2,NULL,NULL),(915,49,3,NULL,NULL),(916,49,4,NULL,NULL),(917,49,5,NULL,NULL),(918,49,6,NULL,NULL),(919,49,7,NULL,NULL),(920,49,8,NULL,NULL),(921,49,9,NULL,NULL),(922,49,10,NULL,NULL),(923,49,11,NULL,NULL),(924,49,12,NULL,NULL),(925,49,13,NULL,NULL),(926,49,14,NULL,NULL),(927,49,15,NULL,NULL),(928,49,16,NULL,NULL),(929,49,17,NULL,NULL),(930,49,18,NULL,NULL),(931,49,19,NULL,NULL),(932,50,1,NULL,NULL),(933,50,2,NULL,NULL),(934,50,3,NULL,NULL),(935,50,4,NULL,NULL),(936,50,5,NULL,NULL),(937,50,6,NULL,NULL),(938,50,7,NULL,NULL),(939,50,8,NULL,NULL),(940,50,9,NULL,NULL),(941,50,10,NULL,NULL),(942,50,11,NULL,NULL),(943,50,12,NULL,NULL),(944,50,13,NULL,NULL),(945,50,14,NULL,NULL),(946,50,15,NULL,NULL),(947,50,16,NULL,NULL),(948,50,17,NULL,NULL),(949,50,18,NULL,NULL),(950,50,19,NULL,NULL),(951,51,1,NULL,NULL),(952,51,2,NULL,NULL),(953,51,3,NULL,NULL),(954,51,4,NULL,NULL),(955,51,5,NULL,NULL),(956,51,6,NULL,NULL),(957,51,7,NULL,NULL),(958,51,8,NULL,NULL),(959,51,9,NULL,NULL),(960,51,10,NULL,NULL),(961,51,11,NULL,NULL),(962,51,12,NULL,NULL),(963,51,13,NULL,NULL),(964,51,14,NULL,NULL),(965,51,15,NULL,NULL),(966,51,16,NULL,NULL),(967,51,17,NULL,NULL),(968,51,18,NULL,NULL),(969,51,19,NULL,NULL),(970,52,1,NULL,NULL),(971,52,2,NULL,NULL),(972,52,3,NULL,NULL),(973,52,4,NULL,NULL),(974,52,5,NULL,NULL),(975,52,6,NULL,NULL),(976,52,7,NULL,NULL),(977,52,8,NULL,NULL),(978,52,9,NULL,NULL),(979,52,10,NULL,NULL),(980,52,11,NULL,NULL),(981,52,12,NULL,NULL),(982,52,13,NULL,NULL),(983,52,14,NULL,NULL),(984,52,15,NULL,NULL),(985,52,16,NULL,NULL),(986,52,17,NULL,NULL),(987,52,18,NULL,NULL),(988,52,19,NULL,NULL),(989,53,1,NULL,NULL),(990,53,2,NULL,NULL),(991,53,3,NULL,NULL),(992,53,4,NULL,NULL),(993,53,5,NULL,NULL),(994,53,6,NULL,NULL),(995,53,7,NULL,NULL),(996,53,8,NULL,NULL),(997,53,9,NULL,NULL),(998,53,10,NULL,NULL),(999,53,11,NULL,NULL),(1000,53,12,NULL,NULL),(1001,53,13,NULL,NULL),(1002,53,14,NULL,NULL),(1003,53,15,NULL,NULL),(1004,53,16,NULL,NULL),(1005,53,17,NULL,NULL),(1006,53,18,NULL,NULL),(1007,53,19,NULL,NULL),(1008,54,1,NULL,NULL),(1009,54,2,NULL,NULL),(1010,54,3,NULL,NULL),(1011,54,4,NULL,NULL),(1012,54,5,NULL,NULL),(1013,54,6,NULL,NULL),(1014,54,7,NULL,NULL),(1015,54,8,NULL,NULL),(1016,54,9,NULL,NULL),(1017,54,10,NULL,NULL),(1018,54,11,NULL,NULL),(1019,54,12,NULL,NULL),(1020,54,13,NULL,NULL),(1021,54,14,NULL,NULL),(1022,54,15,NULL,NULL),(1023,54,16,NULL,NULL),(1024,54,17,NULL,NULL),(1025,54,18,NULL,NULL),(1026,54,19,NULL,NULL),(1027,55,1,NULL,NULL),(1028,55,2,NULL,NULL),(1029,55,3,NULL,NULL),(1030,55,4,NULL,NULL),(1031,55,5,NULL,NULL),(1032,55,6,NULL,NULL),(1033,55,7,NULL,NULL),(1034,55,8,NULL,NULL),(1035,55,9,NULL,NULL),(1036,55,10,NULL,NULL),(1037,55,11,NULL,NULL),(1038,55,12,NULL,NULL),(1039,55,13,NULL,NULL),(1040,55,14,NULL,NULL),(1041,55,15,NULL,NULL),(1042,55,16,NULL,NULL),(1043,55,17,NULL,NULL),(1044,55,18,NULL,NULL),(1045,55,19,NULL,NULL),(1046,56,1,NULL,NULL),(1047,56,2,NULL,NULL),(1048,56,3,NULL,NULL),(1049,56,4,NULL,NULL),(1050,56,5,NULL,NULL),(1051,56,6,NULL,NULL),(1052,56,7,NULL,NULL),(1053,56,8,NULL,NULL),(1054,56,9,NULL,NULL),(1055,56,10,NULL,NULL),(1056,56,11,NULL,NULL),(1057,56,12,NULL,NULL),(1058,56,13,NULL,NULL),(1059,56,14,NULL,NULL),(1060,56,15,NULL,NULL),(1061,56,16,NULL,NULL),(1062,56,17,NULL,NULL),(1063,56,18,NULL,NULL),(1064,56,19,NULL,NULL),(1065,57,1,NULL,NULL),(1066,57,2,NULL,NULL),(1067,57,3,NULL,NULL),(1068,57,4,NULL,NULL),(1069,57,5,NULL,NULL),(1070,57,6,NULL,NULL),(1071,57,7,NULL,NULL),(1072,57,8,NULL,NULL),(1073,57,9,NULL,NULL),(1074,57,10,NULL,NULL),(1075,57,11,NULL,NULL),(1076,57,12,NULL,NULL),(1077,57,13,NULL,NULL),(1078,57,14,NULL,NULL),(1079,57,15,NULL,NULL),(1080,57,16,NULL,NULL),(1081,57,17,NULL,NULL),(1082,57,18,NULL,NULL),(1083,57,19,NULL,NULL),(1084,58,1,NULL,NULL),(1085,58,2,NULL,NULL),(1086,58,3,NULL,NULL),(1087,58,4,NULL,NULL),(1088,58,5,NULL,NULL),(1089,58,6,NULL,NULL),(1090,58,7,NULL,NULL),(1091,58,8,NULL,NULL),(1092,58,9,NULL,NULL),(1093,58,10,NULL,NULL),(1094,58,11,NULL,NULL),(1095,58,12,NULL,NULL),(1096,58,13,NULL,NULL),(1097,58,14,NULL,NULL),(1098,58,15,NULL,NULL),(1099,58,16,NULL,NULL),(1100,58,17,NULL,NULL),(1101,58,18,NULL,NULL),(1102,58,19,NULL,NULL),(1103,59,1,NULL,NULL),(1104,59,2,NULL,NULL),(1105,59,3,NULL,NULL),(1106,59,4,NULL,NULL),(1107,59,5,NULL,NULL),(1108,59,6,NULL,NULL),(1109,59,7,NULL,NULL),(1110,59,8,NULL,NULL),(1111,59,9,NULL,NULL),(1112,59,10,NULL,NULL),(1113,59,11,NULL,NULL),(1114,59,12,NULL,NULL),(1115,59,13,NULL,NULL),(1116,59,14,NULL,NULL),(1117,59,15,NULL,NULL),(1118,59,16,NULL,NULL),(1119,59,17,NULL,NULL),(1120,59,18,NULL,NULL),(1121,59,19,NULL,NULL),(1122,60,1,NULL,NULL),(1123,60,2,NULL,NULL),(1124,60,3,NULL,NULL),(1125,60,4,NULL,NULL),(1126,60,5,NULL,NULL),(1127,60,6,NULL,NULL),(1128,60,7,NULL,NULL),(1129,60,8,NULL,NULL),(1130,60,9,NULL,NULL),(1131,60,10,NULL,NULL),(1132,60,11,NULL,NULL),(1133,60,12,NULL,NULL),(1134,60,13,NULL,NULL),(1135,60,14,NULL,NULL),(1136,60,15,NULL,NULL),(1137,60,16,NULL,NULL),(1138,60,17,NULL,NULL),(1139,60,18,NULL,NULL),(1140,60,19,NULL,NULL),(1141,61,1,NULL,NULL),(1142,61,2,NULL,NULL),(1143,61,3,NULL,NULL),(1144,61,4,NULL,NULL),(1145,61,5,NULL,NULL),(1146,61,6,NULL,NULL),(1147,61,7,NULL,NULL),(1148,61,8,NULL,NULL),(1149,61,9,NULL,NULL),(1150,61,10,NULL,NULL),(1151,61,11,NULL,NULL),(1152,61,12,NULL,NULL),(1153,61,13,NULL,NULL),(1154,61,14,NULL,NULL),(1155,61,15,NULL,NULL),(1156,61,16,NULL,NULL),(1157,61,17,NULL,NULL),(1158,61,18,NULL,NULL),(1159,61,19,NULL,NULL),(1160,62,1,NULL,NULL),(1161,62,2,NULL,NULL),(1162,62,3,NULL,NULL),(1163,62,4,NULL,NULL),(1164,62,5,NULL,NULL),(1165,62,6,NULL,NULL),(1166,62,7,NULL,NULL),(1167,62,8,NULL,NULL),(1168,62,9,NULL,NULL),(1169,62,10,NULL,NULL),(1170,62,11,NULL,NULL),(1171,62,12,NULL,NULL),(1172,62,13,NULL,NULL),(1173,62,14,NULL,NULL),(1174,62,15,NULL,NULL),(1175,62,16,NULL,NULL),(1176,62,17,NULL,NULL),(1177,62,18,NULL,NULL),(1178,62,19,NULL,NULL),(1179,63,1,NULL,NULL),(1180,63,2,NULL,NULL),(1181,63,3,NULL,NULL),(1182,63,4,NULL,NULL),(1183,63,5,NULL,NULL),(1184,63,6,NULL,NULL),(1185,63,7,NULL,NULL),(1186,63,8,NULL,NULL),(1187,63,9,NULL,NULL),(1188,63,10,NULL,NULL),(1189,63,11,NULL,NULL),(1190,63,12,NULL,NULL),(1191,63,13,NULL,NULL),(1192,63,14,NULL,NULL),(1193,63,15,NULL,NULL),(1194,63,16,NULL,NULL),(1195,63,17,NULL,NULL),(1196,63,18,NULL,NULL),(1197,63,19,NULL,NULL),(1198,64,1,NULL,NULL),(1199,64,2,NULL,NULL),(1200,64,3,NULL,NULL),(1201,64,4,NULL,NULL),(1202,64,5,NULL,NULL),(1203,64,6,NULL,NULL),(1204,64,7,NULL,NULL),(1205,64,8,NULL,NULL),(1206,64,9,NULL,NULL),(1207,64,10,NULL,NULL),(1208,64,11,NULL,NULL),(1209,64,12,NULL,NULL),(1210,64,13,NULL,NULL),(1211,64,14,NULL,NULL),(1212,64,15,NULL,NULL),(1213,64,16,NULL,NULL),(1214,64,17,NULL,NULL),(1215,64,18,NULL,NULL),(1216,64,19,NULL,NULL),(1217,65,1,NULL,NULL),(1218,65,2,NULL,NULL),(1219,65,3,NULL,NULL),(1220,65,4,NULL,NULL),(1221,65,5,NULL,NULL),(1222,65,6,NULL,NULL),(1223,65,7,NULL,NULL),(1224,65,8,NULL,NULL),(1225,65,9,NULL,NULL),(1226,65,10,NULL,NULL),(1227,65,11,NULL,NULL),(1228,65,12,NULL,NULL),(1229,65,13,NULL,NULL),(1230,65,14,NULL,NULL),(1231,65,15,NULL,NULL),(1232,65,16,NULL,NULL),(1233,65,17,NULL,NULL),(1234,65,18,NULL,NULL),(1235,65,19,NULL,NULL),(1236,66,1,NULL,NULL),(1237,66,2,NULL,NULL),(1238,66,3,NULL,NULL),(1239,66,4,NULL,NULL),(1240,66,5,NULL,NULL),(1241,66,6,NULL,NULL),(1242,66,7,NULL,NULL),(1243,66,8,NULL,NULL),(1244,66,9,NULL,NULL),(1245,66,10,NULL,NULL),(1246,66,11,NULL,NULL),(1247,66,12,NULL,NULL),(1248,66,13,NULL,NULL),(1249,66,14,NULL,NULL),(1250,66,15,NULL,NULL),(1251,66,16,NULL,NULL),(1252,66,17,NULL,NULL),(1253,66,18,NULL,NULL),(1254,66,19,NULL,NULL),(1255,67,1,NULL,NULL),(1256,67,2,NULL,NULL),(1257,67,3,NULL,NULL),(1258,67,4,NULL,NULL),(1259,67,5,NULL,NULL),(1260,67,6,NULL,NULL),(1261,67,7,NULL,NULL),(1262,67,8,NULL,NULL),(1263,67,9,NULL,NULL),(1264,67,10,NULL,NULL),(1265,67,11,NULL,NULL),(1266,67,12,NULL,NULL),(1267,67,13,NULL,NULL),(1268,67,14,NULL,NULL),(1269,67,15,NULL,NULL),(1270,67,16,NULL,NULL),(1271,67,17,NULL,NULL),(1272,67,18,NULL,NULL),(1273,67,19,NULL,NULL),(1274,68,1,NULL,NULL),(1275,68,2,NULL,NULL),(1276,68,3,NULL,NULL),(1277,68,4,NULL,NULL),(1278,68,5,NULL,NULL),(1279,68,6,NULL,NULL),(1280,68,7,NULL,NULL),(1281,68,8,NULL,NULL),(1282,68,9,NULL,NULL),(1283,68,10,NULL,NULL),(1284,68,11,NULL,NULL),(1285,68,12,NULL,NULL),(1286,68,13,NULL,NULL),(1287,68,14,NULL,NULL),(1288,68,15,NULL,NULL),(1289,68,16,NULL,NULL),(1290,68,17,NULL,NULL),(1291,68,18,NULL,NULL),(1292,68,19,NULL,NULL),(1293,69,1,NULL,NULL),(1294,69,2,NULL,NULL),(1295,69,3,NULL,NULL),(1296,69,4,NULL,NULL),(1297,69,5,NULL,NULL),(1298,69,6,NULL,NULL),(1299,69,7,NULL,NULL),(1300,69,8,NULL,NULL),(1301,69,9,NULL,NULL),(1302,69,10,NULL,NULL),(1303,69,11,NULL,NULL),(1304,69,12,NULL,NULL),(1305,69,13,NULL,NULL),(1306,69,14,NULL,NULL),(1307,69,15,NULL,NULL),(1308,69,16,NULL,NULL),(1309,69,17,NULL,NULL),(1310,69,18,NULL,NULL),(1311,69,19,NULL,NULL),(1312,70,1,NULL,NULL),(1313,70,2,NULL,NULL),(1314,70,3,NULL,NULL),(1315,70,4,NULL,NULL),(1316,70,5,NULL,NULL),(1317,70,6,NULL,NULL),(1318,70,7,NULL,NULL),(1319,70,8,NULL,NULL),(1320,70,9,NULL,NULL),(1321,70,10,NULL,NULL),(1322,70,11,NULL,NULL),(1323,70,12,NULL,NULL),(1324,70,13,NULL,NULL),(1325,70,14,NULL,NULL),(1326,70,15,NULL,NULL),(1327,70,16,NULL,NULL),(1328,70,17,NULL,NULL),(1329,70,18,NULL,NULL),(1330,70,19,NULL,NULL),(1331,71,1,NULL,NULL),(1332,71,2,NULL,NULL),(1333,71,3,NULL,NULL),(1334,71,4,NULL,NULL),(1335,71,5,NULL,NULL),(1336,71,6,NULL,NULL),(1337,71,7,NULL,NULL),(1338,71,8,NULL,NULL),(1339,71,9,NULL,NULL),(1340,71,10,NULL,NULL),(1341,71,11,NULL,NULL),(1342,71,12,NULL,NULL),(1343,71,13,NULL,NULL),(1344,71,14,NULL,NULL),(1345,71,15,NULL,NULL),(1346,71,16,NULL,NULL),(1347,71,17,NULL,NULL),(1348,71,18,NULL,NULL),(1349,71,19,NULL,NULL),(1350,72,1,NULL,NULL),(1351,72,2,NULL,NULL),(1352,72,3,NULL,NULL),(1353,72,4,NULL,NULL),(1354,72,5,NULL,NULL),(1355,72,6,NULL,NULL),(1356,72,7,NULL,NULL),(1357,72,8,NULL,NULL),(1358,72,9,NULL,NULL),(1359,72,10,NULL,NULL),(1360,72,11,NULL,NULL),(1361,72,12,NULL,NULL),(1362,72,13,NULL,NULL),(1363,72,14,NULL,NULL),(1364,72,15,NULL,NULL),(1365,72,16,NULL,NULL),(1366,72,17,NULL,NULL),(1367,72,18,NULL,NULL),(1368,72,19,NULL,NULL),(1369,73,1,NULL,NULL),(1370,73,2,NULL,NULL),(1371,73,3,NULL,NULL),(1372,73,4,NULL,NULL),(1373,73,5,NULL,NULL),(1374,73,6,NULL,NULL),(1375,73,7,NULL,NULL),(1376,73,8,NULL,NULL),(1377,73,9,NULL,NULL),(1378,73,10,NULL,NULL),(1379,73,11,NULL,NULL),(1380,73,12,NULL,NULL),(1381,73,13,NULL,NULL),(1382,73,14,NULL,NULL),(1383,73,15,NULL,NULL),(1384,73,16,NULL,NULL),(1385,73,17,NULL,NULL),(1386,73,18,NULL,NULL),(1387,73,19,NULL,NULL),(1388,74,1,NULL,NULL),(1389,74,2,NULL,NULL),(1390,74,3,NULL,NULL),(1391,74,4,NULL,NULL),(1392,74,5,NULL,NULL),(1393,74,6,NULL,NULL),(1394,74,7,NULL,NULL),(1395,74,8,NULL,NULL),(1396,74,9,NULL,NULL),(1397,74,10,NULL,NULL),(1398,74,11,NULL,NULL),(1399,74,12,NULL,NULL),(1400,74,13,NULL,NULL),(1401,74,14,NULL,NULL),(1402,74,15,NULL,NULL),(1403,74,16,NULL,NULL),(1404,74,17,NULL,NULL),(1405,74,18,NULL,NULL),(1406,74,19,NULL,NULL),(1407,75,1,NULL,NULL),(1408,75,2,NULL,NULL),(1409,75,3,NULL,NULL),(1410,75,4,NULL,NULL),(1411,75,5,NULL,NULL),(1412,75,6,NULL,NULL),(1413,75,7,NULL,NULL),(1414,75,8,NULL,NULL),(1415,75,9,NULL,NULL),(1416,75,10,NULL,NULL),(1417,75,11,NULL,NULL),(1418,75,12,NULL,NULL),(1419,75,13,NULL,NULL),(1420,75,14,NULL,NULL),(1421,75,15,NULL,NULL),(1422,75,16,NULL,NULL),(1423,75,17,NULL,NULL),(1424,75,18,NULL,NULL),(1425,75,19,NULL,NULL),(1426,76,1,NULL,NULL),(1427,76,2,NULL,NULL),(1428,76,3,NULL,NULL),(1429,76,4,NULL,NULL),(1430,76,5,NULL,NULL),(1431,76,6,NULL,NULL),(1432,76,7,NULL,NULL),(1433,76,8,NULL,NULL),(1434,76,9,NULL,NULL),(1435,76,10,NULL,NULL),(1436,76,11,NULL,NULL),(1437,76,12,NULL,NULL),(1438,76,13,NULL,NULL),(1439,76,14,NULL,NULL),(1440,76,15,NULL,NULL),(1441,76,16,NULL,NULL),(1442,76,17,NULL,NULL),(1443,76,18,NULL,NULL),(1444,76,19,NULL,NULL),(1445,77,1,NULL,NULL),(1446,77,2,NULL,NULL),(1447,77,3,NULL,NULL),(1448,77,4,NULL,NULL),(1449,77,5,NULL,NULL),(1450,77,6,NULL,NULL),(1451,77,7,NULL,NULL),(1452,77,8,NULL,NULL),(1453,77,9,NULL,NULL),(1454,77,10,NULL,NULL),(1455,77,11,NULL,NULL),(1456,77,12,NULL,NULL),(1457,77,13,NULL,NULL),(1458,77,14,NULL,NULL),(1459,77,15,NULL,NULL),(1460,77,16,NULL,NULL),(1461,77,17,NULL,NULL),(1462,77,18,NULL,NULL),(1463,77,19,NULL,NULL),(1464,78,1,NULL,NULL),(1465,78,2,NULL,NULL),(1466,78,3,NULL,NULL),(1467,78,4,NULL,NULL),(1468,78,5,NULL,NULL),(1469,78,6,NULL,NULL),(1470,78,7,NULL,NULL),(1471,78,8,NULL,NULL),(1472,78,9,NULL,NULL),(1473,78,10,NULL,NULL),(1474,78,11,NULL,NULL),(1475,78,12,NULL,NULL),(1476,78,13,NULL,NULL),(1477,78,14,NULL,NULL),(1478,78,15,NULL,NULL),(1479,78,16,NULL,NULL),(1480,78,17,NULL,NULL),(1481,78,18,NULL,NULL),(1482,78,19,NULL,NULL),(1483,79,1,NULL,NULL),(1484,79,2,NULL,NULL),(1485,79,3,NULL,NULL),(1486,79,4,NULL,NULL),(1487,79,5,NULL,NULL),(1488,79,6,NULL,NULL),(1489,79,7,NULL,NULL),(1490,79,8,NULL,NULL),(1491,79,9,NULL,NULL),(1492,79,10,NULL,NULL),(1493,79,11,NULL,NULL),(1494,79,12,NULL,NULL),(1495,79,13,NULL,NULL),(1496,79,14,NULL,NULL),(1497,79,15,NULL,NULL),(1498,79,16,NULL,NULL),(1499,79,17,NULL,NULL),(1500,79,18,NULL,NULL),(1501,79,19,NULL,NULL),(1502,80,1,NULL,NULL),(1503,80,2,NULL,NULL),(1504,80,3,NULL,NULL),(1505,80,4,NULL,NULL),(1506,80,5,NULL,NULL),(1507,80,6,NULL,NULL),(1508,80,7,NULL,NULL),(1509,80,8,NULL,NULL),(1510,80,9,NULL,NULL),(1511,80,10,NULL,NULL),(1512,80,11,NULL,NULL),(1513,80,12,NULL,NULL),(1514,80,13,NULL,NULL),(1515,80,14,NULL,NULL),(1516,80,15,NULL,NULL),(1517,80,16,NULL,NULL),(1518,80,17,NULL,NULL),(1519,80,18,NULL,NULL),(1520,80,19,NULL,NULL),(1521,81,1,NULL,NULL),(1522,81,2,NULL,NULL),(1523,81,3,NULL,NULL),(1524,81,4,NULL,NULL),(1525,81,5,NULL,NULL),(1526,81,6,NULL,NULL),(1527,81,7,NULL,NULL),(1528,81,8,NULL,NULL),(1529,81,9,NULL,NULL),(1530,81,10,NULL,NULL),(1531,81,11,NULL,NULL),(1532,81,12,NULL,NULL),(1533,81,13,NULL,NULL),(1534,81,14,NULL,NULL),(1535,81,15,NULL,NULL),(1536,81,16,NULL,NULL),(1537,81,17,NULL,NULL),(1538,81,18,NULL,NULL),(1539,81,19,NULL,NULL),(1540,82,1,NULL,NULL),(1541,82,2,NULL,NULL),(1542,82,3,NULL,NULL),(1543,82,4,NULL,NULL),(1544,82,5,NULL,NULL),(1545,82,6,NULL,NULL),(1546,82,7,NULL,NULL),(1547,82,8,NULL,NULL),(1548,82,9,NULL,NULL),(1549,82,10,NULL,NULL),(1550,82,11,NULL,NULL),(1551,82,12,NULL,NULL),(1552,82,13,NULL,NULL),(1553,82,14,NULL,NULL),(1554,82,15,NULL,NULL),(1555,82,16,NULL,NULL),(1556,82,17,NULL,NULL),(1557,82,18,NULL,NULL),(1558,82,19,NULL,NULL),(1559,83,1,NULL,NULL),(1560,83,2,NULL,NULL),(1561,83,3,NULL,NULL),(1562,83,4,NULL,NULL),(1563,83,5,NULL,NULL),(1564,83,6,NULL,NULL),(1565,83,7,NULL,NULL),(1566,83,8,NULL,NULL),(1567,83,9,NULL,NULL),(1568,83,10,NULL,NULL),(1569,83,11,NULL,NULL),(1570,83,12,NULL,NULL),(1571,83,13,NULL,NULL),(1572,83,14,NULL,NULL),(1573,83,15,NULL,NULL),(1574,83,16,NULL,NULL),(1575,83,17,NULL,NULL),(1576,83,18,NULL,NULL),(1577,83,19,NULL,NULL),(1578,84,1,NULL,NULL),(1579,84,2,NULL,NULL),(1580,84,3,NULL,NULL),(1581,84,4,NULL,NULL),(1582,84,5,NULL,NULL),(1583,84,6,NULL,NULL),(1584,84,7,NULL,NULL),(1585,84,8,NULL,NULL),(1586,84,9,NULL,NULL),(1587,84,10,NULL,NULL),(1588,84,11,NULL,NULL),(1589,84,12,NULL,NULL),(1590,84,13,NULL,NULL),(1591,84,14,NULL,NULL),(1592,84,15,NULL,NULL),(1593,84,16,NULL,NULL),(1594,84,17,NULL,NULL),(1595,84,18,NULL,NULL),(1596,84,19,NULL,NULL),(1597,85,1,NULL,NULL),(1598,85,2,NULL,NULL),(1599,85,3,NULL,NULL),(1600,85,4,NULL,NULL),(1601,85,5,NULL,NULL),(1602,85,6,NULL,NULL),(1603,85,7,NULL,NULL),(1604,85,8,NULL,NULL),(1605,85,9,NULL,NULL),(1606,85,10,NULL,NULL),(1607,85,11,NULL,NULL),(1608,85,12,NULL,NULL),(1609,85,13,NULL,NULL),(1610,85,14,NULL,NULL),(1611,85,15,NULL,NULL),(1612,85,16,NULL,NULL),(1613,85,17,NULL,NULL),(1614,85,18,NULL,NULL),(1615,85,19,NULL,NULL),(1616,86,1,NULL,NULL),(1617,86,2,NULL,NULL),(1618,86,3,NULL,NULL),(1619,86,4,NULL,NULL),(1620,86,5,NULL,NULL),(1621,86,6,NULL,NULL),(1622,86,7,NULL,NULL),(1623,86,8,NULL,NULL),(1624,86,9,NULL,NULL),(1625,86,10,NULL,NULL),(1626,86,11,NULL,NULL),(1627,86,12,NULL,NULL),(1628,86,13,NULL,NULL),(1629,86,14,NULL,NULL),(1630,86,15,NULL,NULL),(1631,86,16,NULL,NULL),(1632,86,17,NULL,NULL),(1633,86,18,NULL,NULL),(1634,86,19,NULL,NULL),(1635,87,1,NULL,NULL),(1636,87,2,NULL,NULL),(1637,87,3,NULL,NULL),(1638,87,4,NULL,NULL),(1639,87,5,NULL,NULL),(1640,87,6,NULL,NULL),(1641,87,7,NULL,NULL),(1642,87,8,NULL,NULL),(1643,87,9,NULL,NULL),(1644,87,10,NULL,NULL),(1645,87,11,NULL,NULL),(1646,87,12,NULL,NULL),(1647,87,13,NULL,NULL),(1648,87,14,NULL,NULL),(1649,87,15,NULL,NULL),(1650,87,16,NULL,NULL),(1651,87,17,NULL,NULL),(1652,87,18,NULL,NULL),(1653,87,19,NULL,NULL),(1654,88,1,NULL,NULL),(1655,88,2,NULL,NULL),(1656,88,3,NULL,NULL),(1657,88,4,NULL,NULL),(1658,88,5,NULL,NULL),(1659,88,6,NULL,NULL),(1660,88,7,NULL,NULL),(1661,88,8,NULL,NULL),(1662,88,9,NULL,NULL),(1663,88,10,NULL,NULL),(1664,88,11,NULL,NULL),(1665,88,12,NULL,NULL),(1666,88,13,NULL,NULL),(1667,88,14,NULL,NULL),(1668,88,15,NULL,NULL),(1669,88,16,NULL,NULL),(1670,88,17,NULL,NULL),(1671,88,18,NULL,NULL),(1672,88,19,NULL,NULL),(1673,89,1,NULL,NULL),(1674,89,2,NULL,NULL),(1675,89,3,NULL,NULL),(1676,89,4,NULL,NULL),(1677,89,5,NULL,NULL),(1678,89,6,NULL,NULL),(1679,89,7,NULL,NULL),(1680,89,8,NULL,NULL),(1681,89,9,NULL,NULL),(1682,89,10,NULL,NULL),(1683,89,11,NULL,NULL),(1684,89,12,NULL,NULL),(1685,89,13,NULL,NULL),(1686,89,14,NULL,NULL),(1687,89,15,NULL,NULL),(1688,89,16,NULL,NULL),(1689,89,17,NULL,NULL),(1690,89,18,NULL,NULL),(1691,89,19,NULL,NULL),(1692,90,1,NULL,NULL),(1693,90,2,NULL,NULL),(1694,90,3,NULL,NULL),(1695,90,4,NULL,NULL),(1696,90,5,NULL,NULL),(1697,90,6,NULL,NULL),(1698,90,7,NULL,NULL),(1699,90,8,NULL,NULL),(1700,90,9,NULL,NULL),(1701,90,10,NULL,NULL),(1702,90,11,NULL,NULL),(1703,90,12,NULL,NULL),(1704,90,13,NULL,NULL),(1705,90,14,NULL,NULL),(1706,90,15,NULL,NULL),(1707,90,16,NULL,NULL),(1708,90,17,NULL,NULL),(1709,90,18,NULL,NULL),(1710,90,19,NULL,NULL),(1711,91,1,NULL,NULL),(1712,91,2,NULL,NULL),(1713,91,3,NULL,NULL),(1714,91,4,NULL,NULL),(1715,91,5,NULL,NULL),(1716,91,6,NULL,NULL),(1717,91,7,NULL,NULL),(1718,91,8,NULL,NULL),(1719,91,9,NULL,NULL),(1720,91,10,NULL,NULL),(1721,91,11,NULL,NULL),(1722,91,12,NULL,NULL),(1723,91,13,NULL,NULL),(1724,91,14,NULL,NULL),(1725,91,15,NULL,NULL),(1726,91,16,NULL,NULL),(1727,91,17,NULL,NULL),(1728,91,18,NULL,NULL),(1729,91,19,NULL,NULL),(1730,92,1,NULL,NULL),(1731,92,2,NULL,NULL),(1732,92,3,NULL,NULL),(1733,92,4,NULL,NULL),(1734,92,5,NULL,NULL),(1735,92,6,NULL,NULL),(1736,92,7,NULL,NULL),(1737,92,8,NULL,NULL),(1738,92,9,NULL,NULL),(1739,92,10,NULL,NULL),(1740,92,11,NULL,NULL),(1741,92,12,NULL,NULL),(1742,92,13,NULL,NULL),(1743,92,14,NULL,NULL),(1744,92,15,NULL,NULL),(1745,92,16,NULL,NULL),(1746,92,17,NULL,NULL),(1747,92,18,NULL,NULL),(1748,92,19,NULL,NULL),(1749,93,1,NULL,NULL),(1750,93,2,NULL,NULL),(1751,93,3,NULL,NULL),(1752,93,4,NULL,NULL),(1753,93,5,NULL,NULL),(1754,93,6,NULL,NULL),(1755,93,7,NULL,NULL),(1756,93,8,NULL,NULL),(1757,93,9,NULL,NULL),(1758,93,10,NULL,NULL),(1759,93,11,NULL,NULL),(1760,93,12,NULL,NULL),(1761,93,13,NULL,NULL),(1762,93,14,NULL,NULL),(1763,93,15,NULL,NULL),(1764,93,16,NULL,NULL),(1765,93,17,NULL,NULL),(1766,93,18,NULL,NULL),(1767,93,19,NULL,NULL),(1768,94,1,NULL,NULL),(1769,94,2,NULL,NULL),(1770,94,3,NULL,NULL),(1771,94,4,NULL,NULL),(1772,94,5,NULL,NULL),(1773,94,6,NULL,NULL),(1774,94,7,NULL,NULL),(1775,94,8,NULL,NULL),(1776,94,9,NULL,NULL),(1777,94,10,NULL,NULL),(1778,94,11,NULL,NULL),(1779,94,12,NULL,NULL),(1780,94,13,NULL,NULL),(1781,94,14,NULL,NULL),(1782,94,15,NULL,NULL),(1783,94,16,NULL,NULL),(1784,94,17,NULL,NULL),(1785,94,18,NULL,NULL),(1786,94,19,NULL,NULL),(1787,95,1,NULL,NULL),(1788,95,2,NULL,NULL),(1789,95,3,NULL,NULL),(1790,95,4,NULL,NULL),(1791,95,5,NULL,NULL),(1792,95,6,NULL,NULL),(1793,95,7,NULL,NULL),(1794,95,8,NULL,NULL),(1795,95,9,NULL,NULL),(1796,95,10,NULL,NULL),(1797,95,11,NULL,NULL),(1798,95,12,NULL,NULL),(1799,95,13,NULL,NULL),(1800,95,14,NULL,NULL),(1801,95,15,NULL,NULL),(1802,95,16,NULL,NULL),(1803,95,17,NULL,NULL),(1804,95,18,NULL,NULL),(1805,95,19,NULL,NULL),(1806,96,1,NULL,NULL),(1807,96,2,NULL,NULL),(1808,96,3,NULL,NULL),(1809,96,4,NULL,NULL),(1810,96,5,NULL,NULL),(1811,96,6,NULL,NULL),(1812,96,7,NULL,NULL),(1813,96,8,NULL,NULL),(1814,96,9,NULL,NULL),(1815,96,10,NULL,NULL),(1816,96,11,NULL,NULL),(1817,96,12,NULL,NULL),(1818,96,13,NULL,NULL),(1819,96,14,NULL,NULL),(1820,96,15,NULL,NULL),(1821,96,16,NULL,NULL),(1822,96,17,NULL,NULL),(1823,96,18,NULL,NULL),(1824,96,19,NULL,NULL),(1825,97,1,NULL,NULL),(1826,97,2,NULL,NULL),(1827,97,3,NULL,NULL),(1828,97,4,NULL,NULL),(1829,97,5,NULL,NULL),(1830,97,6,NULL,NULL),(1831,97,7,NULL,NULL),(1832,97,8,NULL,NULL),(1833,97,9,NULL,NULL),(1834,97,10,NULL,NULL),(1835,97,11,NULL,NULL),(1836,97,12,NULL,NULL),(1837,97,13,NULL,NULL),(1838,97,14,NULL,NULL),(1839,97,15,NULL,NULL),(1840,97,16,NULL,NULL),(1841,97,17,NULL,NULL),(1842,97,18,NULL,NULL),(1843,97,19,NULL,NULL),(1844,98,1,NULL,NULL),(1845,98,2,NULL,NULL),(1846,98,3,NULL,NULL),(1847,98,4,NULL,NULL),(1848,98,5,NULL,NULL),(1849,98,6,NULL,NULL),(1850,98,7,NULL,NULL),(1851,98,8,NULL,NULL),(1852,98,9,NULL,NULL),(1853,98,10,NULL,NULL),(1854,98,11,NULL,NULL),(1855,98,12,NULL,NULL),(1856,98,13,NULL,NULL),(1857,98,14,NULL,NULL),(1858,98,15,NULL,NULL),(1859,98,16,NULL,NULL),(1860,98,17,NULL,NULL),(1861,98,18,NULL,NULL),(1862,98,19,NULL,NULL),(1863,99,1,NULL,NULL),(1864,99,2,NULL,NULL),(1865,99,3,NULL,NULL),(1866,99,4,NULL,NULL),(1867,99,5,NULL,NULL),(1868,99,6,NULL,NULL),(1869,99,7,NULL,NULL),(1870,99,8,NULL,NULL),(1871,99,9,NULL,NULL),(1872,99,10,NULL,NULL),(1873,99,11,NULL,NULL),(1874,99,12,NULL,NULL),(1875,99,13,NULL,NULL),(1876,99,14,NULL,NULL),(1877,99,15,NULL,NULL),(1878,99,16,NULL,NULL),(1879,99,17,NULL,NULL),(1880,99,18,NULL,NULL),(1881,99,19,NULL,NULL),(1882,100,1,NULL,NULL),(1883,100,2,NULL,NULL),(1884,100,3,NULL,NULL),(1885,100,4,NULL,NULL),(1886,100,5,NULL,NULL),(1887,100,6,NULL,NULL),(1888,100,7,NULL,NULL),(1889,100,8,NULL,NULL),(1890,100,9,NULL,NULL),(1891,100,10,NULL,NULL),(1892,100,11,NULL,NULL),(1893,100,12,NULL,NULL),(1894,100,13,NULL,NULL),(1895,100,14,NULL,NULL),(1896,100,15,NULL,NULL),(1897,100,16,NULL,NULL),(1898,100,17,NULL,NULL),(1899,100,18,NULL,NULL),(1900,100,19,NULL,NULL),(1901,101,1,NULL,NULL),(1902,101,2,NULL,NULL),(1903,101,3,NULL,NULL),(1904,101,4,NULL,NULL),(1905,101,5,NULL,NULL),(1906,101,6,NULL,NULL),(1907,101,7,NULL,NULL),(1908,101,8,NULL,NULL),(1909,101,9,NULL,NULL),(1910,101,10,NULL,NULL),(1911,101,11,NULL,NULL),(1912,101,12,NULL,NULL),(1913,101,13,NULL,NULL),(1914,101,14,NULL,NULL),(1915,101,15,NULL,NULL),(1916,101,16,NULL,NULL),(1917,101,17,NULL,NULL),(1918,101,18,NULL,NULL),(1919,101,19,NULL,NULL),(1920,102,1,NULL,NULL),(1921,102,2,NULL,NULL),(1922,102,3,NULL,NULL),(1923,102,4,NULL,NULL),(1924,102,5,NULL,NULL),(1925,102,6,NULL,NULL),(1926,102,7,NULL,NULL),(1927,102,8,NULL,NULL),(1928,102,9,NULL,NULL),(1929,102,10,NULL,NULL),(1930,102,11,NULL,NULL),(1931,102,12,NULL,NULL),(1932,102,13,NULL,NULL),(1933,102,14,NULL,NULL),(1934,102,15,NULL,NULL),(1935,102,16,NULL,NULL),(1936,102,17,NULL,NULL),(1937,102,18,NULL,NULL),(1938,102,19,NULL,NULL),(1939,103,1,NULL,NULL),(1940,103,2,NULL,NULL),(1941,103,3,NULL,NULL),(1942,103,4,NULL,NULL),(1943,103,5,NULL,NULL),(1944,103,6,NULL,NULL),(1945,103,7,NULL,NULL),(1946,103,8,NULL,NULL),(1947,103,9,NULL,NULL),(1948,103,10,NULL,NULL),(1949,103,11,NULL,NULL),(1950,103,12,NULL,NULL),(1951,103,13,NULL,NULL),(1952,103,14,NULL,NULL),(1953,103,15,NULL,NULL),(1954,103,16,NULL,NULL),(1955,103,17,NULL,NULL),(1956,103,18,NULL,NULL),(1957,103,19,NULL,NULL),(1958,104,1,NULL,NULL),(1959,104,2,NULL,NULL),(1960,104,3,NULL,NULL),(1961,104,4,NULL,NULL),(1962,104,5,NULL,NULL),(1963,104,6,NULL,NULL),(1964,104,7,NULL,NULL),(1965,104,8,NULL,NULL),(1966,104,9,NULL,NULL),(1967,104,10,NULL,NULL),(1968,104,11,NULL,NULL),(1969,104,12,NULL,NULL),(1970,104,13,NULL,NULL),(1971,104,14,NULL,NULL),(1972,104,15,NULL,NULL),(1973,104,16,NULL,NULL),(1974,104,17,NULL,NULL),(1975,104,18,NULL,NULL),(1976,104,19,NULL,NULL),(1977,105,1,NULL,NULL),(1978,105,2,NULL,NULL),(1979,105,3,NULL,NULL),(1980,105,4,NULL,NULL),(1981,105,5,NULL,NULL),(1982,105,6,NULL,NULL),(1983,105,7,NULL,NULL),(1984,105,8,NULL,NULL),(1985,105,9,NULL,NULL),(1986,105,10,NULL,NULL),(1987,105,11,NULL,NULL),(1988,105,12,NULL,NULL),(1989,105,13,NULL,NULL),(1990,105,14,NULL,NULL),(1991,105,15,NULL,NULL),(1992,105,16,NULL,NULL),(1993,105,17,NULL,NULL),(1994,105,18,NULL,NULL),(1995,105,19,NULL,NULL),(1996,106,1,NULL,NULL),(1997,106,2,NULL,NULL),(1998,106,3,NULL,NULL),(1999,106,4,NULL,NULL),(2000,106,5,NULL,NULL),(2001,106,6,NULL,NULL),(2002,106,7,NULL,NULL),(2003,106,8,NULL,NULL),(2004,106,9,NULL,NULL),(2005,106,10,NULL,NULL),(2006,106,11,NULL,NULL),(2007,106,12,NULL,NULL),(2008,106,13,NULL,NULL),(2009,106,14,NULL,NULL),(2010,106,15,NULL,NULL),(2011,106,16,NULL,NULL),(2012,106,17,NULL,NULL),(2013,106,18,NULL,NULL),(2014,106,19,NULL,NULL),(2015,107,1,NULL,NULL),(2016,107,2,NULL,NULL),(2017,107,3,NULL,NULL),(2018,107,4,NULL,NULL),(2019,107,5,NULL,NULL),(2020,107,6,NULL,NULL),(2021,107,7,NULL,NULL),(2022,107,8,NULL,NULL),(2023,107,9,NULL,NULL),(2024,107,10,NULL,NULL),(2025,107,11,NULL,NULL),(2026,107,12,NULL,NULL),(2027,107,13,NULL,NULL),(2028,107,14,NULL,NULL),(2029,107,15,NULL,NULL),(2030,107,16,NULL,NULL),(2031,107,17,NULL,NULL),(2032,107,18,NULL,NULL),(2033,107,19,NULL,NULL),(2034,108,1,NULL,NULL),(2035,108,2,NULL,NULL),(2036,108,3,NULL,NULL),(2037,108,4,NULL,NULL),(2038,108,5,NULL,NULL),(2039,108,6,NULL,NULL),(2040,108,7,NULL,NULL),(2041,108,8,NULL,NULL),(2042,108,9,NULL,NULL),(2043,108,10,NULL,NULL),(2044,108,11,NULL,NULL),(2045,108,12,NULL,NULL),(2046,108,13,NULL,NULL),(2047,108,14,NULL,NULL),(2048,108,15,NULL,NULL),(2049,108,16,NULL,NULL),(2050,108,17,NULL,NULL),(2051,108,18,NULL,NULL),(2052,108,19,NULL,NULL),(2053,109,1,NULL,NULL),(2054,109,2,NULL,NULL),(2055,109,3,NULL,NULL),(2056,109,4,NULL,NULL),(2057,109,5,NULL,NULL),(2058,109,6,NULL,NULL),(2059,109,7,NULL,NULL),(2060,109,8,NULL,NULL),(2061,109,9,NULL,NULL),(2062,109,10,NULL,NULL),(2063,109,11,NULL,NULL),(2064,109,12,NULL,NULL),(2065,109,13,NULL,NULL),(2066,109,14,NULL,NULL),(2067,109,15,NULL,NULL),(2068,109,16,NULL,NULL),(2069,109,17,NULL,NULL),(2070,109,18,NULL,NULL),(2071,109,19,NULL,NULL),(2072,110,1,NULL,NULL),(2073,110,2,NULL,NULL),(2074,110,3,NULL,NULL),(2075,110,4,NULL,NULL),(2076,110,5,NULL,NULL),(2077,110,6,NULL,NULL),(2078,110,7,NULL,NULL),(2079,110,8,NULL,NULL),(2080,110,9,NULL,NULL),(2081,110,10,NULL,NULL),(2082,110,11,NULL,NULL),(2083,110,12,NULL,NULL),(2084,110,13,NULL,NULL),(2085,110,14,NULL,NULL),(2086,110,15,NULL,NULL),(2087,110,16,NULL,NULL),(2088,110,17,NULL,NULL),(2089,110,18,NULL,NULL),(2090,110,19,NULL,NULL),(2091,111,1,NULL,NULL),(2092,111,2,NULL,NULL),(2093,111,3,NULL,NULL),(2094,111,4,NULL,NULL),(2095,111,5,NULL,NULL),(2096,111,6,NULL,NULL),(2097,111,7,NULL,NULL),(2098,111,8,NULL,NULL),(2099,111,9,NULL,NULL),(2100,111,10,NULL,NULL),(2101,111,11,NULL,NULL),(2102,111,12,NULL,NULL),(2103,111,13,NULL,NULL),(2104,111,14,NULL,NULL),(2105,111,15,NULL,NULL),(2106,111,16,NULL,NULL),(2107,111,17,NULL,NULL),(2108,111,18,NULL,NULL),(2109,111,19,NULL,NULL),(2110,112,1,NULL,NULL),(2111,112,2,NULL,NULL),(2112,112,3,NULL,NULL),(2113,112,4,NULL,NULL),(2114,112,5,NULL,NULL),(2115,112,6,NULL,NULL),(2116,112,7,NULL,NULL),(2117,112,8,NULL,NULL),(2118,112,9,NULL,NULL),(2119,112,10,NULL,NULL),(2120,112,11,NULL,NULL),(2121,112,12,NULL,NULL),(2122,112,13,NULL,NULL),(2123,112,14,NULL,NULL),(2124,112,15,NULL,NULL),(2125,112,16,NULL,NULL),(2126,112,17,NULL,NULL),(2127,112,18,NULL,NULL),(2128,112,19,NULL,NULL),(2129,113,1,NULL,NULL),(2130,113,2,NULL,NULL),(2131,113,3,NULL,NULL),(2132,113,4,NULL,NULL),(2133,113,5,NULL,NULL),(2134,113,6,NULL,NULL),(2135,113,7,NULL,NULL),(2136,113,8,NULL,NULL),(2137,113,9,NULL,NULL),(2138,113,10,NULL,NULL),(2139,113,11,NULL,NULL),(2140,113,12,NULL,NULL),(2141,113,13,NULL,NULL),(2142,113,14,NULL,NULL),(2143,113,15,NULL,NULL),(2144,113,16,NULL,NULL),(2145,113,17,NULL,NULL),(2146,113,18,NULL,NULL),(2147,113,19,NULL,NULL),(2148,114,1,NULL,NULL),(2149,114,2,NULL,NULL),(2150,114,3,NULL,NULL),(2151,114,4,NULL,NULL),(2152,114,5,NULL,NULL),(2153,114,6,NULL,NULL),(2154,114,7,NULL,NULL),(2155,114,8,NULL,NULL),(2156,114,9,NULL,NULL),(2157,114,10,NULL,NULL),(2158,114,11,NULL,NULL),(2159,114,12,NULL,NULL),(2160,114,13,NULL,NULL),(2161,114,14,NULL,NULL),(2162,114,15,NULL,NULL),(2163,114,16,NULL,NULL),(2164,114,17,NULL,NULL),(2165,114,18,NULL,NULL),(2166,114,19,NULL,NULL),(2167,115,1,NULL,NULL),(2168,115,2,NULL,NULL),(2169,115,3,NULL,NULL),(2170,115,4,NULL,NULL),(2171,115,5,NULL,NULL),(2172,115,6,NULL,NULL),(2173,115,7,NULL,NULL),(2174,115,8,NULL,NULL),(2175,115,9,NULL,NULL),(2176,115,10,NULL,NULL),(2177,115,11,NULL,NULL),(2178,115,12,NULL,NULL),(2179,115,13,NULL,NULL),(2180,115,14,NULL,NULL),(2181,115,15,NULL,NULL),(2182,115,16,NULL,NULL),(2183,115,17,NULL,NULL),(2184,115,18,NULL,NULL),(2185,115,19,NULL,NULL),(2186,116,1,NULL,NULL),(2187,116,2,NULL,NULL),(2188,116,3,NULL,NULL),(2189,116,4,NULL,NULL),(2190,116,5,NULL,NULL),(2191,116,6,NULL,NULL),(2192,116,7,NULL,NULL),(2193,116,8,NULL,NULL),(2194,116,9,NULL,NULL),(2195,116,10,NULL,NULL),(2196,116,11,NULL,NULL),(2197,116,12,NULL,NULL),(2198,116,13,NULL,NULL),(2199,116,14,NULL,NULL),(2200,116,15,NULL,NULL),(2201,116,16,NULL,NULL),(2202,116,17,NULL,NULL),(2203,116,18,NULL,NULL),(2204,116,19,NULL,NULL),(2205,117,1,NULL,NULL),(2206,117,2,NULL,NULL),(2207,117,3,NULL,NULL),(2208,117,4,NULL,NULL),(2209,117,5,NULL,NULL),(2210,117,6,NULL,NULL),(2211,117,7,NULL,NULL),(2212,117,8,NULL,NULL),(2213,117,9,NULL,NULL),(2214,117,10,NULL,NULL),(2215,117,11,NULL,NULL),(2216,117,12,NULL,NULL),(2217,117,13,NULL,NULL),(2218,117,14,NULL,NULL),(2219,117,15,NULL,NULL),(2220,117,16,NULL,NULL),(2221,117,17,NULL,NULL),(2222,117,18,NULL,NULL),(2223,117,19,NULL,NULL);
/*!40000 ALTER TABLE `ref_product_parts` ENABLE KEYS */;
UNLOCK TABLES;

--
-- Table structure for table `ref_product_types`
--

DROP TABLE IF EXISTS `ref_product_types`;
/*!40101 SET @saved_cs_client     = @@character_set_client */;
/*!50503 SET character_set_client = utf8mb4 */;
CREATE TABLE `ref_product_types` (
  `id` bigint unsigned NOT NULL AUTO_INCREMENT,
  `name` varchar(255) COLLATE utf8mb4_unicode_ci NOT NULL,
  `created_at` timestamp NULL DEFAULT NULL,
  `updated_at` timestamp NULL DEFAULT NULL,
  PRIMARY KEY (`id`)
) ENGINE=InnoDB AUTO_INCREMENT=7 DEFAULT CHARSET=utf8mb4 COLLATE=utf8mb4_unicode_ci;
/*!40101 SET character_set_client = @saved_cs_client */;

--
-- Dumping data for table `ref_product_types`
--

LOCK TABLES `ref_product_types` WRITE;
/*!40000 ALTER TABLE `ref_product_types` DISABLE KEYS */;
INSERT INTO `ref_product_types` VALUES (1,'Tube Ice Machine',NULL,NULL),(2,'Cube Ice Machine',NULL,NULL),(3,'Block Ice Machine',NULL,NULL),(4,'Flake Ice Machine',NULL,NULL),(5,'Cold Room',NULL,NULL),(6,'Slurry Ice Machine',NULL,NULL);
/*!40000 ALTER TABLE `ref_product_types` ENABLE KEYS */;
UNLOCK TABLES;

--
-- Table structure for table `ref_products`
--

DROP TABLE IF EXISTS `ref_products`;
/*!40101 SET @saved_cs_client     = @@character_set_client */;
/*!50503 SET character_set_client = utf8mb4 */;
CREATE TABLE `ref_products` (
  `id` bigint unsigned NOT NULL AUTO_INCREMENT,
  `product_type_id` bigint unsigned DEFAULT NULL,
  `sku` varchar(255) COLLATE utf8mb4_unicode_ci DEFAULT NULL,
  `name` varchar(100) COLLATE utf8mb4_unicode_ci DEFAULT NULL,
  `description` text COLLATE utf8mb4_unicode_ci,
  `vat` int DEFAULT NULL,
  `fob_price` double DEFAULT NULL,
  `bdi_price` double DEFAULT NULL,
  `corporate_price` double DEFAULT NULL,
  `government_price` double DEFAULT NULL,
  `personal_price` double DEFAULT NULL,
  `warranty_available` tinyint(1) NOT NULL DEFAULT '0',
  `warranty_time_month` int DEFAULT NULL,
  `created_at` timestamp NULL DEFAULT NULL,
  `updated_at` timestamp NULL DEFAULT NULL,
  `deleted_at` timestamp NULL DEFAULT NULL,
  PRIMARY KEY (`id`),
  KEY `ref_products_product_type_id_foreign` (`product_type_id`),
  CONSTRAINT `ref_products_product_type_id_foreign` FOREIGN KEY (`product_type_id`) REFERENCES `ref_product_types` (`id`) ON DELETE SET NULL
) ENGINE=InnoDB AUTO_INCREMENT=118 DEFAULT CHARSET=utf8mb4 COLLATE=utf8mb4_unicode_ci;
/*!40101 SET character_set_client = @saved_cs_client */;

--
-- Dumping data for table `ref_products`
--

LOCK TABLES `ref_products` WRITE;
/*!40000 ALTER TABLE `ref_products` DISABLE KEYS */;
INSERT INTO `ref_products` VALUES (1,1,'4EES-4Y','Tube Ice Machine | Compressor-Bitzer',NULL,0,238135000,251000000,251000000,251000000,246017000,1,12,NULL,NULL,NULL),(2,1,'SP2L040E','Tube Ice Machine | Compressor-Refcomp',NULL,0,225265000,235000000,235000000,235000000,230336000,1,12,NULL,NULL,NULL),(3,1,'4EES-4Y','Tube Ice Machine | Compressor-Bitzer',NULL,0,253150000,269000000,269000000,269000000,263665000,1,12,NULL,NULL,NULL),(4,1,'SP2L040E','Tube Ice Machine | Compressor-Refcomp',NULL,0,235990000,248000000,248000000,248000000,243083000,1,12,NULL,NULL,NULL),(5,1,'4PES-9Y','Tube Ice Machine | Compressor-Bitzer',NULL,0,315355000,339000000,339000000,339000000,332279000,1,12,NULL,NULL,NULL),(6,1,'SP4L080E','Tube Ice Machine | Compressor-Refcomp',NULL,0,293905000,316000000,316000000,316000000,309730000,1,12,NULL,NULL,NULL),(7,1,'4PES-9Y','Tube Ice Machine | Compressor-Bitzer',NULL,0,308920000,332000000,332000000,332000000,325411000,1,12,NULL,NULL,NULL),(8,1,'SP4L080E','Tube Ice Machine | Compressor-Refcomp',NULL,0,289615000,310000000,310000000,310000000,303851000,1,12,NULL,NULL,NULL),(9,1,'4NES-14Y','Tube Ice Machine | Compressor-Bitzer',NULL,0,386140000,422000000,422000000,422000000,413629000,1,12,NULL,NULL,NULL),(10,1,'SP4LF120E','Tube Ice Machine | Compressor-Refcomp',NULL,0,360400000,393000000,393000000,393000000,385201000,1,12,NULL,NULL,NULL),(11,1,'4NES-14Y','Tube Ice Machine | Compressor-Bitzer',NULL,0,375415000,410000000,410000000,410000000,401871000,1,12,NULL,NULL,NULL),(12,1,'SP4LF120E','Tube Ice Machine | Compressor-Refcomp',NULL,0,351820000,383000000,383000000,383000000,375399000,1,12,NULL,NULL,NULL),(13,1,'4FE-28Y','Tube Ice Machine | Compressor-Bitzer',NULL,0,510470000,561000000,561000000,561000000,549879000,1,12,NULL,NULL,NULL),(14,1,'SP4L250E','Tube Ice Machine | Compressor-Refcomp',NULL,0,476150000,520000000,520000000,520000000,509693000,1,12,NULL,NULL,NULL),(15,1,'6FE-44Y','Tube Ice Machine | Compressor-Bitzer',NULL,0,695795000,770000000,770000000,770000000,754732000,1,12,NULL,NULL,NULL),(16,1,'SP6L400E','Tube Ice Machine | Compressor-Refcomp',NULL,0,646460000,713000000,713000000,713000000,698865000,1,12,NULL,NULL,NULL),(17,1,'2*6GE-23Y','Tube Ice Machine | Compressor-Bitzer',NULL,0,816480000,902000000,902000000,902000000,884114000,1,12,NULL,NULL,NULL),(18,1,'2*SP4L220E','Tube Ice Machine | Compressor-Refcomp',NULL,0,732825000,804000000,804000000,804000000,788061000,1,12,NULL,NULL,NULL),(19,1,'6GE-34Y+6FE-44Y','Tube Ice Machine | Compressor-Bitzer',NULL,0,1122100000,1258000000,1258000000,1258000000,1233063000,1,12,NULL,NULL,NULL),(20,1,'1*SP6L-300E+1*SP6L 400E','Tube Ice Machine | Compressor-Refcomp',NULL,0,1006270000,1125000000,1125000000,1125000000,1102692000,1,12,NULL,NULL,NULL),(21,1,'HSK7461-80Y Screw type','Tube Ice Machine | Compressor-Bitzer screw',NULL,0,1137115000,1276000000,1276000000,1276000000,1250700000,1,12,NULL,NULL,NULL),(22,1,'3*6GE-34Y','Tube Ice Machine | Compressor-Bitzer',NULL,0,1526845000,1653000000,1653000000,1653000000,1620231000,1,12,NULL,NULL,NULL),(23,1,'3*SP6L300E','Tube Ice Machine | Compressor-Refcomp',NULL,0,1417450000,1532000000,1532000000,1532000000,1501629000,1,12,NULL,NULL,NULL),(24,1,'HSK8551-110Y, Screw type','Tube Ice Machine | Compressor-Bitzer screw',NULL,0,1466785000,1588000000,1588000000,1588000000,1556518000,1,12,NULL,NULL,NULL),(25,1,'3*6GE-34Y + 6FE-44Y','Tube Ice Machine | Compressor-Bitzer',NULL,0,2032485000,2210000000,2210000000,2210000000,2166198000,1,12,NULL,NULL,NULL),(26,1,'2*SP6L-300E + 2*SP6L 400E','Tube Ice Machine | Compressor-Refcomp',NULL,0,1794390000,1946000000,1946000000,1946000000,1907423000,1,12,NULL,NULL,NULL),(27,1,'HSK8581-160Y, Screw type','Tube Ice Machine | Compressor-Bitzer screw',NULL,0,1918800000,2084000000,2084000000,2084000000,2042695000,1,12,NULL,NULL,NULL),(28,2,'4EES-4Y','Cube Ice Machine | Compressor-Bitzer',NULL,0,206083200,246000000,246000000,246000000,241116000,1,12,NULL,NULL,NULL),(29,2,'SP2L 040E','Cube Ice Machine | Compressor-Refcomp',NULL,0,193559000,229000000,229000000,229000000,224457000,1,12,NULL,NULL,NULL),(30,2,'4EES-4Y','Cube Ice Machine | Compressor-Bitzer',NULL,0,211682700,254000000,254000000,254000000,248962000,1,12,NULL,NULL,NULL),(31,2,'SP2L 040E','Cube Ice Machine | Compressor-Refcomp',NULL,0,201569100,240000000,240000000,240000000,235237000,1,12,NULL,NULL,NULL),(32,2,'Bitzer, 4TES-9Y','Cube Ice Machine | Compressor-Bitzer',NULL,0,282608500,347000000,347000000,347000000,340114000,1,12,NULL,NULL,NULL),(33,2,'SP4LF 080E','Cube Ice Machine | Compressor-Refcomp',NULL,0,268217900,328000000,328000000,328000000,321499000,1,12,NULL,NULL,NULL),(34,2,'Bitzer, 4TES-9Y','Cube Ice Machine | Compressor-Bitzer',NULL,0,283252000,348000000,348000000,348000000,341092000,1,12,NULL,NULL,NULL),(35,2,'4NES-14Y','Cube Ice Machine | Compressor-Bitzer',NULL,0,330627800,411000000,411000000,411000000,402849000,1,12,NULL,NULL,NULL),(36,2,'SP4LF 1200E','Cube Ice Machine | Compressor-Refcomp',NULL,0,314370500,389000000,389000000,389000000,381289000,1,12,NULL,NULL,NULL),(37,2,'4NES-14Y','Cube Ice Machine | Compressor-Bitzer',NULL,0,348476000,434000000,434000000,434000000,425398000,1,12,NULL,NULL,NULL),(38,2,'4GE-23Y','Cube Ice Machine | Compressor-Bitzer',NULL,0,464749400,579000000,579000000,579000000,567516000,1,12,NULL,NULL,NULL),(39,2,'SP4L 220E','Cube Ice Machine | Compressor-Refcomp',NULL,0,428879800,531000000,531000000,531000000,520473000,1,12,NULL,NULL,NULL),(40,2,'4FE-28Y','Cube Ice Machine | Compressor-Bitzer',NULL,0,501198300,633000000,633000000,633000000,620449000,1,12,NULL,NULL,NULL),(41,2,'SP6L 300E','Cube Ice Machine | Compressor-Refcomp',NULL,0,470316800,593000000,593000000,593000000,581241000,1,12,NULL,NULL,NULL),(42,2,'6FE-44Y','Cube Ice Machine | Compressor-Bitzer',NULL,0,599081000,759000000,759000000,759000000,743952000,1,12,NULL,NULL,NULL),(43,2,'SP6L 400E','Cube Ice Machine | Compressor-Refcomp',NULL,0,575326000,727000000,727000000,727000000,712590000,1,12,NULL,NULL,NULL),(44,2,'6FE-44Y','Cube Ice Machine | Compressor-Bitzer',NULL,0,753220100,962000000,962000000,962000000,942926000,1,12,NULL,NULL,NULL),(45,2,'SP6L 400E','Cube Ice Machine | Compressor-Refcomp',NULL,0,711952900,908000000,908000000,908000000,889993000,1,12,NULL,NULL,NULL),(46,2,'2*4FE-28Y','Cube Ice Machine | Compressor-Bitzer',NULL,0,911132000,1162000000,1162000000,1162000000,1138966000,1,12,NULL,NULL,NULL),(47,2,'2*SP4L 250E','Cube Ice Machine | Compressor-Refcomp',NULL,0,859751300,1094000000,1094000000,1094000000,1072308000,1,12,NULL,NULL,NULL),(48,3,'4EES-4Y','Block Ice Machine | Compressor-Bitzer',NULL,0,157996900,189000000,189000000,189000000,185249000,1,12,NULL,NULL,NULL),(49,3,'6HP','Block Ice Machine | Compressor-Copeland',NULL,0,144083100,170000000,170000000,170000000,166623000,1,12,NULL,NULL,NULL),(50,3,'4TES-9Y','Block Ice Machine | Compressor-Bitzer',NULL,0,204047200,252000000,252000000,252000000,246995000,1,12,NULL,NULL,NULL),(51,3,'SP2L080E','Block Ice Machine | Compressor-Refcomp',NULL,0,191522800,235000000,235000000,235000000,230336000,1,12,NULL,NULL,NULL),(52,3,'4PES-12Y','Block Ice Machine | Compressor-Bitzer',NULL,0,268659600,339000000,339000000,339000000,332279000,1,12,NULL,NULL,NULL),(53,3,'SP4LF 100E','Block Ice Machine | Compressor-Refcomp',NULL,0,241139500,302000000,302000000,302000000,296005000,1,12,NULL,NULL,NULL),(54,3,'4HE-18Y','Block Ice Machine | Compressor-Bitzer',NULL,0,311556400,398000000,398000000,398000000,390102000,1,12,NULL,NULL,NULL),(55,3,'SP4L 150E','Block Ice Machine | Compressor-Refcomp',NULL,0,282470800,358000000,358000000,358000000,350894000,1,12,NULL,NULL,NULL),(56,3,'4HE-18Y','Block Ice Machine | Compressor-Bitzer',NULL,0,327877600,420000000,420000000,420000000,411673000,1,12,NULL,NULL,NULL),(57,3,'SP4L 150E','Block Ice Machine | Compressor-Refcomp',NULL,0,299134600,381000000,381000000,381000000,373443000,1,12,NULL,NULL,NULL),(58,3,'4HE-18Y','Block Ice Machine | Compressor-Bitzer',NULL,0,325809500,418000000,418000000,418000000,409706000,1,12,NULL,NULL,NULL),(59,3,'SP4L 150E','Block Ice Machine | Compressor-Refcomp',NULL,0,297031200,378000000,378000000,378000000,370498000,1,12,NULL,NULL,NULL),(60,3,'6HE-28Y','Block Ice Machine | Compressor-Bitzer',NULL,0,485016500,628000000,628000000,628000000,615548000,1,12,NULL,NULL,NULL),(61,3,'SP6L 270E','Block Ice Machine | Compressor-Refcomp',NULL,0,440528600,567000000,567000000,567000000,555758000,1,12,NULL,NULL,NULL),(62,3,'6HE-28Y','Block Ice Machine | Compressor-Bitzer',NULL,0,516272700,671000000,671000000,671000000,657690000,1,12,NULL,NULL,NULL),(63,3,'SP6L 270E','Block Ice Machine | Compressor-Refcomp',NULL,0,473580800,613000000,613000000,613000000,600845000,1,12,NULL,NULL,NULL),(64,3,'6GE-34Y','Block Ice Machine | Compressor-Bitzer',NULL,0,534089000,695000000,695000000,695000000,681217000,1,12,NULL,NULL,NULL),(65,3,'SP6L 270E','Block Ice Machine | Compressor-Refcomp',NULL,0,490651200,636000000,636000000,636000000,623394000,1,12,NULL,NULL,NULL),(66,3,'motor-lift, 6GE-34Y','Block Ice Machine | Compressor-Bitzer',NULL,0,585127200,765000000,765000000,765000000,749831000,1,12,NULL,NULL,NULL),(67,3,'motor-lift, SP6L 300E','Block Ice Machine | Compressor-Refcomp',NULL,0,544132100,709000000,709000000,709000000,694942000,1,12,NULL,NULL,NULL),(68,3,'motor-lift, 2*6HE-28','Block Ice Machine | Compressor-Bitzer',NULL,0,813455100,1063000000,1063000000,1063000000,1041924000,1,12,NULL,NULL,NULL),(69,3,'motor-lift, 2*SP6L 270E','Block Ice Machine | Compressor-Refcomp',NULL,0,754406800,982000000,982000000,982000000,962530000,1,12,NULL,NULL,NULL),(70,3,'motor-lift, 2*6HE-28','Block Ice Machine | Compressor-Bitzer',NULL,0,846100700,1107000000,1107000000,1107000000,1085055000,1,12,NULL,NULL,NULL),(71,3,'motor-lift, 2*SP6L 270E','Block Ice Machine | Compressor-Refcomp',NULL,0,809891800,1058000000,1058000000,1058000000,1037023000,1,12,NULL,NULL,NULL),(72,3,'motor-lift, 2*6HE-28','Block Ice Machine | Compressor-Bitzer',NULL,0,901688200,1184000000,1184000000,1184000000,1160526000,1,12,NULL,NULL,NULL),(73,3,'motor-lift, 2*SP6L 270E','Block Ice Machine | Compressor-Refcomp',NULL,0,866090800,1134000000,1134000000,1134000000,1111516000,1,12,NULL,NULL,NULL),(74,3,'motor-lift, 3*6HE-28','Block Ice Machine | Compressor-Bitzer',NULL,0,1319936500,1748000000,1748000000,1748000000,1713350000,1,12,NULL,NULL,NULL),(75,3,'motor-lift, 3*SP6L 270E','Block Ice Machine | Compressor-Refcomp',NULL,0,1213682200,1603000000,1603000000,1603000000,1571221000,1,12,NULL,NULL,NULL),(76,3,'motor-lift, 3*6HE-28','Block Ice Machine | Compressor-Bitzer',NULL,0,1346371200,1784000000,1784000000,1784000000,1748635000,1,12,NULL,NULL,NULL),(77,3,'motor-lift, 3*SP6L 270E','Block Ice Machine | Compressor-Refcomp',NULL,0,1261397200,1668000000,1668000000,1668000000,1634934000,1,12,NULL,NULL,NULL),(78,3,'motor-lift, 2*6FE-44Y + 1*6GE-34Y','Block Ice Machine | Compressor-Bitzer',NULL,0,1520995200,1950000000,1950000000,1950000000,1911346000,1,12,NULL,NULL,NULL),(79,3,'motor-lift, 2*SP6L 400E + 1*SP6L 300E','Block Ice Machine | Compressor-Refcomp',NULL,0,1353928500,1729000000,1729000000,1729000000,1694724000,1,12,NULL,NULL,NULL),(80,3,'motor-lift, 2*6FE-44Y + 1*6GE-34Y','Block Ice Machine | Compressor-Bitzer',NULL,0,1574885900,2021000000,2021000000,2021000000,1980938000,1,12,NULL,NULL,NULL),(81,3,'motor-lift, 2*SP6L 400E + 1*SP6L 300E','Block Ice Machine | Compressor-Refcomp',NULL,0,1407819200,1800000000,1800000000,1800000000,1764316000,1,12,NULL,NULL,NULL),(82,3,'motor-lift, 2*6FE-44Y + 1*6GE-34Y','Block Ice Machine | Compressor-Bitzer',NULL,0,1735469600,2234000000,2234000000,2234000000,2189714000,1,12,NULL,NULL,NULL),(83,3,'motor-lift, 2*SP6L 400E + 1*SP6L 300E','Block Ice Machine | Compressor-Refcomp',NULL,0,1540201000,1976000000,1976000000,1976000000,1936829000,1,12,NULL,NULL,NULL),(84,3,'motor-lift, 5*6GE-34Y','Block Ice Machine | Compressor-Bitzer',NULL,0,2412817500,3117000000,3117000000,3117000000,3055213000,1,12,NULL,NULL,NULL),(85,3,'motor-lift, 5*SP6L 300E','Block Ice Machine | Compressor-Refcomp',NULL,0,2148422200,2766000000,2766000000,2766000000,2711176000,1,12,NULL,NULL,NULL),(86,3,'motor-lift, HSN8591-160Y','Block Ice Machine | Compressor-Bitzer screw',NULL,0,2345250000,3027000000,3027000000,3027000000,2966995000,1,12,NULL,NULL,NULL),(87,3,'motor-lift, SW3L 1800E','Block Ice Machine | Compressor-Refcomp screw',NULL,0,2126091900,2737000000,2737000000,2737000000,2682748000,1,12,NULL,NULL,NULL),(88,3,'motor-lift, 5*6GE-34Y','Block Ice Machine | Compressor-Bitzer',NULL,0,2557825900,3308000000,3308000000,3308000000,3242429000,1,12,NULL,NULL,NULL),(89,3,'motor-lift, 5*SP6L 300E','Block Ice Machine | Compressor-Refcomp',NULL,0,2293363400,2958000000,2958000000,2958000000,2899370000,1,12,NULL,NULL,NULL),(90,3,'motor-lift, HSN8591-160Y','Block Ice Machine | Compressor-Bitzer screw',NULL,0,2490223200,3218000000,3218000000,3218000000,3154211000,1,12,NULL,NULL,NULL),(91,3,'motor-lift, SW3L 1800E','Block Ice Machine | Compressor-Refcomp screw',NULL,0,2270965800,2928000000,2928000000,2928000000,2869964000,1,12,NULL,NULL,NULL),(92,4,'With Icebin 04T, Copeland 6HP','Flake Ice Machine | Compressor-Copeland',NULL,0,137091100,159000000,159000000,159000000,155843000,1,12,NULL,NULL,NULL),(93,4,'Non Icebin, Copeland 6HP','Flake Ice Machine | Compressor-Copeland',NULL,0,117747700,133000000,133000000,133000000,130360000,1,12,NULL,NULL,NULL),(94,4,'Non Icebin, SP4LF 080E','Flake Ice Machine | Compressor-Refcomp',NULL,0,163221700,195000000,195000000,195000000,191128000,1,12,NULL,NULL,NULL),(95,4,'Non Icebin, 4NES-14Y','Flake Ice Machine | Compressor-Bitzer',NULL,0,224136500,278000000,278000000,278000000,272489000,1,12,NULL,NULL,NULL),(96,4,'Non Icebin, SP4LF 120E','Flake Ice Machine | Compressor-Refcomp',NULL,0,211240800,260000000,260000000,260000000,254841000,1,12,NULL,NULL,NULL),(97,4,'Non Icebin, 4FE-28Y','Flake Ice Machine | Compressor-Bitzer',NULL,0,342249200,434000000,434000000,434000000,425398000,1,12,NULL,NULL,NULL),(98,4,'Non Icebin, SP4L 250E','Flake Ice Machine | Compressor-Refcomp',NULL,0,322736100,407000000,407000000,407000000,398926000,1,12,NULL,NULL,NULL),(99,4,'Non Icebin, 6FE-44Y','Flake Ice Machine | Compressor-Bitzer',NULL,0,480877000,622000000,622000000,622000000,609669000,1,12,NULL,NULL,NULL),(100,4,'Non Icebin, SP6L 400E','Flake Ice Machine | Compressor-Refcomp',NULL,0,448638000,579000000,579000000,579000000,567516000,1,12,NULL,NULL,NULL),(101,4,'Non Icebin, 2*4GE-23Y','Flake Ice Machine | Compressor-Bitzer',NULL,0,579909300,745000000,745000000,745000000,730227000,1,12,NULL,NULL,NULL),(102,4,'Non Icebin, 2*SP4L 220E','Flake Ice Machine | Compressor-Refcomp',NULL,0,545567000,698000000,698000000,698000000,684162000,1,12,NULL,NULL,NULL),(103,4,'Non Icebin, 1*6GE-34Y+1*6FE-44Y','Flake Ice Machine | Compressor-Bitzer',NULL,0,713920000,927000000,927000000,927000000,908619000,1,12,NULL,NULL,NULL),(104,4,'Non Icebin, SP6L 400E +SP6L 300E','Flake Ice Machine | Compressor-Refcomp',NULL,0,653312500,843000000,843000000,843000000,826291000,1,12,NULL,NULL,NULL),(105,4,'Non Icebin, 3*6GE-34Y','Flake Ice Machine | Compressor-Bitzer',NULL,0,909199600,1141000000,1141000000,1141000000,1118384000,1,12,NULL,NULL,NULL),(106,4,'Non Icebin, 3*SP6L 300E','Flake Ice Machine | Compressor-Refcomp',NULL,0,838001600,1047000000,1047000000,1047000000,1026243000,1,12,NULL,NULL,NULL),(107,5,'ZB15KQE (2HP), Model DD-22/12','Cold Room | Compressor-Copeland',NULL,0,95574100,114928200,114928200,114928200,112640200,1,12,NULL,NULL,NULL),(108,5,'ZB21KQE (3HP), Model DD-37/22','Cold Room | Compressor-Copeland',NULL,0,103024000,122951200,122951200,122951200,120509200,1,12,NULL,NULL,NULL),(109,5,'ZB29KQE (4HP), Model DD-37/22','Cold Room | Compressor-Copeland',NULL,0,117523600,138566100,138566100,138566100,135816100,1,12,NULL,NULL,NULL),(110,5,'ZB38KQE (5HP), Model DD-56/30','Cold Room | Compressor-Copeland',NULL,0,125408900,147057900,147057900,147057900,144142900,1,12,NULL,NULL,NULL),(111,5,'ZB38KQE (5HP), Model DD-56/30','Cold Room | Compressor-Copeland',NULL,0,138582900,161245500,161245500,161245500,158044500,1,12,NULL,NULL,NULL),(112,6,'3 HP','Slurry Ice Machine | Compressor-Copeland',NULL,0,157113300,186000000,186000000,186000000,182304000,1,12,NULL,NULL,NULL),(113,6,'4 HP','Slurry Ice Machine | Compressor-Copeland',NULL,0,194509800,238000000,238000000,238000000,233281000,1,12,NULL,NULL,NULL),(114,6,'5 HP','Slurry Ice Machine | Compressor-Copeland',NULL,0,231602400,288000000,288000000,288000000,282291000,1,12,NULL,NULL,NULL),(115,6,'4TES-9Y','Slurry Ice Machine | Compressor-Bitzer',NULL,0,377364600,484000000,484000000,484000000,474397000,1,12,NULL,NULL,NULL),(116,6,'4GE-23Y','Slurry Ice Machine | Compressor-Bitzer',NULL,0,660136400,850000000,850000000,850000000,833148000,1,12,NULL,NULL,NULL),(117,6,'6FE-44Y','Slurry Ice Machine | Compressor-Bitzer',NULL,0,1089628700,1433000000,1433000000,1433000000,1404598000,1,12,NULL,NULL,NULL);
/*!40000 ALTER TABLE `ref_products` ENABLE KEYS */;
UNLOCK TABLES;

--
-- Table structure for table `ref_provinces`
--

DROP TABLE IF EXISTS `ref_provinces`;
/*!40101 SET @saved_cs_client     = @@character_set_client */;
/*!50503 SET character_set_client = utf8mb4 */;
CREATE TABLE `ref_provinces` (
  `id` bigint unsigned NOT NULL AUTO_INCREMENT,
  `regional_id` bigint unsigned NOT NULL,
  `name` varchar(100) COLLATE utf8mb4_unicode_ci DEFAULT NULL,
  `created_at` timestamp NULL DEFAULT NULL,
  `updated_at` timestamp NULL DEFAULT NULL,
  `deleted_at` timestamp NULL DEFAULT NULL,
  PRIMARY KEY (`id`),
  KEY `ref_provinces_regional_id_foreign` (`regional_id`),
  CONSTRAINT `ref_provinces_regional_id_foreign` FOREIGN KEY (`regional_id`) REFERENCES `ref_regionals` (`id`) ON DELETE RESTRICT ON UPDATE RESTRICT
) ENGINE=InnoDB AUTO_INCREMENT=35 DEFAULT CHARSET=utf8mb4 COLLATE=utf8mb4_unicode_ci;
/*!40101 SET character_set_client = @saved_cs_client */;

--
-- Dumping data for table `ref_provinces`
--

LOCK TABLES `ref_provinces` WRITE;
/*!40000 ALTER TABLE `ref_provinces` DISABLE KEYS */;
INSERT INTO `ref_provinces` VALUES (1,1,'DKI Jakarta',NULL,NULL,NULL),(2,1,'Jawa Barat',NULL,NULL,NULL),(3,1,'Jawa Tengah',NULL,NULL,NULL),(4,1,'DI Yogyakarta',NULL,NULL,NULL),(5,1,'Banten',NULL,NULL,NULL),(6,1,'Jawa Timur',NULL,NULL,NULL),(7,2,'Bali',NULL,NULL,NULL),(8,3,'Aceh',NULL,NULL,NULL),(9,3,'Sumatera Utara',NULL,NULL,NULL),(10,3,'Sumatera Barat',NULL,NULL,NULL),(11,3,'Riau',NULL,NULL,NULL),(12,3,'Jambi',NULL,NULL,NULL),(13,3,'Bengkulu',NULL,NULL,NULL),(14,3,'Lampung',NULL,NULL,NULL),(15,4,'Kalimantan Barat',NULL,NULL,NULL),(16,4,'Kalimantan Tengah',NULL,NULL,NULL),(17,4,'Kalimantan Selatan',NULL,NULL,NULL),(18,4,'Kalimantan Timur',NULL,NULL,NULL),(19,5,'Sulawesi Utara',NULL,NULL,NULL),(20,5,'Sulawesi Tengah',NULL,NULL,NULL),(21,5,'Sulawesi Selatan',NULL,NULL,NULL),(22,5,'Gorontalo',NULL,NULL,NULL),(23,5,'Sulawesi Barat',NULL,NULL,NULL),(24,6,'Maluku Utara',NULL,NULL,NULL),(25,7,'Papua',NULL,NULL,NULL),(26,7,'Papua Barat',NULL,NULL,NULL),(27,7,'Papua Selatan',NULL,NULL,NULL),(28,7,'Papua Tengah',NULL,NULL,NULL),(29,7,'Papua Pegunungan',NULL,NULL,NULL),(30,7,'Papua Barat Daya',NULL,NULL,NULL),(31,8,'Nusa Tenggara Barat',NULL,NULL,NULL),(32,8,'Nusa Tenggara Timur',NULL,NULL,NULL),(33,3,'Kepulauan Riau','2025-08-01 13:35:03','2025-08-01 13:35:03',NULL),(34,3,'Bengkulu','2025-08-01 13:37:34','2025-08-01 13:37:34',NULL);
/*!40000 ALTER TABLE `ref_provinces` ENABLE KEYS */;
UNLOCK TABLES;

--
-- Table structure for table `ref_regionals`
--

DROP TABLE IF EXISTS `ref_regionals`;
/*!40101 SET @saved_cs_client     = @@character_set_client */;
/*!50503 SET character_set_client = utf8mb4 */;
CREATE TABLE `ref_regionals` (
  `id` bigint unsigned NOT NULL AUTO_INCREMENT,
  `name` varchar(100) COLLATE utf8mb4_unicode_ci DEFAULT NULL,
  `created_at` timestamp NULL DEFAULT NULL,
  `updated_at` timestamp NULL DEFAULT NULL,
  `deleted_at` timestamp NULL DEFAULT NULL,
  PRIMARY KEY (`id`)
) ENGINE=InnoDB AUTO_INCREMENT=9 DEFAULT CHARSET=utf8mb4 COLLATE=utf8mb4_unicode_ci;
/*!40101 SET character_set_client = @saved_cs_client */;

--
-- Dumping data for table `ref_regionals`
--

LOCK TABLES `ref_regionals` WRITE;
/*!40000 ALTER TABLE `ref_regionals` DISABLE KEYS */;
INSERT INTO `ref_regionals` VALUES (1,'Jawa',NULL,NULL,NULL),(2,'Kep. Nusa Tenggara',NULL,NULL,NULL),(3,'Sumatera',NULL,NULL,NULL),(4,'Kalimantan',NULL,NULL,NULL),(5,'Sulawesi',NULL,NULL,NULL),(6,'Maluku',NULL,NULL,NULL),(7,'Papua',NULL,NULL,NULL),(8,'Nusa Tenggara',NULL,NULL,NULL);
/*!40000 ALTER TABLE `ref_regionals` ENABLE KEYS */;
UNLOCK TABLES;

--
-- Table structure for table `ref_regions`
--

DROP TABLE IF EXISTS `ref_regions`;
/*!40101 SET @saved_cs_client     = @@character_set_client */;
/*!50503 SET character_set_client = utf8mb4 */;
CREATE TABLE `ref_regions` (
  `id` bigint unsigned NOT NULL AUTO_INCREMENT,
  `regional_id` bigint unsigned NOT NULL,
  `province_id` bigint unsigned NOT NULL,
  `branch_id` bigint unsigned NOT NULL,
  `name` varchar(100) COLLATE utf8mb4_unicode_ci DEFAULT NULL,
  `code` varchar(100) COLLATE utf8mb4_unicode_ci DEFAULT NULL,
  `created_at` timestamp NULL DEFAULT NULL,
  `updated_at` timestamp NULL DEFAULT NULL,
  `deleted_at` timestamp NULL DEFAULT NULL,
  PRIMARY KEY (`id`),
  KEY `ref_regions_regional_id_foreign` (`regional_id`),
  KEY `ref_regions_province_id_foreign` (`province_id`),
  KEY `ref_regions_branch_id_foreign` (`branch_id`),
  CONSTRAINT `ref_regions_branch_id_foreign` FOREIGN KEY (`branch_id`) REFERENCES `ref_branches` (`id`) ON DELETE RESTRICT ON UPDATE RESTRICT,
  CONSTRAINT `ref_regions_province_id_foreign` FOREIGN KEY (`province_id`) REFERENCES `ref_provinces` (`id`) ON DELETE RESTRICT ON UPDATE RESTRICT,
  CONSTRAINT `ref_regions_regional_id_foreign` FOREIGN KEY (`regional_id`) REFERENCES `ref_regionals` (`id`) ON DELETE RESTRICT ON UPDATE RESTRICT
) ENGINE=InnoDB AUTO_INCREMENT=484 DEFAULT CHARSET=utf8mb4 COLLATE=utf8mb4_unicode_ci;
/*!40101 SET character_set_client = @saved_cs_client */;

--
-- Dumping data for table `ref_regions`
--

LOCK TABLES `ref_regions` WRITE;
/*!40000 ALTER TABLE `ref_regions` DISABLE KEYS */;
INSERT INTO `ref_regions` VALUES (1,1,1,1,'Kabupaten Administrasi Kepulauan Seribu','kabupaten-administrasi-kepulauan-seribu',NULL,NULL,NULL),(2,1,1,1,'Kota Administrasi Jakarta Barat','kota-administrasi-jakarta-barat',NULL,NULL,NULL),(3,1,1,1,'Kota Administrasi Jakarta Pusat','kota-administrasi-jakarta-pusat',NULL,NULL,NULL),(4,1,1,1,'Kota Administrasi Jakarta Selatan','kota-administrasi-jakarta-selatan',NULL,NULL,NULL),(5,1,1,1,'Kota Administrasi Jakarta Timur','kota-administrasi-jakarta-timur',NULL,NULL,NULL),(6,1,1,1,'Kota Administrasi Jakarta Utara','kota-administrasi-jakarta-utara',NULL,NULL,NULL),(7,1,2,1,'Kabupaten Bandung','kabupaten-bandung',NULL,NULL,NULL),(8,1,2,1,'Kabupaten Bandung Barat','kabupaten-bandung-barat',NULL,NULL,NULL),(9,1,2,1,'Kabupaten Bekasi','kabupaten-bekasi',NULL,NULL,NULL),(10,1,2,1,'Kabupaten Bogor','kabupaten-bogor',NULL,NULL,NULL),(11,1,2,1,'Kabupaten Ciamis','kabupaten-ciamis',NULL,NULL,NULL),(12,1,2,1,'Kabupaten Cianjur','kabupaten-cianjur',NULL,NULL,NULL),(13,1,2,1,'Kabupaten Cirebon','kabupaten-cirebon',NULL,NULL,NULL),(14,1,2,1,'Kabupaten Garut','kabupaten-garut',NULL,NULL,NULL),(15,1,2,1,'Kabupaten Indramayu','kabupaten-indramayu',NULL,NULL,NULL),(16,1,2,1,'Kabupaten Karawang','kabupaten-karawang',NULL,NULL,NULL),(17,1,2,1,'Kabupaten Kuningan','kabupaten-kuningan',NULL,NULL,NULL),(18,1,2,1,'Kabupaten Majalengka','kabupaten-majalengka',NULL,NULL,NULL),(19,1,2,1,'Kabupaten Pangandaran','kabupaten-pangandaran',NULL,NULL,NULL),(20,1,2,1,'Kabupaten Purwakarta','kabupaten-purwakarta',NULL,NULL,NULL),(21,1,2,1,'Kabupaten Subang','kabupaten-subang',NULL,NULL,NULL),(22,1,2,1,'Kabupaten Sukabumi','kabupaten-sukabumi',NULL,NULL,NULL),(23,1,2,1,'Kabupaten Sumedang','kabupaten-sumedang',NULL,NULL,NULL),(24,1,2,1,'Kabupaten Tasikmalaya','kabupaten-tasikmalaya',NULL,NULL,NULL),(25,1,2,1,'Kota Bandung','kota-bandung',NULL,NULL,NULL),(26,1,2,1,'Kota Banjar','kota-banjar',NULL,NULL,NULL),(27,1,2,1,'Kota Bekasi','kota-bekasi',NULL,NULL,NULL),(28,1,2,1,'Kota Bogor','kota-bogor',NULL,NULL,NULL),(29,1,2,1,'Kota Cimahi','kota-cimahi',NULL,NULL,NULL),(30,1,2,1,'Kota Cirebon','kota-cirebon',NULL,NULL,NULL),(31,1,2,1,'Kota Depok','kota-depok',NULL,NULL,NULL),(32,1,2,1,'Kota Sukabumi','kota-sukabumi',NULL,NULL,NULL),(33,1,2,1,'Kota Tasikmalaya','kota-tasikmalaya',NULL,NULL,NULL),(34,1,3,3,'Kabupaten Banjarnegara','kabupaten-banjarnegara',NULL,NULL,NULL),(35,1,3,3,'Kabupaten Banyumas','kabupaten-banyumas',NULL,NULL,NULL),(36,1,3,3,'Kabupaten Batang','kabupaten-batang',NULL,NULL,NULL),(37,1,3,3,'Kabupaten Blora','kabupaten-blora',NULL,NULL,NULL),(38,1,3,3,'Kabupaten Boyolali','kabupaten-boyolali',NULL,NULL,NULL),(39,1,3,3,'Kabupaten Brebes','kabupaten-brebes',NULL,NULL,NULL),(40,1,3,3,'Kabupaten Cilacap','kabupaten-cilacap',NULL,NULL,NULL),(41,1,3,3,'Kabupaten Demak','kabupaten-demak',NULL,NULL,NULL),(42,1,3,3,'Kabupaten Grobogan','kabupaten-grobogan',NULL,NULL,NULL),(43,1,3,3,'Kabupaten Jepara','kabupaten-jepara',NULL,NULL,NULL),(44,1,3,3,'Kabupaten Karanganyar','kabupaten-karanganyar',NULL,NULL,NULL),(45,1,3,3,'Kabupaten Kebumen','kabupaten-kebumen',NULL,NULL,NULL),(46,1,3,3,'Kabupaten Kendal','kabupaten-kendal',NULL,NULL,NULL),(47,1,3,3,'Kabupaten Klaten','kabupaten-klaten',NULL,NULL,NULL),(48,1,3,3,'Kabupaten Kudus','kabupaten-kudus',NULL,NULL,NULL),(49,1,3,3,'Kabupaten Magelang','kabupaten-magelang',NULL,NULL,NULL),(50,1,3,3,'Kabupaten Pati','kabupaten-pati',NULL,NULL,NULL),(51,1,3,3,'Kabupaten Pekalongan','kabupaten-pekalongan',NULL,NULL,NULL),(52,1,3,3,'Kabupaten Pemalang','kabupaten-pemalang',NULL,NULL,NULL),(53,1,3,3,'Kabupaten Purbalingga','kabupaten-purbalingga',NULL,NULL,NULL),(54,1,3,3,'Kabupaten Purworejo','kabupaten-purworejo',NULL,NULL,NULL),(55,1,3,3,'Kabupaten Rembang','kabupaten-rembang',NULL,NULL,NULL),(56,1,3,3,'Kabupaten Semarang','kabupaten-semarang',NULL,NULL,NULL),(57,1,3,3,'Kabupaten Sragen','kabupaten-sragen',NULL,NULL,NULL),(58,1,3,3,'Kabupaten Sukoharjo','kabupaten-sukoharjo',NULL,NULL,NULL),(59,1,3,3,'Kabupaten Tegal','kabupaten-tegal',NULL,NULL,NULL),(60,1,3,3,'Kabupaten Temanggung','kabupaten-temanggung',NULL,NULL,NULL),(61,1,3,3,'Kabupaten Wonogiri','kabupaten-wonogiri',NULL,NULL,NULL),(62,1,3,3,'Kabupaten Wonosobo','kabupaten-wonosobo',NULL,NULL,NULL),(63,1,3,3,'Kota Magelang','kota-magelang',NULL,NULL,NULL),(64,1,3,3,'Kota Pekalongan','kota-pekalongan',NULL,NULL,NULL),(65,1,3,3,'Kota Salatiga','kota-salatiga',NULL,NULL,NULL),(66,1,3,3,'Kota Semarang','kota-semarang',NULL,NULL,NULL),(67,1,3,3,'Kota Surakarta','kota-surakarta',NULL,NULL,NULL),(68,1,3,3,'Kota Tegal','kota-tegal',NULL,NULL,NULL),(69,1,4,3,'Kabupaten Bantul','kabupaten-bantul',NULL,NULL,NULL),(70,1,4,3,'Kabupaten Gunungkidul','kabupaten-gunungkidul',NULL,NULL,NULL),(71,1,4,3,'Kabupaten Kulon Progo','kabupaten-kulon-progo',NULL,NULL,NULL),(72,1,4,3,'Kabupaten Sleman','kabupaten-sleman',NULL,NULL,NULL),(73,1,4,3,'Kota Yogyakarta','kota-yogyakarta',NULL,NULL,NULL),(74,1,5,1,'Kabupaten Lebak','kabupaten-lebak',NULL,NULL,NULL),(75,1,5,1,'Kabupaten Pandeglang','kabupaten-pandeglang',NULL,NULL,NULL),(76,1,5,1,'Kabupaten Serang','kabupaten-serang',NULL,NULL,NULL),(77,1,5,1,'Kabupaten Tangerang','kabupaten-tangerang',NULL,NULL,NULL),(78,1,5,1,'Kota Cilegon','kota-cilegon',NULL,NULL,NULL),(79,1,5,1,'Kota Serang','kota-serang',NULL,NULL,NULL),(80,1,5,1,'Kota Tangerang','kota-tangerang',NULL,NULL,NULL),(81,1,5,1,'Kota Tangerang Selatan','kota-tangerang-selatan',NULL,NULL,NULL),(82,1,6,3,'Kota Mojokerto','kota-mojokerto',NULL,NULL,NULL),(83,1,6,3,'Kota Blitar','kota-blitar',NULL,NULL,NULL),(84,1,6,3,'Kota Madiun','kota-madiun',NULL,NULL,NULL),(85,1,6,3,'Kota Pasuruan','kota-pasuruan',NULL,NULL,NULL),(86,1,6,3,'Kota Probolinggo','kota-probolinggo',NULL,NULL,NULL),(87,1,6,3,'Kota Kediri','kota-kediri',NULL,NULL,NULL),(88,1,6,3,'Kota Malang','kota-malang',NULL,NULL,NULL),(89,1,6,3,'Kota Batu','kota-batu',NULL,NULL,NULL),(90,1,6,3,'Kota Surabaya','kota-surabaya',NULL,NULL,NULL),(91,1,6,3,'Kabupaten Magetan','kabupaten-magetan',NULL,NULL,NULL),(92,1,6,3,'Kabupaten Sidoarjo','kabupaten-sidoarjo',NULL,NULL,NULL),(93,1,6,3,'Kabupaten Pamekasan','kabupaten-pamekasan',NULL,NULL,NULL),(94,1,6,3,'Kabupaten Mojokerto','kabupaten-mojokerto',NULL,NULL,NULL),(95,1,6,3,'Kabupaten Jombang','kabupaten-jombang',NULL,NULL,NULL),(96,1,6,3,'Kabupaten Madiun','kabupaten-madiun',NULL,NULL,NULL),(97,1,6,3,'Kabupaten Tulungagung','kabupaten-tulungagung',NULL,NULL,NULL),(98,1,6,3,'Kabupaten Sampang','kabupaten-sampang',NULL,NULL,NULL),(99,1,6,3,'Kabupaten Trenggalek','kabupaten-trenggalek',NULL,NULL,NULL),(100,1,6,3,'Kabupaten Gresik','kabupaten-gresik',NULL,NULL,NULL),(101,1,6,3,'Kabupaten Nganjuk','kabupaten-nganjuk',NULL,NULL,NULL),(102,1,6,3,'Kabupaten Bangkalan','kabupaten-bangkalan',NULL,NULL,NULL),(103,1,6,3,'Kabupaten Ngawi','kabupaten-ngawi',NULL,NULL,NULL),(104,1,6,3,'Kabupaten Ponorogo','kabupaten-ponorogo',NULL,NULL,NULL),(105,1,6,3,'Kabupaten Pacitan','kabupaten-pacitan',NULL,NULL,NULL),(106,1,6,3,'Kabupaten Pasuruan','kabupaten-pasuruan',NULL,NULL,NULL),(107,1,6,3,'Kabupaten Kediri','kabupaten-kediri',NULL,NULL,NULL),(108,1,6,3,'Kabupaten Bondowoso','kabupaten-bondowoso',NULL,NULL,NULL),(109,1,6,3,'Kabupaten Situbondo','kabupaten-situbondo',NULL,NULL,NULL),(110,1,6,3,'Kabupaten Probolinggo','kabupaten-probolinggo',NULL,NULL,NULL),(111,1,6,3,'Kabupaten Lamongan','kabupaten-lamongan',NULL,NULL,NULL),(112,1,6,3,'Kabupaten Blitar','kabupaten-blitar',NULL,NULL,NULL),(113,1,6,3,'Kabupaten Lumajang','kabupaten-lumajang',NULL,NULL,NULL),(114,1,6,3,'Kabupaten Tuban','kabupaten-tuban',NULL,NULL,NULL),(115,1,6,3,'Kabupaten Sumenep','kabupaten-sumenep',NULL,NULL,NULL),(116,1,6,3,'Kabupaten Bojonegoro','kabupaten-bojonegoro',NULL,NULL,NULL),(117,1,6,3,'Kabupaten Jember','kabupaten-jember',NULL,NULL,NULL),(118,1,6,3,'Kabupaten Malang','kabupaten-malang',NULL,NULL,NULL),(119,1,6,3,'Kabupaten Banyuwangi','kabupaten-banyuwangi',NULL,NULL,NULL),(120,2,7,3,'Kabupaten Badung','kabupaten-badung',NULL,NULL,NULL),(121,2,7,3,'Kabupaten Bangli','kabupaten-bangli',NULL,NULL,NULL),(122,2,7,3,'Kabupaten Buleleng','kabupaten-buleleng',NULL,NULL,NULL),(123,2,7,3,'Kabupaten Gianyar','kabupaten-gianyar',NULL,NULL,NULL),(124,2,7,3,'Kabupaten Jembrana','kabupaten-jembrana',NULL,NULL,NULL),(125,2,7,3,'Kabupaten Karangasem','kabupaten-karangasem',NULL,NULL,NULL),(126,2,7,3,'Kabupaten Klungkung','kabupaten-klungkung',NULL,NULL,NULL),(127,2,7,3,'Kabupaten Tabanan','kabupaten-tabanan',NULL,NULL,NULL),(128,2,7,3,'Kota Denpasar','kota-denpasar',NULL,NULL,NULL),(129,3,8,1,'Kabupaten Gayo Lues','kabupaten-gayo-lues',NULL,NULL,NULL),(130,3,8,1,'Kabupaten Aceh Timur','kabupaten-aceh-timur',NULL,NULL,NULL),(131,3,8,1,'Kabupaten Aceh Tengah','kabupaten-aceh-tengah',NULL,NULL,NULL),(132,3,8,1,'Kabupaten Aceh Tenggara','kabupaten-aceh-tenggara',NULL,NULL,NULL),(133,3,8,1,'Kabupaten Aceh Selatan','kabupaten-aceh-selatan',NULL,NULL,NULL),(134,3,8,1,'Kabupaten Aceh Jaya','kabupaten-aceh-jaya',NULL,NULL,NULL),(135,3,8,1,'Kabupaten Nagan Raya','kabupaten-nagan-raya',NULL,NULL,NULL),(136,3,8,1,'Kabupaten Pidie','kabupaten-pidie',NULL,NULL,NULL),(137,3,8,1,'Kabupaten Aceh Besar','kabupaten-aceh-besar',NULL,NULL,NULL),(138,3,8,1,'Kabupaten Aceh Barat','kabupaten-aceh-barat',NULL,NULL,NULL),(139,3,8,1,'Kabupaten Aceh Utara','kabupaten-aceh-utara',NULL,NULL,NULL),(140,3,8,1,'Kabupaten Aceh Tamiang','kabupaten-aceh-tamiang',NULL,NULL,NULL),(141,3,8,1,'Kabupaten Bener Meriah','kabupaten-bener-meriah',NULL,NULL,NULL),(142,3,8,1,'Kabupaten Aceh Barat Daya','kabupaten-aceh-barat-daya',NULL,NULL,NULL),(143,3,8,1,'Kabupaten Aceh Singkil','kabupaten-aceh-singkil',NULL,NULL,NULL),(144,3,8,1,'Kabupaten Simeulue','kabupaten-simeulue',NULL,NULL,NULL),(145,3,8,1,'Kabupaten Bireuen','kabupaten-bireuen',NULL,NULL,NULL),(146,3,8,1,'Kota Subulussalam','kota-subulussalam',NULL,NULL,NULL),(147,3,8,1,'Kabupaten Pidie Jaya','kabupaten-pidie-jaya',NULL,NULL,NULL),(148,3,8,1,'Kota Langsa','kota-langsa',NULL,NULL,NULL),(149,3,8,1,'Kota Lhokseumawe','kota-lhokseumawe',NULL,NULL,NULL),(150,3,8,1,'Kota Sabang','kota-sabang',NULL,NULL,NULL),(151,3,8,1,'Kota Banda Aceh','kota-banda-aceh',NULL,NULL,NULL),(152,3,9,1,'Kabupaten Asahan','kabupaten-asahan',NULL,NULL,NULL),(153,3,9,1,'Kabupaten Batu Bara','kabupaten-batu-bara',NULL,NULL,NULL),(154,3,9,1,'Kabupaten Dairi','kabupaten-dairi',NULL,NULL,NULL),(155,3,9,1,'Kabupaten Deli Serdang','kabupaten-deli-serdang',NULL,NULL,NULL),(156,3,9,1,'Kabupaten Humbang Hasundutan','kabupaten-humbang-hasundutan',NULL,NULL,NULL),(157,3,9,1,'Kabupaten Karo','kabupaten-karo',NULL,NULL,NULL),(158,3,9,1,'Kabupaten Labuhanbatu','kabupaten-labuhanbatu',NULL,NULL,NULL),(159,3,9,1,'Kabupaten Labuhanbatu Selatan','kabupaten-labuhanbatu-selatan',NULL,NULL,NULL),(160,3,9,1,'Kabupaten Labuhanbatu Utara','kabupaten-labuhanbatu-utara',NULL,NULL,NULL),(161,3,9,1,'Kabupaten Langkat','kabupaten-langkat',NULL,NULL,NULL),(162,3,9,1,'Kabupaten Mandailing Natal','kabupaten-mandailing-natal',NULL,NULL,NULL),(163,3,9,1,'Kabupaten Nias','kabupaten-nias',NULL,NULL,NULL),(164,3,9,1,'Kabupaten Nias Barat','kabupaten-nias-barat',NULL,NULL,NULL),(165,3,9,1,'Kabupaten Nias Selatan','kabupaten-nias-selatan',NULL,NULL,NULL),(166,3,9,1,'Kabupaten Nias Utara','kabupaten-nias-utara',NULL,NULL,NULL),(167,3,9,1,'Kabupaten Padang Lawas','kabupaten-padang-lawas',NULL,NULL,NULL),(168,3,9,1,'Kabupaten Padang Lawas Utara','kabupaten-padang-lawas-utara',NULL,NULL,NULL),(169,3,9,1,'Kabupaten Pakpak Bharat','kabupaten-pakpak-bharat',NULL,NULL,NULL),(170,3,9,1,'Kabupaten Samosir','kabupaten-samosir',NULL,NULL,NULL),(171,3,9,1,'Kabupaten Serdang Bedagai','kabupaten-serdang-bedagai',NULL,NULL,NULL),(172,3,9,1,'Kabupaten Simalungun','kabupaten-simalungun',NULL,NULL,NULL),(173,3,9,1,'Kabupaten Tapanuli Selatan','kabupaten-tapanuli-selatan',NULL,NULL,NULL),(174,3,9,1,'Kabupaten Tapanuli Tengah','kabupaten-tapanuli-tengah',NULL,NULL,NULL),(175,3,9,1,'Kabupaten Tapanuli Utara','kabupaten-tapanuli-utara',NULL,NULL,NULL),(176,3,9,1,'Kabupaten Toba','kabupaten-toba',NULL,NULL,NULL),(177,3,9,1,'Kota Binjai','kota-binjai',NULL,NULL,NULL),(178,3,9,1,'Kota Gunungsitoli','kota-gunungsitoli',NULL,NULL,NULL),(179,3,9,1,'Kota Medan','kota-medan',NULL,NULL,NULL),(180,3,9,1,'Kota Padangsidimpuan','kota-padangsidimpuan',NULL,NULL,NULL),(181,3,9,1,'Kota Pematangsiantar','kota-pematangsiantar',NULL,NULL,NULL),(182,3,9,1,'Kota Sibolga','kota-sibolga',NULL,NULL,NULL),(183,3,9,1,'Kota Tanjungbalai','kota-tanjungbalai',NULL,NULL,NULL),(184,3,9,1,'Kota Tebing Tinggi','kota-tebing-tinggi',NULL,NULL,NULL),(185,3,10,1,'Kabupaten Agam','kabupaten-agam',NULL,NULL,NULL),(186,3,10,1,'Kabupaten Dharmasraya','kabupaten-dharmasraya',NULL,NULL,NULL),(187,3,10,1,'Kabupaten Kepulauan Mentawai','kabupaten-kepulauan-mentawai',NULL,NULL,NULL),(188,3,10,1,'Kabupaten Lima Puluh Kota','kabupaten-lima-puluh-kota',NULL,NULL,NULL),(189,3,10,1,'Kabupaten Padang Pariaman','kabupaten-padang-pariaman',NULL,NULL,NULL),(190,3,10,1,'Kabupaten Pasaman','kabupaten-pasaman',NULL,NULL,NULL),(191,3,10,1,'Kabupaten Pasaman Barat','kabupaten-pasaman-barat',NULL,NULL,NULL),(192,3,10,1,'Kabupaten Pesisir Selatan','kabupaten-pesisir-selatan',NULL,NULL,NULL),(193,3,10,1,'Kabupaten Sijunjung','kabupaten-sijunjung',NULL,NULL,NULL),(194,3,10,1,'Kabupaten Solok','kabupaten-solok',NULL,NULL,NULL),(195,3,10,1,'Kabupaten Solok Selatan','kabupaten-solok-selatan',NULL,NULL,NULL),(196,3,10,1,'Kabupaten Tanah Datar','kabupaten-tanah-datar',NULL,NULL,NULL),(197,3,10,1,'Kota Bukittinggi','kota-bukittinggi',NULL,NULL,NULL),(198,3,10,1,'Kota Padang','kota-padang',NULL,NULL,NULL),(199,3,10,1,'Kota Padang Panjang','kota-padang-panjang',NULL,NULL,NULL),(200,3,10,1,'Kota Pariaman','kota-pariaman',NULL,NULL,NULL),(201,3,10,1,'Kota Payakumbuh','kota-payakumbuh',NULL,NULL,NULL),(202,3,10,1,'Kota Sawahlunto','kota-sawahlunto',NULL,NULL,NULL),(203,3,10,1,'Kota Solok','kota-solok',NULL,NULL,NULL),(204,3,11,1,'Kabupaten Bengkalis','kabupaten-bengkalis',NULL,NULL,NULL),(205,3,11,1,'Kabupaten Indragiri Hilir','kabupaten-indragiri-hilir',NULL,NULL,NULL),(206,3,11,1,'Kabupaten Indragiri Hulu','kabupaten-indragiri-hulu',NULL,NULL,NULL),(207,3,11,1,'Kabupaten Kampar','kabupaten-kampar',NULL,NULL,NULL),(208,3,11,1,'Kabupaten Kepulauan Meranti','kabupaten-kepulauan-meranti',NULL,NULL,NULL),(209,3,11,1,'Kabupaten Kuantan Singingi','kabupaten-kuantan-singingi',NULL,NULL,NULL),(210,3,11,1,'Kabupaten Pelalawan','kabupaten-pelalawan',NULL,NULL,NULL),(211,3,11,1,'Kabupaten Rokan Hilir','kabupaten-rokan-hilir',NULL,NULL,NULL),(212,3,11,1,'Kabupaten Rokan Hulu','kabupaten-rokan-hulu',NULL,NULL,NULL),(213,3,11,1,'Kabupaten Siak','kabupaten-siak',NULL,NULL,NULL),(214,3,11,1,'Kota Dumai','kota-dumai',NULL,NULL,NULL),(215,3,11,1,'Kota Pekanbaru','kota-pekanbaru',NULL,NULL,NULL),(216,3,12,1,'Kabupaten Batanghari','kabupaten-batanghari',NULL,NULL,NULL),(217,3,12,1,'Kabupaten Bungo','kabupaten-bungo',NULL,NULL,NULL),(218,3,12,1,'Kabupaten Kerinci','kabupaten-kerinci',NULL,NULL,NULL),(219,3,12,1,'Kabupaten Merangin','kabupaten-merangin',NULL,NULL,NULL),(220,3,12,1,'Kabupaten Muaro Jambi','kabupaten-muaro-jambi',NULL,NULL,NULL),(221,3,12,1,'Kabupaten Sarolangun','kabupaten-sarolangun',NULL,NULL,NULL),(222,3,12,1,'Kabupaten Tanjung Jabung Barat','kabupaten-tanjung-jabung-barat',NULL,NULL,NULL),(223,3,12,1,'Kabupaten Tanjung Jabung Timur','kabupaten-tanjung-jabung-timur',NULL,NULL,NULL),(224,3,12,1,'Kabupaten Tebo','kabupaten-tebo',NULL,NULL,NULL),(225,3,12,1,'Kota Jambi','kota-jambi',NULL,NULL,NULL),(226,3,12,1,'Kota Sungai Penuh','kota-sungai-penuh',NULL,NULL,NULL),(227,3,13,1,'Kabupaten Banyuasin','kabupaten-banyuasin',NULL,NULL,NULL),(228,3,13,1,'Kabupaten Empat Lawang','kabupaten-empat-lawang',NULL,NULL,NULL),(229,3,13,1,'Kabupaten Lahat','kabupaten-lahat',NULL,NULL,NULL),(230,3,13,1,'Kabupaten Muara Enim','kabupaten-muara-enim',NULL,NULL,NULL),(231,3,13,1,'Kabupaten Musi Banyuasin','kabupaten-musi-banyuasin',NULL,NULL,NULL),(232,3,13,1,'Kabupaten Musi Rawas','kabupaten-musi-rawas',NULL,NULL,NULL),(233,3,13,1,'Kabupaten Musi Rawas Utara','kabupaten-musi-rawas-utara',NULL,NULL,NULL),(234,3,13,1,'Kabupaten Ogan Ilir','kabupaten-ogan-ilir',NULL,NULL,NULL),(235,3,13,1,'Kabupaten Ogan Komering Ilir','kabupaten-ogan-komering-ilir',NULL,NULL,NULL),(236,3,13,1,'Kabupaten Ogan Komering Ulu','kabupaten-ogan-komering-ulu',NULL,NULL,NULL),(237,3,13,1,'Kabupaten Ogan Komering Ulu Selatan','kabupaten-ogan-komering-ulu-selatan',NULL,NULL,NULL),(238,3,13,1,'Kabupaten Ogan Komering Ulu Timur','kabupaten-ogan-komering-ulu-timur',NULL,NULL,NULL),(239,3,13,1,'Kabupaten Penukal Abab Lematang Ilir','kabupaten-penukal-abab-lematang-ilir',NULL,NULL,NULL),(240,3,13,1,'Kota Lubuk Linggau','kota-lubuk-linggau',NULL,NULL,NULL),(241,3,13,1,'Kota Pagaralam','kota-pagaralam',NULL,NULL,NULL),(242,3,13,1,'Kota Palembang','kota-palembang',NULL,NULL,NULL),(243,3,13,1,'Kota Prabumulih','kota-prabumulih',NULL,NULL,NULL),(244,3,14,1,'Kabupaten Lampung Barat','kabupaten-lampung-barat',NULL,NULL,NULL),(245,3,14,1,'Kabupaten Lampung Selatan','kabupaten-lampung-selatan',NULL,NULL,NULL),(246,3,14,1,'Kabupaten Lampung Tengah','kabupaten-lampung-tengah',NULL,NULL,NULL),(247,3,14,1,'Kabupaten Lampung Timur','kabupaten-lampung-timur',NULL,NULL,NULL),(248,3,14,1,'Kabupaten Lampung Utara','kabupaten-lampung-utara',NULL,NULL,NULL),(249,3,14,1,'Kabupaten Mesuji','kabupaten-mesuji',NULL,NULL,NULL),(250,3,14,1,'Kabupaten Pesawaran','kabupaten-pesawaran',NULL,NULL,NULL),(251,3,14,1,'Kabupaten Pesisir Barat','kabupaten-pesisir-barat',NULL,NULL,NULL),(252,3,14,1,'Kabupaten Pringsewu','kabupaten-pringsewu',NULL,NULL,NULL),(253,3,14,1,'Kabupaten Tanggamus','kabupaten-tanggamus',NULL,NULL,NULL),(254,3,14,1,'Kabupaten Tulang Bawang','kabupaten-tulang-bawang',NULL,NULL,NULL),(255,3,14,1,'Kabupaten Tulang Bawang Barat','kabupaten-tulang-bawang-barat',NULL,NULL,NULL),(256,3,14,1,'Kabupaten Way Kanan','kabupaten-way-kanan',NULL,NULL,NULL),(257,3,14,1,'Kota Bandar Lampung','kota-bandar-lampung',NULL,NULL,NULL),(258,3,14,1,'Kota Metro','kota-metro',NULL,NULL,NULL),(259,4,15,1,'Kabupaten Bengkayang','kabupaten-bengkayang',NULL,NULL,NULL),(260,4,15,1,'Kabupaten Kapuas Hulu','kabupaten-kapuas-hulu',NULL,NULL,NULL),(261,4,15,1,'Kabupaten Kayong Utara','kabupaten-kayong-utara',NULL,NULL,NULL),(262,4,15,1,'Kabupaten Ketapang','kabupaten-ketapang',NULL,NULL,NULL),(263,4,15,1,'Kabupaten Kubu Raya','kabupaten-kubu-raya',NULL,NULL,NULL),(264,4,15,1,'Kabupaten Landak','kabupaten-landak',NULL,NULL,NULL),(265,4,15,1,'Kabupaten Melawi','kabupaten-melawi',NULL,NULL,NULL),(266,4,15,1,'Kabupaten Mempawah','kabupaten-mempawah',NULL,NULL,NULL),(267,4,15,1,'Kabupaten Sambas','kabupaten-sambas',NULL,NULL,NULL),(268,4,15,1,'Kabupaten Sanggau','kabupaten-sanggau',NULL,NULL,NULL),(269,4,15,1,'Kabupaten Sekadau','kabupaten-sekadau',NULL,NULL,NULL),(270,4,15,1,'Kabupaten Sintang','kabupaten-sintang',NULL,NULL,NULL),(271,4,15,1,'Kota Pontianak','kota-pontianak',NULL,NULL,NULL),(272,4,15,1,'Kota Singkawang','kota-singkawang',NULL,NULL,NULL),(273,4,16,1,'Kabupaten Barito Selatan','kabupaten-barito-selatan',NULL,NULL,NULL),(274,4,16,1,'Kabupaten Barito Timur','kabupaten-barito-timur',NULL,NULL,NULL),(275,4,16,1,'Kabupaten Barito Utara','kabupaten-barito-utara',NULL,NULL,NULL),(276,4,16,1,'Kabupaten Gunung Mas','kabupaten-gunung-mas',NULL,NULL,NULL),(277,4,16,1,'Kabupaten Kapuas','kabupaten-kapuas',NULL,NULL,NULL),(278,4,16,1,'Kabupaten Katingan','kabupaten-katingan',NULL,NULL,NULL),(279,4,16,1,'Kabupaten Kotawaringin Barat','kabupaten-kotawaringin-barat',NULL,NULL,NULL),(280,4,16,1,'Kabupaten Kotawaringin Timur','kabupaten-kotawaringin-timur',NULL,NULL,NULL),(281,4,16,1,'Kabupaten Lamandau','kabupaten-lamandau',NULL,NULL,NULL),(282,4,16,1,'Kabupaten Murung Raya','kabupaten-murung-raya',NULL,NULL,NULL),(283,4,16,1,'Kabupaten Pulang Pisau','kabupaten-pulang-pisau',NULL,NULL,NULL),(284,4,16,1,'Kabupaten Seruyan','kabupaten-seruyan',NULL,NULL,NULL),(285,4,16,1,'Kabupaten Sukamara','kabupaten-sukamara',NULL,NULL,NULL),(286,4,16,1,'Kota Palangka Raya','kota-palangka-raya',NULL,NULL,NULL),(287,4,17,1,'Kabupaten Balangan','kabupaten-balangan',NULL,NULL,NULL),(288,4,17,1,'Kabupaten Banjar','kabupaten-banjar',NULL,NULL,NULL),(289,4,17,1,'Kabupaten Barito Kuala','kabupaten-barito-kuala',NULL,NULL,NULL),(290,4,17,1,'Kabupaten Hulu Sungai Selatan','kabupaten-hulu-sungai-selatan',NULL,NULL,NULL),(291,4,17,1,'Kabupaten Hulu Sungai Tengah','kabupaten-hulu-sungai-tengah',NULL,NULL,NULL),(292,4,17,1,'Kabupaten Hulu Sungai Utara','kabupaten-hulu-sungai-utara',NULL,NULL,NULL),(293,4,17,1,'Kabupaten Kotabaru','kabupaten-kotabaru',NULL,NULL,NULL),(294,4,17,1,'Kabupaten Tabalong','kabupaten-tabalong',NULL,NULL,NULL),(295,4,17,1,'Kabupaten Tanah Bumbu','kabupaten-tanah-bumbu',NULL,NULL,NULL),(296,4,17,1,'Kabupaten Tanah Laut','kabupaten-tanah-laut',NULL,NULL,NULL),(297,4,17,1,'Kabupaten Tapin','kabupaten-tapin',NULL,NULL,NULL),(298,4,17,1,'Kota Banjarbaru','kota-banjarbaru',NULL,NULL,NULL),(299,4,17,1,'Kota Banjarmasin','kota-banjarmasin',NULL,NULL,NULL),(300,4,18,1,'Kabupaten Berau','kabupaten-berau',NULL,NULL,NULL),(301,4,18,1,'Kabupaten Kutai Barat','kabupaten-kutai-barat',NULL,NULL,NULL),(302,4,18,1,'Kabupaten Kutai Kartanegara','kabupaten-kutai-kartanegara',NULL,NULL,NULL),(303,4,18,1,'Kabupaten Kutai Timur','kabupaten-kutai-timur',NULL,NULL,NULL),(304,4,18,1,'Kabupaten Mahakam Ulu','kabupaten-mahakam-ulu',NULL,NULL,NULL),(305,4,18,1,'Kabupaten Paser','kabupaten-paser',NULL,NULL,NULL),(306,4,18,1,'Kabupaten Penajam Paser Utara','kabupaten-penajam-paser-utara',NULL,NULL,NULL),(307,4,18,1,'Kota Balikpapan','kota-balikpapan',NULL,NULL,NULL),(308,4,18,1,'Kota Bontang','kota-bontang',NULL,NULL,NULL),(309,4,18,1,'Kota Samarinda','kota-samarinda',NULL,NULL,NULL),(310,4,17,1,'Kabupaten Bulungan','kabupaten-bulungan',NULL,NULL,NULL),(311,4,17,1,'Kabupaten Malinau','kabupaten-malinau',NULL,NULL,NULL),(312,4,17,1,'Kabupaten Nunukan','kabupaten-nunukan',NULL,NULL,NULL),(313,4,17,1,'Kabupaten Tana Tidung','kabupaten-tana-tidung',NULL,NULL,NULL),(314,4,17,1,'Kota Tarakan','kota-tarakan',NULL,NULL,NULL),(315,5,19,2,'Kabupaten Bolaang Mongondow','kabupaten-bolaang-mongondow',NULL,NULL,NULL),(316,5,19,2,'Kabupaten Bolaang Mongondow Selatan','kabupaten-bolaang-mongondow-selatan',NULL,NULL,NULL),(317,5,19,2,'Kabupaten Bolaang Mongondow Timur','kabupaten-bolaang-mongondow-timur',NULL,NULL,NULL),(318,5,19,2,'Kabupaten Bolaang Mongondow Utara','kabupaten-bolaang-mongondow-utara',NULL,NULL,NULL),(319,5,19,2,'Kabupaten Kepulauan Sangihe','kabupaten-kepulauan-sangihe',NULL,NULL,NULL),(320,5,19,2,'Kabupaten Kepulauan Siau Tagulandang Biaro','kabupaten-kepulauan-siau-tagulandang-biaro',NULL,NULL,NULL),(321,5,19,2,'Kabupaten Kepulauan Talaud','kabupaten-kepulauan-talaud',NULL,NULL,NULL),(322,5,19,2,'Kabupaten Minahasa','kabupaten-minahasa',NULL,NULL,NULL),(323,5,19,2,'Kabupaten Minahasa Selatan','kabupaten-minahasa-selatan',NULL,NULL,NULL),(324,5,19,2,'Kabupaten Minahasa Tenggara','kabupaten-minahasa-tenggara',NULL,NULL,NULL),(325,5,19,2,'Kabupaten Minahasa Utara','kabupaten-minahasa-utara',NULL,NULL,NULL),(326,5,19,2,'Kota Bitung','kota-bitung',NULL,NULL,NULL),(327,5,19,2,'Kota Kotamobagu','kota-kotamobagu',NULL,NULL,NULL),(328,5,19,2,'Kota Manado','kota-manado',NULL,NULL,NULL),(329,5,19,2,'Kota Tomohon','kota-tomohon',NULL,NULL,NULL),(330,5,20,2,'Kabupaten Banggai','kabupaten-banggai',NULL,NULL,NULL),(331,5,20,2,'Kabupaten Banggai Kepulauan','kabupaten-banggai-kepulauan',NULL,NULL,NULL),(332,5,20,2,'Kabupaten Banggai Laut','kabupaten-banggai-laut',NULL,NULL,NULL),(333,5,20,2,'Kabupaten Buol','kabupaten-buol',NULL,NULL,NULL),(334,5,20,2,'Kabupaten Donggala','kabupaten-donggala',NULL,NULL,NULL),(335,5,20,2,'Kabupaten Morowali','kabupaten-morowali',NULL,NULL,NULL),(336,5,20,2,'Kabupaten Morowali Utara','kabupaten-morowali-utara',NULL,NULL,NULL),(337,5,20,2,'Kabupaten Parigi Moutong','kabupaten-parigi-moutong',NULL,NULL,NULL),(338,5,20,2,'Kabupaten Poso','kabupaten-poso',NULL,NULL,NULL),(339,5,20,2,'Kabupaten Sigi','kabupaten-sigi',NULL,NULL,NULL),(340,5,20,2,'Kabupaten Tojo Una-Una','kabupaten-tojo-una-una',NULL,NULL,NULL),(341,5,20,2,'Kabupaten Tolitoli','kabupaten-tolitoli',NULL,NULL,NULL),(342,5,20,2,'Kota Palu','kota-palu',NULL,NULL,NULL),(343,5,21,2,'Kabupaten Bantaeng','kabupaten-bantaeng',NULL,NULL,NULL),(344,5,21,2,'Kabupaten Barru','kabupaten-barru',NULL,NULL,NULL),(345,5,21,2,'Kabupaten Bone','kabupaten-bone',NULL,NULL,NULL),(346,5,21,2,'Kabupaten Bulukumba','kabupaten-bulukumba',NULL,NULL,NULL),(347,5,21,2,'Kabupaten Enrekang','kabupaten-enrekang',NULL,NULL,NULL),(348,5,21,2,'Kabupaten Gowa','kabupaten-gowa',NULL,NULL,NULL),(349,5,21,2,'Kabupaten Jeneponto','kabupaten-jeneponto',NULL,NULL,NULL),(350,5,21,2,'Kabupaten Kepulauan Selayar','kabupaten-kepulauan-selayar',NULL,NULL,NULL),(351,5,21,2,'Kabupaten Luwu','kabupaten-luwu',NULL,NULL,NULL),(352,5,21,2,'Kabupaten Luwu Timur','kabupaten-luwu-timur',NULL,NULL,NULL),(353,5,21,2,'Kabupaten Luwu Utara','kabupaten-luwu-utara',NULL,NULL,NULL),(354,5,21,2,'Kabupaten Maros','kabupaten-maros',NULL,NULL,NULL),(355,5,21,2,'Kabupaten Pangkajene dan Kepulauan','kabupaten-pangkajene-dan-kepulauan',NULL,NULL,NULL),(356,5,21,2,'Kabupaten Pinrang','kabupaten-pinrang',NULL,NULL,NULL),(357,5,21,2,'Kabupaten Sidenreng Rappang','kabupaten-sidenreng-rappang',NULL,NULL,NULL),(358,5,21,2,'Kabupaten Sinjai','kabupaten-sinjai',NULL,NULL,NULL),(359,5,21,2,'Kabupaten Soppeng','kabupaten-soppeng',NULL,NULL,NULL),(360,5,21,2,'Kabupaten Takalar','kabupaten-takalar',NULL,NULL,NULL),(361,5,21,2,'Kabupaten Tana Toraja','kabupaten-tana-toraja',NULL,NULL,NULL),(362,5,21,2,'Kabupaten Toraja Utara','kabupaten-toraja-utara',NULL,NULL,NULL),(363,5,21,2,'Kabupaten Wajo','kabupaten-wajo',NULL,NULL,NULL),(364,5,21,2,'Kota Makassar','kota-makassar',NULL,NULL,NULL),(365,5,21,2,'Kota Parepare','kota-parepare',NULL,NULL,NULL),(366,5,21,2,'Kota Palopo','kota-palopo',NULL,NULL,NULL),(367,5,20,2,'Kabupaten Bombana','kabupaten-bombana',NULL,NULL,NULL),(368,5,20,2,'Kabupaten Buton','kabupaten-buton',NULL,NULL,NULL),(369,5,20,2,'Kabupaten Buton Selatan','kabupaten-buton-selatan',NULL,NULL,NULL),(370,5,20,2,'Kabupaten Buton Tengah','kabupaten-buton-tengah',NULL,NULL,NULL),(371,5,20,2,'Kabupaten Buton Utara','kabupaten-buton-utara',NULL,NULL,NULL),(372,5,20,2,'Kabupaten Kolaka','kabupaten-kolaka',NULL,NULL,NULL),(373,5,20,2,'Kabupaten Kolaka Timur','kabupaten-kolaka-timur',NULL,NULL,NULL),(374,5,20,2,'Kabupaten Kolaka Utara','kabupaten-kolaka-utara',NULL,NULL,NULL),(375,5,20,2,'Kabupaten Konawe','kabupaten-konawe',NULL,NULL,NULL),(376,5,20,2,'Kabupaten Konawe Kepulauan','kabupaten-konawe-kepulauan',NULL,NULL,NULL),(377,5,20,2,'Kabupaten Konawe Selatan','kabupaten-konawe-selatan',NULL,NULL,NULL),(378,5,20,2,'Kabupaten Konawe Utara','kabupaten-konawe-utara',NULL,NULL,NULL),(379,5,20,2,'Kabupaten Muna','kabupaten-muna',NULL,NULL,NULL),(380,5,20,2,'Kabupaten Muna Barat','kabupaten-muna-barat',NULL,NULL,NULL),(381,5,20,2,'Kabupaten Wakatobi','kabupaten-wakatobi',NULL,NULL,NULL),(382,5,20,2,'Kota Baubau','kota-baubau',NULL,NULL,NULL),(383,5,20,2,'Kota Kendari','kota-kendari',NULL,NULL,NULL),(384,5,22,2,'Kabupaten Boalemo','kabupaten-boalemo',NULL,NULL,NULL),(385,5,22,2,'Kabupaten Bone Bolango','kabupaten-bone-bolango',NULL,NULL,NULL),(386,5,22,2,'Kabupaten Gorontalo','kabupaten-gorontalo',NULL,NULL,NULL),(387,5,22,2,'Kabupaten Gorontalo Utara','kabupaten-gorontalo-utara',NULL,NULL,NULL),(388,5,22,2,'Kabupaten Pohuwato','kabupaten-pohuwato',NULL,NULL,NULL),(389,5,22,2,'Kota Gorontalo','kota-gorontalo',NULL,NULL,NULL),(390,5,23,2,'Kabupaten Majene','kabupaten-majene',NULL,NULL,NULL),(391,5,23,2,'Kabupaten Mamasa','kabupaten-mamasa',NULL,NULL,NULL),(392,5,23,2,'Kabupaten Mamuju','kabupaten-mamuju',NULL,NULL,NULL),(393,5,23,2,'Kabupaten Mamuju Tengah','kabupaten-mamuju-tengah',NULL,NULL,NULL),(394,5,23,2,'Kabupaten Pasangkayu','kabupaten-pasangkayu',NULL,NULL,NULL),(395,5,23,2,'Kabupaten Polewali Mandar','kabupaten-polewali-mandar',NULL,NULL,NULL),(396,6,24,2,'Kabupaten Halmahera Barat','kabupaten-halmahera-barat',NULL,NULL,NULL),(397,6,24,2,'Kabupaten Halmahera Selatan','kabupaten-halmahera-selatan',NULL,NULL,NULL),(398,6,24,2,'Kabupaten Halmahera Tengah','kabupaten-halmahera-tengah',NULL,NULL,NULL),(399,6,24,2,'Kabupaten Halmahera Timur','kabupaten-halmahera-timur',NULL,NULL,NULL),(400,6,24,2,'Kabupaten Halmahera Utara','kabupaten-halmahera-utara',NULL,NULL,NULL),(401,6,24,2,'Kabupaten Kepulauan Sula','kabupaten-kepulauan-sula',NULL,NULL,NULL),(402,6,24,2,'Kabupaten Pulau Morotai','kabupaten-pulau-morotai',NULL,NULL,NULL),(403,6,24,2,'Kabupaten Pulau Taliabu','kabupaten-pulau-taliabu',NULL,NULL,NULL),(404,6,24,2,'Kota Ternate','kota-ternate',NULL,NULL,NULL),(405,6,24,2,'Kota Tidore Kepulauan','kota-tidore-kepulauan',NULL,NULL,NULL),(406,7,25,2,'Kabupaten Biak Numfor','kabupaten-biak-numfor',NULL,NULL,NULL),(407,7,25,2,'Kabupaten Jayapura','kabupaten-jayapura',NULL,NULL,NULL),(408,7,25,2,'Kabupaten Keerom','kabupaten-keerom',NULL,NULL,NULL),(409,7,25,2,'Kabupaten Kepulauan Yapen','kabupaten-kepulauan-yapen',NULL,NULL,NULL),(410,7,25,2,'Kabupaten Mamberamo Raya','kabupaten-mamberamo-raya',NULL,NULL,NULL),(411,7,25,2,'Kabupaten Sarmi','kabupaten-sarmi',NULL,NULL,NULL),(412,7,25,2,'Kabupaten Supiori','kabupaten-supiori',NULL,NULL,NULL),(413,7,25,2,'Kabupaten Waropen','kabupaten-waropen',NULL,NULL,NULL),(414,7,25,2,'Kota Jayapura','kota-jayapura',NULL,NULL,NULL),(415,7,26,2,'Kabupaten Fakfak','kabupaten-fakfak',NULL,NULL,NULL),(416,7,26,2,'Kabupaten Kaimana','kabupaten-kaimana',NULL,NULL,NULL),(417,7,26,2,'Kabupaten Manokwari','kabupaten-manokwari',NULL,NULL,NULL),(418,7,26,2,'Kabupaten Manokwari Selatan','kabupaten-manokwari-selatan',NULL,NULL,NULL),(419,7,26,2,'Kabupaten Pegunungan Arfak','kabupaten-pegunungan-arfak',NULL,NULL,NULL),(420,7,26,2,'Kabupaten Teluk Bintuni','kabupaten-teluk-bintuni',NULL,NULL,NULL),(421,7,26,2,'Kabupaten Teluk Wondama','kabupaten-teluk-wondama',NULL,NULL,NULL),(422,7,27,2,'Kabupaten Asmat','kabupaten-asmat',NULL,NULL,NULL),(423,7,27,2,'Kabupaten Boven Digoel','kabupaten-boven-digoel',NULL,NULL,NULL),(424,7,27,2,'Kabupaten Mappi','kabupaten-mappi',NULL,NULL,NULL),(425,7,27,2,'Kabupaten Merauke','kabupaten-merauke',NULL,NULL,NULL),(426,7,28,2,'Kabupaten Deiyai','kabupaten-deiyai',NULL,NULL,NULL),(427,7,28,2,'Kabupaten Dogiyai','kabupaten-dogiyai',NULL,NULL,NULL),(428,7,28,2,'Kabupaten Intan Jaya','kabupaten-intan-jaya',NULL,NULL,NULL),(429,7,28,2,'Kabupaten Mimika','kabupaten-mimika',NULL,NULL,NULL),(430,7,28,2,'Kabupaten Nabire','kabupaten-nabire',NULL,NULL,NULL),(431,7,28,2,'Kabupaten Paniai','kabupaten-paniai',NULL,NULL,NULL),(432,7,28,2,'Kabupaten Puncak','kabupaten-puncak',NULL,NULL,NULL),(433,7,28,2,'Kabupaten Puncak Jaya','kabupaten-puncak-jaya',NULL,NULL,NULL),(434,7,29,2,'Kabupaten Jayawijaya','kabupaten-jayawijaya',NULL,NULL,NULL),(435,7,29,2,'Kabupaten Lanny Jaya','kabupaten-lanny-jaya',NULL,NULL,NULL),(436,7,29,2,'Kabupaten Mamberamo Tengah','kabupaten-mamberamo-tengah',NULL,NULL,NULL),(437,7,29,2,'Kabupaten Nduga','kabupaten-nduga',NULL,NULL,NULL),(438,7,29,2,'Kabupaten Pegunungan Bintang','kabupaten-pegunungan-bintang',NULL,NULL,NULL),(439,7,29,2,'Kabupaten Tolikara','kabupaten-tolikara',NULL,NULL,NULL),(440,7,29,2,'Kabupaten Yalimo','kabupaten-yalimo',NULL,NULL,NULL),(441,7,29,2,'Kabupaten Yahukimo','kabupaten-yahukimo',NULL,NULL,NULL),(442,7,30,2,'Kabupaten Maybrat','kabupaten-maybrat',NULL,NULL,NULL),(443,7,30,2,'Kabupaten Raja Ampat','kabupaten-raja-ampat',NULL,NULL,NULL),(444,7,30,2,'Kabupaten Sorong','kabupaten-sorong',NULL,NULL,NULL),(445,7,30,2,'Kabupaten Sorong Selatan','kabupaten-sorong-selatan',NULL,NULL,NULL),(446,7,30,2,'Kabupaten Tambrauw','kabupaten-tambrauw',NULL,NULL,NULL),(447,7,30,3,'Kota Sorong','kota-sorong',NULL,NULL,NULL),(448,8,31,3,'Kabupaten Bima','kabupaten-bima',NULL,NULL,NULL),(449,8,31,3,'Kabupaten Dompu','kabupaten-dompu',NULL,NULL,NULL),(450,8,31,3,'Kabupaten Lombok Barat','kabupaten-lombok-barat',NULL,NULL,NULL),(451,8,31,3,'Kabupaten Lombok Tengah','kabupaten-lombok-tengah',NULL,NULL,NULL),(452,8,31,3,'Kabupaten Lombok Timur','kabupaten-lombok-timur',NULL,NULL,NULL),(453,8,31,3,'Kabupaten Lombok Utara','kabupaten-lombok-utara',NULL,NULL,NULL),(454,8,31,3,'Kabupaten Sumbawa','kabupaten-sumbawa',NULL,NULL,NULL),(455,8,31,3,'Kabupaten Sumbawa Barat','kabupaten-sumbawa-barat',NULL,NULL,NULL),(456,8,31,3,'Kota Bima','kota-bima',NULL,NULL,NULL),(457,8,31,3,'Kota Mataram','kota-mataram',NULL,NULL,NULL),(458,8,32,3,'Kabupaten Alor','kabupaten-alor',NULL,'2025-08-11 15:37:48',NULL),(459,8,32,3,'Kabupaten Belu','kabupaten-belu',NULL,'2025-08-11 15:38:09',NULL),(460,8,32,3,'Kabupaten Ende','kabupaten-ende',NULL,'2025-08-11 15:38:42',NULL),(461,8,32,3,'Kabupaten Flores Timur','kabupaten-flores-timur',NULL,'2025-08-11 15:39:16',NULL),(462,8,32,3,'Kabupaten Kupang','kabupaten-kupang',NULL,'2025-08-11 15:39:46',NULL),(463,8,32,3,'Kabupaten Lembata','kabupaten-lembata',NULL,'2025-08-11 15:41:08',NULL),(464,8,32,3,'Kabupaten Malaka','kabupaten-malaka',NULL,'2025-08-11 15:41:27',NULL),(465,8,32,2,'Kabupaten Manggarai','kabupaten-manggarai',NULL,NULL,NULL),(466,8,32,3,'Kabupaten Manggarai Barat','kabupaten-manggarai-barat',NULL,'2025-08-11 15:43:07',NULL),(467,8,32,3,'Kabupaten Manggarai Timur','kabupaten-manggarai-timur',NULL,'2025-08-11 15:42:06',NULL),(468,8,32,3,'Kabupaten Nagekeo','kabupaten-nagekeo',NULL,'2025-08-11 15:44:20',NULL),(469,8,32,2,'Kabupaten Ngada','kabupaten-ngada',NULL,NULL,NULL),(470,8,32,3,'Kabupaten Rote Ndao','kabupaten-rote-ndao',NULL,'2025-08-11 15:45:10',NULL),(471,8,32,2,'Kabupaten Sabu Raijua','kabupaten-sabu-raijua',NULL,NULL,NULL),(472,8,32,3,'Kabupaten Sikka','kabupaten-sikka',NULL,'2025-08-11 15:45:36',NULL),(473,8,32,2,'Kabupaten Sumba Barat','kabupaten-sumba-barat',NULL,NULL,NULL),(474,8,32,3,'Kabupaten Sumba Barat Daya','kabupaten-sumba-barat-daya',NULL,'2025-08-11 15:46:11',NULL),(475,8,32,2,'Kabupaten Sumba Tengah','kabupaten-sumba-tengah',NULL,NULL,NULL),(476,8,32,3,'Kabupaten Sumba Timur','kabupaten-sumba-timur',NULL,'2025-08-11 15:46:49',NULL),(477,8,32,2,'Kabupaten Timor Tengah Selatan','kabupaten-timor-tengah-selatan',NULL,NULL,NULL),(478,8,32,3,'Kabupaten Timor Tengah Utara','kabupaten-timor-tengah-utara',NULL,'2025-08-11 15:47:18',NULL),(479,8,32,3,'Kota Kupang','kota-kupang',NULL,NULL,NULL),(480,5,20,2,'Sulawesi Tenggara','Sulawesi_Tenggara','2025-07-15 11:37:05','2025-07-15 11:37:05',NULL),(481,3,33,1,'Belitunng','BLT','2025-08-01 13:35:56','2025-08-01 13:35:56',NULL),(482,3,33,1,'Pangkal Pinang','PKP','2025-08-01 13:36:23','2025-08-01 13:36:23',NULL),(483,3,13,1,'Kota Bengkulu','KBL','2025-08-01 13:38:12','2025-08-01 13:38:12',NULL);
/*!40000 ALTER TABLE `ref_regions` ENABLE KEYS */;
UNLOCK TABLES;

--
-- Table structure for table `user_activity_logs`
--

DROP TABLE IF EXISTS `user_activity_logs`;
/*!40101 SET @saved_cs_client     = @@character_set_client */;
/*!50503 SET character_set_client = utf8mb4 */;
CREATE TABLE `user_activity_logs` (
  `id` bigint unsigned NOT NULL AUTO_INCREMENT,
  `user_id` bigint unsigned DEFAULT NULL,
  `action` varchar(255) COLLATE utf8mb4_unicode_ci NOT NULL,
  `model_type` varchar(255) COLLATE utf8mb4_unicode_ci DEFAULT NULL,
  `model_id` bigint unsigned DEFAULT NULL,
  `description` text COLLATE utf8mb4_unicode_ci,
  `data` json DEFAULT NULL,
  `ip_address` varchar(255) COLLATE utf8mb4_unicode_ci DEFAULT NULL,
  `user_agent` varchar(255) COLLATE utf8mb4_unicode_ci DEFAULT NULL,
  `created_at` timestamp NULL DEFAULT NULL,
  `updated_at` timestamp NULL DEFAULT NULL,
  PRIMARY KEY (`id`),
  KEY `user_activity_logs_user_id_foreign` (`user_id`),
  CONSTRAINT `user_activity_logs_user_id_foreign` FOREIGN KEY (`user_id`) REFERENCES `users` (`id`) ON DELETE SET NULL ON UPDATE CASCADE
) ENGINE=InnoDB AUTO_INCREMENT=156 DEFAULT CHARSET=utf8mb4 COLLATE=utf8mb4_unicode_ci;
/*!40101 SET character_set_client = @saved_cs_client */;

--
-- Dumping data for table `user_activity_logs`
--

LOCK TABLES `user_activity_logs` WRITE;
/*!40000 ALTER TABLE `user_activity_logs` DISABLE KEYS */;
INSERT INTO `user_activity_logs` VALUES (1,22,'create_lead','App\\Models\\Leads\\Lead',210,'Created new lead','{\"after\": {\"id\": 210, \"name\": \"Indo American Seafood\", \"email\": \"marketing@indoamericanseafoods.com\", \"needs\": \"Cold Room ( Ruang Pendingin )\", \"phone\": \"021721351211\", \"province\": \"Lampung\", \"branch_id\": 1, \"region_id\": 245, \"source_id\": 8, \"status_id\": 2, \"created_at\": \"2025-07-14T02:07:29.000000Z\", \"product_id\": 111, \"segment_id\": 1, \"updated_at\": \"2025-07-14T02:07:29.000000Z\", \"published_at\": \"2025-07-14 09:07:29\", \"first_sales_id\": null}}','172.68.234.147','Mozilla/5.0 (Windows NT 10.0; Win64; x64) AppleWebKit/537.36 (KHTML, like Gecko) Chrome/138.0.0.0 Safari/537.36','2025-07-14 09:07:29','2025-07-14 09:07:29'),(2,23,'create_lead','App\\Models\\Leads\\Lead',211,'Created new lead','{\"after\": {\"id\": 211, \"name\": \"Gabriel Aldi Silap\", \"email\": \"gabrielaldisilap@gmail.com\", \"needs\": \"Tube Ice ( Mesin Es Kristal Tabung )\", \"phone\": \"081384815441\", \"province\": \"Jawa Barat\", \"branch_id\": 1, \"region_id\": 32, \"source_id\": 8, \"status_id\": 2, \"created_at\": \"2025-07-14T02:14:11.000000Z\", \"product_id\": 1, \"segment_id\": 3, \"updated_at\": \"2025-07-14T02:14:11.000000Z\", \"published_at\": \"2025-07-14 09:14:11\", \"first_sales_id\": null}}','108.162.226.165','Mozilla/5.0 (Windows NT 10.0; Win64; x64) AppleWebKit/537.36 (KHTML, like Gecko) Chrome/138.0.0.0 Safari/537.36','2025-07-14 09:14:11','2025-07-14 09:14:11'),(3,23,'create_lead','App\\Models\\Leads\\Lead',212,'Created new lead','{\"after\": {\"id\": 212, \"name\": \"Edward Chandra\", \"email\": \"edwardchandra@gmail.com\", \"needs\": \"Tube Ice ( Mesin Es Kristal Tabung )\", \"phone\": \"08112226780\", \"province\": \"Jawa Barat\", \"branch_id\": 1, \"region_id\": 8, \"source_id\": 8, \"status_id\": 2, \"created_at\": \"2025-07-14T02:15:45.000000Z\", \"product_id\": 1, \"segment_id\": 3, \"updated_at\": \"2025-07-14T02:15:45.000000Z\", \"published_at\": \"2025-07-14 09:15:45\", \"first_sales_id\": null}}','108.162.227.10','Mozilla/5.0 (Windows NT 10.0; Win64; x64) AppleWebKit/537.36 (KHTML, like Gecko) Chrome/138.0.0.0 Safari/537.36','2025-07-14 09:15:45','2025-07-14 09:15:45'),(4,26,'update_lead','App\\Models\\Leads\\Lead',213,'Updated lead','{\"after\": {\"id\": 213, \"name\": \"Zidan\", \"email\": \"zidan@gmail.com\", \"needs\": \"Tube Ice ( Mesin Es Kristal Tabung )\", \"phone\": \"+62 822-7619-5480\", \"province\": \"Sumatera Utara\", \"branch_id\": 1, \"region_id\": 162, \"source_id\": 1, \"status_id\": 2, \"created_at\": \"2025-07-14T08:25:11.000000Z\", \"product_id\": null, \"segment_id\": 3, \"updated_at\": \"2025-07-14T08:27:09.000000Z\", \"published_at\": \"2025-07-14 15:25:11\", \"first_sales_id\": null}, \"before\": {\"id\": 213, \"name\": \"Zidan\", \"email\": \"zidan@gmail.com\", \"needs\": \"Tube Ice ( Mesin Es Kristal Tabung )\", \"phone\": \"+62 822-7619-5480\", \"province\": \"Sumatera Utara\", \"branch_id\": null, \"region_id\": 162, \"source_id\": 1, \"status_id\": 2, \"created_at\": \"2025-07-14T08:25:11.000000Z\", \"product_id\": null, \"segment_id\": 3, \"updated_at\": \"2025-07-14T08:26:19.000000Z\", \"published_at\": \"2025-07-14 15:25:11\", \"first_sales_id\": null}}','172.70.210.68','Mozilla/5.0 (Windows NT 10.0; Win64; x64) AppleWebKit/537.36 (KHTML, like Gecko) Chrome/138.0.0.0 Safari/537.36','2025-07-14 15:27:09','2025-07-14 15:27:09'),(5,23,'create_lead','App\\Models\\Leads\\Lead',218,'Created new lead','{\"after\": {\"id\": 218, \"name\": \"Ilham\", \"email\": \"ilham@gmail.com\", \"needs\": \"Tube Ice ( Mesin Es Kristal Tabung )\", \"phone\": \"0882010079420\", \"province\": \"Jawa Timur\", \"branch_id\": 3, \"region_id\": 95, \"source_id\": 8, \"status_id\": 2, \"created_at\": \"2025-07-14T08:42:38.000000Z\", \"product_id\": 2, \"segment_id\": 3, \"updated_at\": \"2025-07-14T08:42:38.000000Z\", \"published_at\": \"2025-07-14 15:42:38\", \"first_sales_id\": null}}','162.158.187.115','Mozilla/5.0 (Windows NT 10.0; Win64; x64) AppleWebKit/537.36 (KHTML, like Gecko) Chrome/138.0.0.0 Safari/537.36','2025-07-14 15:42:38','2025-07-14 15:42:38'),(6,22,'update_lead','App\\Models\\Leads\\Lead',210,'Updated lead','{\"after\": {\"id\": 210, \"name\": \"Indo American Seafood (Bapak Sulis)\", \"email\": \"marketing@indoamericanseafoods.com\", \"needs\": \"Cold Room ( Ruang Pendingin )\", \"phone\": \"021721351211\", \"province\": \"Lampung\", \"branch_id\": 1, \"region_id\": 245, \"source_id\": 8, \"status_id\": 2, \"created_at\": \"2025-07-14T02:07:29.000000Z\", \"product_id\": 111, \"segment_id\": 1, \"updated_at\": \"2025-07-15T02:30:02.000000Z\", \"published_at\": \"2025-07-14 09:07:29\", \"first_sales_id\": null}, \"before\": {\"id\": 210, \"name\": \"Indo American Seafood\", \"email\": \"marketing@indoamericanseafoods.com\", \"needs\": \"Cold Room ( Ruang Pendingin )\", \"phone\": \"021721351211\", \"province\": \"Lampung\", \"branch_id\": 1, \"region_id\": 245, \"source_id\": 8, \"status_id\": 2, \"created_at\": \"2025-07-14T02:07:29.000000Z\", \"product_id\": 111, \"segment_id\": 1, \"updated_at\": \"2025-07-14T02:07:29.000000Z\", \"published_at\": \"2025-07-14 09:07:29\", \"first_sales_id\": null}}','172.70.214.191','Mozilla/5.0 (Windows NT 10.0; Win64; x64) AppleWebKit/537.36 (KHTML, like Gecko) Chrome/138.0.0.0 Safari/537.36','2025-07-15 09:30:02','2025-07-15 09:30:02'),(7,26,'update_lead','App\\Models\\Leads\\Lead',219,'Updated lead','{\"after\": {\"id\": 219, \"name\": \"Joko\", \"email\": \"joko@gmail.com\", \"needs\": \"Tube Ice ( Mesin Es Kristal Tabung )\", \"phone\": \"+62 877-0505-7679\", \"province\": \"Kalimantan Barat\", \"branch_id\": 1, \"region_id\": 271, \"source_id\": 1, \"status_id\": 2, \"created_at\": \"2025-07-15T01:38:06.000000Z\", \"product_id\": null, \"segment_id\": 3, \"updated_at\": \"2025-07-15T03:24:37.000000Z\", \"published_at\": \"2025-07-15 08:38:06\", \"first_sales_id\": null}, \"before\": {\"id\": 219, \"name\": \"Joko\", \"email\": \"joko@gmail.com\", \"needs\": \"Tube Ice ( Mesin Es Kristal Tabung )\", \"phone\": \"+62 877-0505-7679\", \"province\": \"Kalimantan Barat\", \"branch_id\": null, \"region_id\": 271, \"source_id\": 1, \"status_id\": 2, \"created_at\": \"2025-07-15T01:38:06.000000Z\", \"product_id\": null, \"segment_id\": 3, \"updated_at\": \"2025-07-15T01:43:34.000000Z\", \"published_at\": \"2025-07-15 08:38:06\", \"first_sales_id\": null}}','162.158.190.40','Mozilla/5.0 (Windows NT 10.0; Win64; x64) AppleWebKit/537.36 (KHTML, like Gecko) Chrome/138.0.0.0 Safari/537.36','2025-07-15 10:24:37','2025-07-15 10:24:37'),(8,1,'create_region','App\\Models\\Masters\\Region',480,'Created new region','{\"after\": {\"id\": 480, \"code\": \"Sulawesi_Tenggara\", \"name\": \"Sulawesi Tenggara\", \"branch_id\": 2, \"created_at\": \"2025-07-15T04:37:05.000000Z\", \"deleted_at\": null, \"updated_at\": \"2025-07-15T04:37:05.000000Z\", \"province_id\": 20, \"regional_id\": 5}, \"before\": null}','162.158.186.94','Mozilla/5.0 (Macintosh; Intel Mac OS X 10_15_7) AppleWebKit/537.36 (KHTML, like Gecko) Chrome/138.0.0.0 Safari/537.36','2025-07-15 11:37:05','2025-07-15 11:37:05'),(9,1,'update_admin','App\\Models\\User',32,'Updated admin user','{\"after\": {\"id\": 32, \"nip\": \"328965\", \"name\": \"Deddy\", \"email\": \"sales.sby3@daxtro.com\", \"phone\": \"09280524125\", \"role_id\": 2, \"branch_id\": 3, \"company_id\": 2, \"created_at\": \"2025-07-10T06:38:53.000000Z\", \"created_by\": 1, \"deleted_at\": null, \"updated_at\": \"2025-07-15T08:05:30.000000Z\", \"updated_by\": 1}, \"before\": {\"id\": 32, \"nip\": \"328965\", \"name\": \"Deddy\", \"email\": \"sales.sby3@daxtro.com\", \"phone\": \"09280524125\", \"role_id\": 2, \"branch_id\": 3, \"company_id\": 2, \"created_at\": \"2025-07-10T06:38:53.000000Z\", \"created_by\": 1, \"deleted_at\": null, \"updated_at\": \"2025-07-10T06:38:53.000000Z\", \"updated_by\": 1}}','172.70.208.17','Mozilla/5.0 (Macintosh; Intel Mac OS X 10_15_7) AppleWebKit/537.36 (KHTML, like Gecko) Chrome/138.0.0.0 Safari/537.36','2025-07-15 15:05:30','2025-07-15 15:05:30'),(10,22,'create_lead','App\\Models\\Leads\\Lead',221,'Created new lead','{\"after\": {\"id\": 221, \"name\": \"Bapak Tanto\", \"email\": \"diceskw@gmail.com\", \"needs\": \"Tube Ice ( Mesin Es Kristal Tabung )\", \"phone\": \"0896-1060-5699\", \"province\": \"Kalimantan Barat\", \"branch_id\": 1, \"region_id\": 272, \"source_id\": 8, \"status_id\": 2, \"created_at\": \"2025-07-16T01:23:12.000000Z\", \"product_id\": 1, \"segment_id\": 3, \"updated_at\": \"2025-07-16T01:23:12.000000Z\", \"published_at\": \"2025-07-16 08:23:12\", \"first_sales_id\": null}}','172.68.242.22','Mozilla/5.0 (Windows NT 10.0; Win64; x64) AppleWebKit/537.36 (KHTML, like Gecko) Chrome/138.0.0.0 Safari/537.36','2025-07-16 08:23:12','2025-07-16 08:23:12'),(11,22,'create_lead','App\\Models\\Leads\\Lead',222,'Created new lead','{\"after\": {\"id\": 222, \"name\": \"Bapak Tri\", \"email\": \"nurarmi31@gmail.com\", \"needs\": \"Tube Ice ( Mesin Es Kristal Tabung )\", \"phone\": \"0856-4346-1950\", \"province\": \"Banten\", \"branch_id\": 1, \"region_id\": 81, \"source_id\": 8, \"status_id\": 2, \"created_at\": \"2025-07-16T01:40:25.000000Z\", \"product_id\": 6, \"segment_id\": 3, \"updated_at\": \"2025-07-16T01:40:25.000000Z\", \"published_at\": \"2025-07-16 08:40:25\", \"first_sales_id\": null}}','172.71.82.105','Mozilla/5.0 (Windows NT 10.0; Win64; x64) AppleWebKit/537.36 (KHTML, like Gecko) Chrome/138.0.0.0 Safari/537.36','2025-07-16 08:40:25','2025-07-16 08:40:25'),(12,1,'update_lead','App\\Models\\Leads\\Lead',225,'Updated lead','{\"after\": {\"id\": 225, \"name\": \"Yayan\", \"email\": \"yayan@gmail.com\", \"needs\": \"Tube Ice ( Mesin Es Kristal Tabung )\", \"phone\": \"081229999023\", \"province\": \"Jawa Barat\", \"branch_id\": 1, \"region_id\": 16, \"source_id\": 1, \"status_id\": 1, \"created_at\": \"2025-07-16T02:09:54.000000Z\", \"product_id\": null, \"segment_id\": 3, \"updated_at\": \"2025-07-16T02:11:13.000000Z\", \"published_at\": \"2025-07-16 09:09:54\", \"first_sales_id\": null}, \"before\": {\"id\": 225, \"name\": \"Yayan\", \"email\": \"yayan@gmail.com\", \"needs\": \"Tube Ice ( Mesin Es Kristal Tabung )\", \"phone\": \"081229999023\", \"province\": \"Jawa Barat\", \"branch_id\": null, \"region_id\": 16, \"source_id\": 1, \"status_id\": 1, \"created_at\": \"2025-07-16T02:09:54.000000Z\", \"product_id\": null, \"segment_id\": 1, \"updated_at\": \"2025-07-16T02:09:54.000000Z\", \"published_at\": \"2025-07-16 09:09:54\", \"first_sales_id\": null}}','162.158.108.140','Mozilla/5.0 (Windows NT 10.0; Win64; x64) AppleWebKit/537.36 (KHTML, like Gecko) Chrome/138.0.0.0 Safari/537.36','2025-07-16 09:11:13','2025-07-16 09:11:13'),(13,1,'update_lead','App\\Models\\Leads\\Lead',224,'Updated lead','{\"after\": {\"id\": 224, \"name\": \"Yayan\", \"email\": \"yayan@gmail.com\", \"needs\": \"Tube Ice ( Mesin Es Kristal Tabung )\", \"phone\": \"081229999023\", \"province\": \"Jawa Barat\", \"branch_id\": 1, \"region_id\": 16, \"source_id\": 1, \"status_id\": 1, \"created_at\": \"2025-07-16T02:09:54.000000Z\", \"product_id\": null, \"segment_id\": 3, \"updated_at\": \"2025-07-16T02:11:28.000000Z\", \"published_at\": \"2025-07-16 09:09:54\", \"first_sales_id\": null}, \"before\": {\"id\": 224, \"name\": \"Yayan\", \"email\": \"yayan@gmail.com\", \"needs\": \"Tube Ice ( Mesin Es Kristal Tabung )\", \"phone\": \"081229999023\", \"province\": \"Jawa Barat\", \"branch_id\": null, \"region_id\": 16, \"source_id\": 1, \"status_id\": 1, \"created_at\": \"2025-07-16T02:09:54.000000Z\", \"product_id\": null, \"segment_id\": 1, \"updated_at\": \"2025-07-16T02:09:54.000000Z\", \"published_at\": \"2025-07-16 09:09:54\", \"first_sales_id\": null}}','162.158.108.140','Mozilla/5.0 (Windows NT 10.0; Win64; x64) AppleWebKit/537.36 (KHTML, like Gecko) Chrome/138.0.0.0 Safari/537.36','2025-07-16 09:11:28','2025-07-16 09:11:28'),(14,23,'create_lead','App\\Models\\Leads\\Lead',226,'Created new lead','{\"after\": {\"id\": 226, \"name\": \"Sukamto\", \"email\": \"sukamto@gmail.com\", \"needs\": \"Tube Ice ( Mesin Es Kristal Tabung )\", \"phone\": \"081250961845\", \"province\": \"Kalimantan Tengah\", \"branch_id\": 1, \"region_id\": 293, \"source_id\": 8, \"status_id\": 2, \"created_at\": \"2025-07-16T02:32:22.000000Z\", \"product_id\": 1, \"segment_id\": 3, \"updated_at\": \"2025-07-16T02:32:22.000000Z\", \"published_at\": \"2025-07-16 09:32:22\", \"first_sales_id\": null}}','172.70.207.180','Mozilla/5.0 (Windows NT 10.0; Win64; x64) AppleWebKit/537.36 (KHTML, like Gecko) Chrome/138.0.0.0 Safari/537.36','2025-07-16 09:32:22','2025-07-16 09:32:22'),(15,24,'create_lead','App\\Models\\Leads\\Lead',227,'Created new lead','{\"after\": {\"id\": 227, \"name\": \"Koperasi merah putih ( Pak Anis )\", \"email\": \"anissholihuddin@gmail.com\", \"needs\": \"Tube Ice ( Mesin Es Kristal Tabung )\", \"phone\": \"081388777935\", \"province\": \"DKI Jakarta\", \"branch_id\": 1, \"region_id\": 4, \"source_id\": 8, \"status_id\": 2, \"created_at\": \"2025-07-16T03:40:28.000000Z\", \"product_id\": 2, \"segment_id\": 2, \"updated_at\": \"2025-07-16T03:40:28.000000Z\", \"published_at\": \"2025-07-16 10:40:28\", \"first_sales_id\": null}}','162.158.108.91','Mozilla/5.0 (Windows NT 10.0; Win64; x64) AppleWebKit/537.36 (KHTML, like Gecko) Chrome/138.0.0.0 Safari/537.36','2025-07-16 10:40:28','2025-07-16 10:40:28'),(16,24,'update_lead','App\\Models\\Leads\\Lead',227,'Updated lead','{\"after\": {\"id\": 227, \"name\": \"Koperasi merah putih ( Pak Anis )\", \"email\": \"anissholihuddin@gmail.com\", \"needs\": \"Tube Ice ( Mesin Es Kristal Tabung )\", \"phone\": \"081388777935\", \"province\": \"DKI Jakarta\", \"branch_id\": 1, \"region_id\": 4, \"source_id\": 8, \"status_id\": 2, \"created_at\": \"2025-07-16T03:40:28.000000Z\", \"product_id\": 2, \"segment_id\": 2, \"updated_at\": \"2025-07-16T03:40:28.000000Z\", \"published_at\": \"2025-07-16 10:40:28\", \"first_sales_id\": null}, \"before\": {\"id\": 227, \"name\": \"Koperasi merah putih ( Pak Anis )\", \"email\": \"anissholihuddin@gmail.com\", \"needs\": \"Tube Ice ( Mesin Es Kristal Tabung )\", \"phone\": \"081388777935\", \"province\": \"DKI Jakarta\", \"branch_id\": 1, \"region_id\": 4, \"source_id\": 8, \"status_id\": 2, \"created_at\": \"2025-07-16T03:40:28.000000Z\", \"product_id\": 2, \"segment_id\": 2, \"updated_at\": \"2025-07-16T03:40:28.000000Z\", \"published_at\": \"2025-07-16 10:40:28\", \"first_sales_id\": null}}','172.70.208.38','Mozilla/5.0 (Windows NT 10.0; Win64; x64) AppleWebKit/537.36 (KHTML, like Gecko) Chrome/138.0.0.0 Safari/537.36','2025-07-16 10:42:12','2025-07-16 10:42:12'),(17,24,'create_lead','App\\Models\\Leads\\Lead',228,'Created new lead','{\"after\": {\"id\": 228, \"name\": \"Harvesea ( Bu Reni )\", \"email\": \"reny@harvesea.com\", \"needs\": \"Flake ice ( Mesin Es Pecah )\", \"phone\": \"082197756453\", \"province\": \"DKI Jakarta\", \"branch_id\": 1, \"region_id\": 3, \"source_id\": 8, \"status_id\": 2, \"created_at\": \"2025-07-16T03:48:35.000000Z\", \"product_id\": 96, \"segment_id\": 1, \"updated_at\": \"2025-07-16T03:48:35.000000Z\", \"published_at\": \"2025-07-16 10:48:35\", \"first_sales_id\": null}}','172.70.108.191','Mozilla/5.0 (Windows NT 10.0; Win64; x64) AppleWebKit/537.36 (KHTML, like Gecko) Chrome/138.0.0.0 Safari/537.36','2025-07-16 10:48:35','2025-07-16 10:48:35'),(18,24,'create_lead','App\\Models\\Leads\\Lead',229,'Created new lead','{\"after\": {\"id\": 229, \"name\": \"Distributor daging sapi lokal ( Supriyanto )\", \"email\": \"raesky65@gmail.com\", \"needs\": \"Cold Room ( Ruang Pendingin )\", \"phone\": \"081327978097\", \"province\": \"Jawa Barat\", \"branch_id\": 1, \"region_id\": 27, \"source_id\": 9, \"status_id\": 2, \"created_at\": \"2025-07-16T03:52:44.000000Z\", \"product_id\": 110, \"segment_id\": 1, \"updated_at\": \"2025-07-16T03:52:44.000000Z\", \"published_at\": \"2025-07-16 10:52:44\", \"first_sales_id\": null}}','162.158.23.163','Mozilla/5.0 (Windows NT 10.0; Win64; x64) AppleWebKit/537.36 (KHTML, like Gecko) Chrome/138.0.0.0 Safari/537.36','2025-07-16 10:52:44','2025-07-16 10:52:44'),(19,24,'create_lead','App\\Models\\Leads\\Lead',230,'Created new lead','{\"after\": {\"id\": 230, \"name\": \"Agen Sapi Impor ( Riana )\", \"email\": \"raesky65@gmail.com\", \"needs\": \"Cold Room ( Ruang Pendingin )\", \"phone\": \"082249028130\", \"province\": \"Jawa Barat\", \"branch_id\": 1, \"region_id\": 28, \"source_id\": 8, \"status_id\": 2, \"created_at\": \"2025-07-16T03:55:31.000000Z\", \"product_id\": 110, \"segment_id\": 3, \"updated_at\": \"2025-07-16T03:55:31.000000Z\", \"published_at\": \"2025-07-16 10:55:31\", \"first_sales_id\": null}}','104.23.175.88','Mozilla/5.0 (Windows NT 10.0; Win64; x64) AppleWebKit/537.36 (KHTML, like Gecko) Chrome/138.0.0.0 Safari/537.36','2025-07-16 10:55:31','2025-07-16 10:55:31'),(20,24,'create_lead','App\\Models\\Leads\\Lead',231,'Created new lead','{\"after\": {\"id\": 231, \"name\": \"RPA Palopo ( Manuk Kinawa )\", \"email\": \"raesky65@gmail.com\", \"needs\": \"Flake ice ( Mesin Es Pecah )\", \"phone\": \"082394442777\", \"province\": \"Sulawesi Selatan\", \"branch_id\": 2, \"region_id\": 366, \"source_id\": 8, \"status_id\": 2, \"created_at\": \"2025-07-16T03:57:53.000000Z\", \"product_id\": 102, \"segment_id\": 3, \"updated_at\": \"2025-07-16T03:57:53.000000Z\", \"published_at\": \"2025-07-16 10:57:53\", \"first_sales_id\": null}}','172.69.176.135','Mozilla/5.0 (Windows NT 10.0; Win64; x64) AppleWebKit/537.36 (KHTML, like Gecko) Chrome/138.0.0.0 Safari/537.36','2025-07-16 10:57:53','2025-07-16 10:57:53'),(21,24,'create_lead','App\\Models\\Leads\\Lead',232,'Created new lead','{\"after\": {\"id\": 232, \"name\": \"Rumah Ayam Potong Berkat Solo ( Bu Nonik )\", \"email\": \"raesky65@gmail.com\", \"needs\": \"Flake ice ( Mesin Es Pecah )\", \"phone\": \"0895334910608\", \"province\": \"Jawa Tengah\", \"branch_id\": 1, \"region_id\": 203, \"source_id\": 8, \"status_id\": 2, \"created_at\": \"2025-07-16T04:00:50.000000Z\", \"product_id\": 94, \"segment_id\": 3, \"updated_at\": \"2025-07-16T04:00:50.000000Z\", \"published_at\": \"2025-07-16 11:00:50\", \"first_sales_id\": null}}','172.70.208.16','Mozilla/5.0 (Windows NT 10.0; Win64; x64) AppleWebKit/537.36 (KHTML, like Gecko) Chrome/138.0.0.0 Safari/537.36','2025-07-16 11:00:50','2025-07-16 11:00:50'),(22,24,'update_lead','App\\Models\\Leads\\Lead',232,'Updated lead','{\"after\": {\"id\": 232, \"name\": \"Rumah Ayam Potong Berkat Solo ( Bu Nonik )\", \"email\": \"raesky65@gmail.com\", \"needs\": \"Flake ice ( Mesin Es Pecah )\", \"phone\": \"0895334910608\", \"province\": \"Jawa Tengah\", \"branch_id\": 1, \"region_id\": 203, \"source_id\": 4, \"status_id\": 2, \"created_at\": \"2025-07-16T04:00:50.000000Z\", \"product_id\": 94, \"segment_id\": 3, \"updated_at\": \"2025-07-16T04:01:51.000000Z\", \"published_at\": \"2025-07-16 11:00:50\", \"first_sales_id\": null}, \"before\": {\"id\": 232, \"name\": \"Rumah Ayam Potong Berkat Solo ( Bu Nonik )\", \"email\": \"raesky65@gmail.com\", \"needs\": \"Flake ice ( Mesin Es Pecah )\", \"phone\": \"0895334910608\", \"province\": \"Jawa Tengah\", \"branch_id\": 1, \"region_id\": 203, \"source_id\": 8, \"status_id\": 2, \"created_at\": \"2025-07-16T04:00:50.000000Z\", \"product_id\": 94, \"segment_id\": 3, \"updated_at\": \"2025-07-16T04:00:50.000000Z\", \"published_at\": \"2025-07-16 11:00:50\", \"first_sales_id\": null}}','162.158.108.86','Mozilla/5.0 (Windows NT 10.0; Win64; x64) AppleWebKit/537.36 (KHTML, like Gecko) Chrome/138.0.0.0 Safari/537.36','2025-07-16 11:01:51','2025-07-16 11:01:51'),(23,24,'update_lead','App\\Models\\Leads\\Lead',231,'Updated lead','{\"after\": {\"id\": 231, \"name\": \"RPA Palopo ( Manuk Kinawa )\", \"email\": \"raesky65@gmail.com\", \"needs\": \"Flake ice ( Mesin Es Pecah )\", \"phone\": \"082394442777\", \"province\": \"Sulawesi Selatan\", \"branch_id\": 2, \"region_id\": 366, \"source_id\": 3, \"status_id\": 2, \"created_at\": \"2025-07-16T03:57:53.000000Z\", \"product_id\": 102, \"segment_id\": 3, \"updated_at\": \"2025-07-16T04:02:58.000000Z\", \"published_at\": \"2025-07-16 10:57:53\", \"first_sales_id\": null}, \"before\": {\"id\": 231, \"name\": \"RPA Palopo ( Manuk Kinawa )\", \"email\": \"raesky65@gmail.com\", \"needs\": \"Flake ice ( Mesin Es Pecah )\", \"phone\": \"082394442777\", \"province\": \"Sulawesi Selatan\", \"branch_id\": 2, \"region_id\": 366, \"source_id\": 8, \"status_id\": 2, \"created_at\": \"2025-07-16T03:57:53.000000Z\", \"product_id\": 102, \"segment_id\": 3, \"updated_at\": \"2025-07-16T03:57:53.000000Z\", \"published_at\": \"2025-07-16 10:57:53\", \"first_sales_id\": null}}','172.70.142.2','Mozilla/5.0 (Windows NT 10.0; Win64; x64) AppleWebKit/537.36 (KHTML, like Gecko) Chrome/138.0.0.0 Safari/537.36','2025-07-16 11:02:58','2025-07-16 11:02:58'),(24,24,'update_lead','App\\Models\\Leads\\Lead',229,'Updated lead','{\"after\": {\"id\": 229, \"name\": \"Distributor daging sapi lokal ( Supriyanto )\", \"email\": \"raesky65@gmail.com\", \"needs\": \"Cold Room ( Ruang Pendingin )\", \"phone\": \"081327978097\", \"province\": \"Jawa Barat\", \"branch_id\": 1, \"region_id\": 27, \"source_id\": 8, \"status_id\": 2, \"created_at\": \"2025-07-16T03:52:44.000000Z\", \"product_id\": 110, \"segment_id\": 1, \"updated_at\": \"2025-07-16T04:05:05.000000Z\", \"published_at\": \"2025-07-16 10:52:44\", \"first_sales_id\": null}, \"before\": {\"id\": 229, \"name\": \"Distributor daging sapi lokal ( Supriyanto )\", \"email\": \"raesky65@gmail.com\", \"needs\": \"Cold Room ( Ruang Pendingin )\", \"phone\": \"081327978097\", \"province\": \"Jawa Barat\", \"branch_id\": 1, \"region_id\": 27, \"source_id\": 9, \"status_id\": 2, \"created_at\": \"2025-07-16T03:52:44.000000Z\", \"product_id\": 110, \"segment_id\": 1, \"updated_at\": \"2025-07-16T03:52:44.000000Z\", \"published_at\": \"2025-07-16 10:52:44\", \"first_sales_id\": null}}','162.158.108.86','Mozilla/5.0 (Windows NT 10.0; Win64; x64) AppleWebKit/537.36 (KHTML, like Gecko) Chrome/138.0.0.0 Safari/537.36','2025-07-16 11:05:05','2025-07-16 11:05:05'),(25,24,'create_lead','App\\Models\\Leads\\Lead',234,'Created new lead','{\"after\": {\"id\": 234, \"name\": \"Rumah Potong Ayam Lina Kusniawati ( Bambang Susanto )\", \"email\": \"raesky65@gmail.com\", \"needs\": \"Flake ice ( Mesin Es Pecah )\", \"phone\": \"081210677561\", \"province\": \"Jawa Barat\", \"branch_id\": 1, \"region_id\": 80, \"source_id\": 8, \"status_id\": 2, \"created_at\": \"2025-07-16T04:09:39.000000Z\", \"product_id\": 94, \"segment_id\": 3, \"updated_at\": \"2025-07-16T04:09:39.000000Z\", \"published_at\": \"2025-07-16 11:09:39\", \"first_sales_id\": null}}','162.158.88.50','Mozilla/5.0 (Windows NT 10.0; Win64; x64) AppleWebKit/537.36 (KHTML, like Gecko) Chrome/138.0.0.0 Safari/537.36','2025-07-16 11:09:39','2025-07-16 11:09:39'),(26,24,'create_lead','App\\Models\\Leads\\Lead',235,'Created new lead','{\"after\": {\"id\": 235, \"name\": \"UD. Sumber Laut Padang\", \"email\": \"raesky65@gmail.com\", \"needs\": \"Flake ice ( Mesin Es Pecah )\", \"phone\": \"081293930404\", \"province\": \"Sumatera Barat\", \"branch_id\": 1, \"region_id\": 198, \"source_id\": 8, \"status_id\": 2, \"created_at\": \"2025-07-16T04:12:27.000000Z\", \"product_id\": 94, \"segment_id\": 1, \"updated_at\": \"2025-07-16T04:12:27.000000Z\", \"published_at\": \"2025-07-16 11:12:27\", \"first_sales_id\": null}}','104.23.175.150','Mozilla/5.0 (Windows NT 10.0; Win64; x64) AppleWebKit/537.36 (KHTML, like Gecko) Chrome/138.0.0.0 Safari/537.36','2025-07-16 11:12:27','2025-07-16 11:12:27'),(27,24,'update_lead','App\\Models\\Leads\\Lead',235,'Updated lead','{\"after\": {\"id\": 235, \"name\": \"UD. Sumber Laut Padang ( David )\", \"email\": \"raesky65@gmail.com\", \"needs\": \"Flake ice ( Mesin Es Pecah )\", \"phone\": \"081293930404\", \"province\": \"Sumatera Barat\", \"branch_id\": 1, \"region_id\": 198, \"source_id\": 8, \"status_id\": 2, \"created_at\": \"2025-07-16T04:12:27.000000Z\", \"product_id\": 94, \"segment_id\": 1, \"updated_at\": \"2025-07-16T04:13:05.000000Z\", \"published_at\": \"2025-07-16 11:12:27\", \"first_sales_id\": null}, \"before\": {\"id\": 235, \"name\": \"UD. Sumber Laut Padang\", \"email\": \"raesky65@gmail.com\", \"needs\": \"Flake ice ( Mesin Es Pecah )\", \"phone\": \"081293930404\", \"province\": \"Sumatera Barat\", \"branch_id\": 1, \"region_id\": 198, \"source_id\": 8, \"status_id\": 2, \"created_at\": \"2025-07-16T04:12:27.000000Z\", \"product_id\": 94, \"segment_id\": 1, \"updated_at\": \"2025-07-16T04:12:27.000000Z\", \"published_at\": \"2025-07-16 11:12:27\", \"first_sales_id\": null}}','104.23.175.150','Mozilla/5.0 (Windows NT 10.0; Win64; x64) AppleWebKit/537.36 (KHTML, like Gecko) Chrome/138.0.0.0 Safari/537.36','2025-07-16 11:13:05','2025-07-16 11:13:05'),(28,24,'create_lead','App\\Models\\Leads\\Lead',236,'Created new lead','{\"after\": {\"id\": 236, \"name\": \"Distributor Nasa : Melani Nasa\", \"email\": \"raesky65@gmail.com\", \"needs\": \"Flake ice ( Mesin Es Pecah )\", \"phone\": \"081293237282\", \"province\": \"Jawa Barat\", \"branch_id\": 1, \"region_id\": 80, \"source_id\": 8, \"status_id\": 2, \"created_at\": \"2025-07-16T04:16:30.000000Z\", \"product_id\": 94, \"segment_id\": 3, \"updated_at\": \"2025-07-16T04:16:30.000000Z\", \"published_at\": \"2025-07-16 11:16:30\", \"first_sales_id\": null}}','172.68.234.204','Mozilla/5.0 (Windows NT 10.0; Win64; x64) AppleWebKit/537.36 (KHTML, like Gecko) Chrome/138.0.0.0 Safari/537.36','2025-07-16 11:16:30','2025-07-16 11:16:30'),(29,24,'create_lead','App\\Models\\Leads\\Lead',237,'Created new lead','{\"after\": {\"id\": 237, \"name\": \"Pasar Seafood Online Padang ( Okky Chairanda )\", \"email\": \"raesky65@gmail.com\", \"needs\": \"Flake ice ( Mesin Es Pecah )\", \"phone\": \"08126150153\", \"province\": \"Sumatera Barat\", \"branch_id\": 1, \"region_id\": 198, \"source_id\": 8, \"status_id\": 2, \"created_at\": \"2025-07-16T04:22:35.000000Z\", \"product_id\": 94, \"segment_id\": 1, \"updated_at\": \"2025-07-16T04:22:35.000000Z\", \"published_at\": \"2025-07-16 11:22:35\", \"first_sales_id\": null}}','162.158.108.152','Mozilla/5.0 (Windows NT 10.0; Win64; x64) AppleWebKit/537.36 (KHTML, like Gecko) Chrome/138.0.0.0 Safari/537.36','2025-07-16 11:22:35','2025-07-16 11:22:35'),(30,26,'update_lead','App\\Models\\Leads\\Lead',231,'Updated lead','{\"after\": {\"id\": 231, \"name\": \"RPA Palopo ( Manuk Kinawa )\", \"email\": \"raesky65@gmail.com\", \"needs\": \"Flake ice ( Mesin Es Pecah )\", \"phone\": \"082394442777\", \"province\": \"Sulawesi Selatan\", \"branch_id\": 2, \"region_id\": 366, \"source_id\": 8, \"status_id\": 2, \"created_at\": \"2025-07-16T03:57:53.000000Z\", \"product_id\": 102, \"segment_id\": 3, \"updated_at\": \"2025-07-16T04:37:44.000000Z\", \"published_at\": \"2025-07-16 10:57:53\", \"first_sales_id\": null}, \"before\": {\"id\": 231, \"name\": \"RPA Palopo ( Manuk Kinawa )\", \"email\": \"raesky65@gmail.com\", \"needs\": \"Flake ice ( Mesin Es Pecah )\", \"phone\": \"082394442777\", \"province\": \"Sulawesi Selatan\", \"branch_id\": 2, \"region_id\": 366, \"source_id\": 3, \"status_id\": 2, \"created_at\": \"2025-07-16T03:57:53.000000Z\", \"product_id\": 102, \"segment_id\": 3, \"updated_at\": \"2025-07-16T04:02:58.000000Z\", \"published_at\": \"2025-07-16 10:57:53\", \"first_sales_id\": null}}','172.68.211.221','Mozilla/5.0 (Windows NT 10.0; Win64; x64) AppleWebKit/537.36 (KHTML, like Gecko) Chrome/138.0.0.0 Safari/537.36','2025-07-16 11:37:44','2025-07-16 11:37:44'),(31,24,'update_lead','App\\Models\\Leads\\Lead',237,'Updated lead','{\"after\": {\"id\": 237, \"name\": \"Pasar Seafood Online Padang ( Okky Chairanda )\", \"email\": \"raesky65@gmail.com\", \"needs\": \"Flake ice ( Mesin Es Pecah )\", \"phone\": \"08126150153\", \"province\": \"Sumatera Barat\", \"branch_id\": 1, \"region_id\": 198, \"source_id\": 8, \"status_id\": 2, \"created_at\": \"2025-07-16T04:22:35.000000Z\", \"product_id\": 94, \"segment_id\": 1, \"updated_at\": \"2025-07-16T04:22:35.000000Z\", \"published_at\": \"2025-07-16 11:22:35\", \"first_sales_id\": null}, \"before\": {\"id\": 237, \"name\": \"Pasar Seafood Online Padang ( Okky Chairanda )\", \"email\": \"raesky65@gmail.com\", \"needs\": \"Flake ice ( Mesin Es Pecah )\", \"phone\": \"08126150153\", \"province\": \"Sumatera Barat\", \"branch_id\": 1, \"region_id\": 198, \"source_id\": 8, \"status_id\": 2, \"created_at\": \"2025-07-16T04:22:35.000000Z\", \"product_id\": 94, \"segment_id\": 1, \"updated_at\": \"2025-07-16T04:22:35.000000Z\", \"published_at\": \"2025-07-16 11:22:35\", \"first_sales_id\": null}}','162.158.22.117','Mozilla/5.0 (Windows NT 10.0; Win64; x64) AppleWebKit/537.36 (KHTML, like Gecko) Chrome/138.0.0.0 Safari/537.36','2025-07-16 14:30:25','2025-07-16 14:30:25'),(32,24,'create_lead','App\\Models\\Leads\\Lead',238,'Created new lead','{\"after\": {\"id\": 238, \"name\": \"Classic Hotel ( Rudy Susanto )\", \"email\": \"raesky65@gmail.com\", \"needs\": \"Cube Ice ( Mesin Es Kristal Kubus )\", \"phone\": \"08158342000\", \"province\": \"DKI Jakarta\", \"branch_id\": 1, \"region_id\": 3, \"source_id\": 8, \"status_id\": 2, \"created_at\": \"2025-07-16T08:00:30.000000Z\", \"product_id\": 29, \"segment_id\": 3, \"updated_at\": \"2025-07-16T08:00:30.000000Z\", \"published_at\": \"2025-07-16 15:00:30\", \"first_sales_id\": null}}','172.70.208.61','Mozilla/5.0 (Windows NT 10.0; Win64; x64) AppleWebKit/537.36 (KHTML, like Gecko) Chrome/138.0.0.0 Safari/537.36','2025-07-16 15:00:30','2025-07-16 15:00:30'),(33,24,'create_lead','App\\Models\\Leads\\Lead',239,'Created new lead','{\"after\": {\"id\": 239, \"name\": \"25 Hours Hotel ( Fajar Ramdani )\", \"email\": \"Fajar.RAMDANI@25hours-hotels.com\", \"needs\": \"Cube Ice ( Mesin Es Kristal Kubus )\", \"phone\": \"081802182888\", \"province\": \"DKI Jakarta\", \"branch_id\": 1, \"region_id\": 4, \"source_id\": 8, \"status_id\": 2, \"created_at\": \"2025-07-16T08:05:37.000000Z\", \"product_id\": 29, \"segment_id\": 3, \"updated_at\": \"2025-07-16T08:05:37.000000Z\", \"published_at\": \"2025-07-16 15:05:37\", \"first_sales_id\": null}}','172.70.208.17','Mozilla/5.0 (Windows NT 10.0; Win64; x64) AppleWebKit/537.36 (KHTML, like Gecko) Chrome/138.0.0.0 Safari/537.36','2025-07-16 15:05:37','2025-07-16 15:05:37'),(34,24,'update_lead','App\\Models\\Leads\\Lead',238,'Updated lead','{\"after\": {\"id\": 238, \"name\": \"Classic Hotel ( Rudy Susanto )\", \"email\": \"purchasing@classichoteljakarta.com\", \"needs\": \"Cube Ice ( Mesin Es Kristal Kubus )\", \"phone\": \"08158342000\", \"province\": \"DKI Jakarta\", \"branch_id\": 1, \"region_id\": 3, \"source_id\": 3, \"status_id\": 2, \"created_at\": \"2025-07-16T08:00:30.000000Z\", \"product_id\": 29, \"segment_id\": 3, \"updated_at\": \"2025-07-16T08:06:39.000000Z\", \"published_at\": \"2025-07-16 15:00:30\", \"first_sales_id\": null}, \"before\": {\"id\": 238, \"name\": \"Classic Hotel ( Rudy Susanto )\", \"email\": \"raesky65@gmail.com\", \"needs\": \"Cube Ice ( Mesin Es Kristal Kubus )\", \"phone\": \"08158342000\", \"province\": \"DKI Jakarta\", \"branch_id\": 1, \"region_id\": 3, \"source_id\": 8, \"status_id\": 2, \"created_at\": \"2025-07-16T08:00:30.000000Z\", \"product_id\": 29, \"segment_id\": 3, \"updated_at\": \"2025-07-16T08:00:30.000000Z\", \"published_at\": \"2025-07-16 15:00:30\", \"first_sales_id\": null}}','108.162.227.8','Mozilla/5.0 (Windows NT 10.0; Win64; x64) AppleWebKit/537.36 (KHTML, like Gecko) Chrome/138.0.0.0 Safari/537.36','2025-07-16 15:06:39','2025-07-16 15:06:39'),(35,24,'update_lead','App\\Models\\Leads\\Lead',239,'Updated lead','{\"after\": {\"id\": 239, \"name\": \"25 Hours Hotel ( Fajar Ramdani )\", \"email\": \"Fajar.RAMDANI@25hours-hotels.com\", \"needs\": \"Cube Ice ( Mesin Es Kristal Kubus )\", \"phone\": \"081802182888\", \"province\": \"DKI Jakarta\", \"branch_id\": 1, \"region_id\": 4, \"source_id\": 3, \"status_id\": 2, \"created_at\": \"2025-07-16T08:05:37.000000Z\", \"product_id\": 29, \"segment_id\": 3, \"updated_at\": \"2025-07-16T08:07:32.000000Z\", \"published_at\": \"2025-07-16 15:05:37\", \"first_sales_id\": null}, \"before\": {\"id\": 239, \"name\": \"25 Hours Hotel ( Fajar Ramdani )\", \"email\": \"Fajar.RAMDANI@25hours-hotels.com\", \"needs\": \"Cube Ice ( Mesin Es Kristal Kubus )\", \"phone\": \"081802182888\", \"province\": \"DKI Jakarta\", \"branch_id\": 1, \"region_id\": 4, \"source_id\": 8, \"status_id\": 2, \"created_at\": \"2025-07-16T08:05:37.000000Z\", \"product_id\": 29, \"segment_id\": 3, \"updated_at\": \"2025-07-16T08:05:37.000000Z\", \"published_at\": \"2025-07-16 15:05:37\", \"first_sales_id\": null}}','104.23.175.218','Mozilla/5.0 (Windows NT 10.0; Win64; x64) AppleWebKit/537.36 (KHTML, like Gecko) Chrome/138.0.0.0 Safari/537.36','2025-07-16 15:07:32','2025-07-16 15:07:32'),(36,21,'create_lead','App\\Models\\Leads\\Lead',240,'Created new lead','{\"after\": {\"id\": 240, \"name\": \"Andika Tarigan\", \"email\": \"andika.tarigan@gmail.com\", \"needs\": \"Tube Ice ( Mesin Es Kristal Tabung )\", \"phone\": \"082168280760\", \"province\": \"Sumatera Utara\", \"branch_id\": 1, \"region_id\": 179, \"source_id\": 8, \"status_id\": 2, \"created_at\": \"2025-07-17T01:39:19.000000Z\", \"product_id\": 2, \"segment_id\": 3, \"updated_at\": \"2025-07-17T01:39:19.000000Z\", \"published_at\": \"2025-07-17 08:39:19\", \"first_sales_id\": null}}','162.158.22.28','Mozilla/5.0 (Windows NT 10.0; Win64; x64) AppleWebKit/537.36 (KHTML, like Gecko) Chrome/138.0.0.0 Safari/537.36','2025-07-17 08:39:19','2025-07-17 08:39:19'),(37,21,'create_lead','App\\Models\\Leads\\Lead',241,'Created new lead','{\"after\": {\"id\": 241, \"name\": \"PT. Powerlink Internusa\", \"email\": \"powerlink.internusa@gmail.com\", \"needs\": \"Cold Room ( Ruang Pendingin )\", \"phone\": \"08117589888\", \"province\": \"Riau\", \"branch_id\": 1, \"region_id\": 215, \"source_id\": 10, \"status_id\": 2, \"created_at\": \"2025-07-17T01:51:21.000000Z\", \"product_id\": 107, \"segment_id\": 2, \"updated_at\": \"2025-07-17T01:51:21.000000Z\", \"published_at\": \"2025-07-17 08:51:21\", \"first_sales_id\": null}}','162.158.170.251','Mozilla/5.0 (Windows NT 10.0; Win64; x64) AppleWebKit/537.36 (KHTML, like Gecko) Chrome/138.0.0.0 Safari/537.36','2025-07-17 08:51:21','2025-07-17 08:51:21'),(38,21,'create_lead','App\\Models\\Leads\\Lead',242,'Created new lead','{\"after\": {\"id\": 242, \"name\": \"Sunaryo\", \"email\": \"sunaryo.1980@gmail.com\", \"needs\": \"Cold Room ( Ruang Pendingin )\", \"phone\": \"08127406384\", \"province\": \"Jambi\", \"branch_id\": 1, \"region_id\": 225, \"source_id\": 8, \"status_id\": 2, \"created_at\": \"2025-07-17T01:54:24.000000Z\", \"product_id\": 111, \"segment_id\": 3, \"updated_at\": \"2025-07-17T01:54:24.000000Z\", \"published_at\": \"2025-07-17 08:54:24\", \"first_sales_id\": null}}','162.158.162.33','Mozilla/5.0 (Windows NT 10.0; Win64; x64) AppleWebKit/537.36 (KHTML, like Gecko) Chrome/138.0.0.0 Safari/537.36','2025-07-17 08:54:24','2025-07-17 08:54:24'),(39,21,'create_lead','App\\Models\\Leads\\Lead',244,'Created new lead','{\"after\": {\"id\": 244, \"name\": \"Herman\", \"email\": \"herman.1980@gmail.com\", \"needs\": \"Tube Ice ( Mesin Es Kristal Tabung )\", \"phone\": \"081212173970\", \"province\": \"Jambi\", \"branch_id\": 1, \"region_id\": 225, \"source_id\": 8, \"status_id\": 2, \"created_at\": \"2025-07-17T01:56:46.000000Z\", \"product_id\": 2, \"segment_id\": 3, \"updated_at\": \"2025-07-17T01:56:46.000000Z\", \"published_at\": \"2025-07-17 08:56:46\", \"first_sales_id\": null}}','172.68.164.159','Mozilla/5.0 (Windows NT 10.0; Win64; x64) AppleWebKit/537.36 (KHTML, like Gecko) Chrome/138.0.0.0 Safari/537.36','2025-07-17 08:56:46','2025-07-17 08:56:46'),(40,21,'create_lead','App\\Models\\Leads\\Lead',245,'Created new lead','{\"after\": {\"id\": 245, \"name\": \"Jessica\", \"email\": \"jessica.1980@gmailcom\", \"needs\": \"Tube Ice ( Mesin Es Kristal Tabung )\", \"phone\": \"082125330011\", \"province\": \"Jambi\", \"branch_id\": 1, \"region_id\": 225, \"source_id\": 8, \"status_id\": 2, \"created_at\": \"2025-07-17T01:58:41.000000Z\", \"product_id\": 2, \"segment_id\": 3, \"updated_at\": \"2025-07-17T01:58:41.000000Z\", \"published_at\": \"2025-07-17 08:58:41\", \"first_sales_id\": null}}','172.70.208.60','Mozilla/5.0 (Windows NT 10.0; Win64; x64) AppleWebKit/537.36 (KHTML, like Gecko) Chrome/138.0.0.0 Safari/537.36','2025-07-17 08:58:41','2025-07-17 08:58:41'),(41,21,'create_lead','App\\Models\\Leads\\Lead',246,'Created new lead','{\"after\": {\"id\": 246, \"name\": \"Arfah\", \"email\": \"arfah.1980@gmail.com\", \"needs\": \"Tube Ice ( Mesin Es Kristal Tabung )\", \"phone\": \"082240229622\", \"province\": \"Jawa Barat\", \"branch_id\": 1, \"region_id\": 13, \"source_id\": 8, \"status_id\": 2, \"created_at\": \"2025-07-17T02:00:22.000000Z\", \"product_id\": 2, \"segment_id\": 3, \"updated_at\": \"2025-07-17T02:00:22.000000Z\", \"published_at\": \"2025-07-17 09:00:22\", \"first_sales_id\": null}}','172.71.152.33','Mozilla/5.0 (Windows NT 10.0; Win64; x64) AppleWebKit/537.36 (KHTML, like Gecko) Chrome/138.0.0.0 Safari/537.36','2025-07-17 09:00:22','2025-07-17 09:00:22'),(42,21,'update_lead','App\\Models\\Leads\\Lead',241,'Updated lead','{\"after\": {\"id\": 241, \"name\": \"PT. Powerlink Internusa\", \"email\": \"powerlink.internusa@gmail.com\", \"needs\": \"Cold Room ( Ruang Pendingin )\", \"phone\": \"08117589888\", \"province\": \"Riau\", \"branch_id\": 1, \"region_id\": 215, \"source_id\": 10, \"status_id\": 2, \"created_at\": \"2025-07-17T01:51:21.000000Z\", \"product_id\": 107, \"segment_id\": 1, \"updated_at\": \"2025-07-17T02:00:59.000000Z\", \"published_at\": \"2025-07-17 08:51:21\", \"first_sales_id\": null}, \"before\": {\"id\": 241, \"name\": \"PT. Powerlink Internusa\", \"email\": \"powerlink.internusa@gmail.com\", \"needs\": \"Cold Room ( Ruang Pendingin )\", \"phone\": \"08117589888\", \"province\": \"Riau\", \"branch_id\": 1, \"region_id\": 215, \"source_id\": 10, \"status_id\": 2, \"created_at\": \"2025-07-17T01:51:21.000000Z\", \"product_id\": 107, \"segment_id\": 2, \"updated_at\": \"2025-07-17T01:51:21.000000Z\", \"published_at\": \"2025-07-17 08:51:21\", \"first_sales_id\": null}}','172.71.152.33','Mozilla/5.0 (Windows NT 10.0; Win64; x64) AppleWebKit/537.36 (KHTML, like Gecko) Chrome/138.0.0.0 Safari/537.36','2025-07-17 09:00:59','2025-07-17 09:00:59'),(43,31,'update_lead','App\\Models\\Leads\\Lead',243,'Updated lead','{\"after\": {\"id\": 243, \"name\": \"Faizal\", \"email\": \"faizal@gmail.com\", \"needs\": \"Tube Ice ( Mesin Es Kristal Tabung )\", \"phone\": \"+62 813-5700-3191\", \"province\": \"Jawa Timur\", \"branch_id\": 3, \"region_id\": 90, \"source_id\": 1, \"status_id\": 2, \"created_at\": \"2025-07-17T01:56:20.000000Z\", \"product_id\": null, \"segment_id\": 3, \"updated_at\": \"2025-07-17T02:50:49.000000Z\", \"published_at\": \"2025-07-17 08:56:20\", \"first_sales_id\": null}, \"before\": {\"id\": 243, \"name\": \"Faizal\", \"email\": \"faizal@gmail.com\", \"needs\": \"Tube Ice ( Mesin Es Kristal Tabung )\", \"phone\": \"+62 813-5700-3191\", \"province\": \"Jawa Timur\", \"branch_id\": null, \"region_id\": 90, \"source_id\": 1, \"status_id\": 2, \"created_at\": \"2025-07-17T01:56:20.000000Z\", \"product_id\": null, \"segment_id\": 3, \"updated_at\": \"2025-07-17T02:41:37.000000Z\", \"published_at\": \"2025-07-17 08:56:20\", \"first_sales_id\": null}}','162.158.88.105','Mozilla/5.0 (Macintosh; Intel Mac OS X 10_15_7) AppleWebKit/605.1.15 (KHTML, like Gecko) Version/17.6 Safari/605.1.15','2025-07-17 09:50:49','2025-07-17 09:50:49'),(44,24,'update_lead','App\\Models\\Leads\\Lead',235,'Updated lead','{\"after\": {\"id\": 235, \"name\": \"UD. Sumber Laut Padang ( David )\", \"email\": \"raesky65@gmail.com\", \"needs\": \"Block Ice ( Mesin Es Balok )\", \"phone\": \"081293930404\", \"province\": \"Sumatera Barat\", \"branch_id\": 1, \"region_id\": 198, \"source_id\": 1, \"status_id\": 2, \"created_at\": \"2025-07-16T04:12:27.000000Z\", \"product_id\": 94, \"segment_id\": 1, \"updated_at\": \"2025-07-17T08:55:28.000000Z\", \"published_at\": \"2025-07-16 11:12:27\", \"first_sales_id\": null}, \"before\": {\"id\": 235, \"name\": \"UD. Sumber Laut Padang ( David )\", \"email\": \"raesky65@gmail.com\", \"needs\": \"Flake ice ( Mesin Es Pecah )\", \"phone\": \"081293930404\", \"province\": \"Sumatera Barat\", \"branch_id\": 1, \"region_id\": 198, \"source_id\": 8, \"status_id\": 2, \"created_at\": \"2025-07-16T04:12:27.000000Z\", \"product_id\": 94, \"segment_id\": 1, \"updated_at\": \"2025-07-16T04:13:05.000000Z\", \"published_at\": \"2025-07-16 11:12:27\", \"first_sales_id\": null}}','162.158.26.248','Mozilla/5.0 (Windows NT 10.0; Win64; x64) AppleWebKit/537.36 (KHTML, like Gecko) Chrome/138.0.0.0 Safari/537.36','2025-07-17 15:55:28','2025-07-17 15:55:28'),(45,20,'create_lead','App\\Models\\Leads\\Lead',248,'Created new lead','{\"after\": {\"id\": 248, \"name\": \"Erlangga\", \"email\": \"erlangga@gmail.com\", \"needs\": \"Tube Ice ( Mesin Es Kristal Tabung )\", \"phone\": \"+62 878-6233-1638\", \"province\": \"Jawa Barat\", \"branch_id\": null, \"region_id\": null, \"source_id\": 8, \"status_id\": 2, \"created_at\": \"2025-07-17T08:56:39.000000Z\", \"product_id\": 107, \"segment_id\": 3, \"updated_at\": \"2025-07-17T08:56:39.000000Z\", \"published_at\": \"2025-07-17 15:56:39\", \"first_sales_id\": null}}','172.68.234.20','Mozilla/5.0 (Windows NT 10.0; Win64; x64) AppleWebKit/537.36 (KHTML, like Gecko) Chrome/138.0.0.0 Safari/537.36','2025-07-17 15:56:39','2025-07-17 15:56:39'),(46,20,'create_lead','App\\Models\\Leads\\Lead',249,'Created new lead','{\"after\": {\"id\": 249, \"name\": \"Es Kristal Kirei\", \"email\": \"eskristalkirei@gmail.com\", \"needs\": \"Tube Ice ( Mesin Es Kristal Tabung )\", \"phone\": \"+62 821-1635-3040\", \"province\": \"Jawa Barat\", \"branch_id\": null, \"region_id\": null, \"source_id\": 8, \"status_id\": 2, \"created_at\": \"2025-07-17T09:04:37.000000Z\", \"product_id\": 1, \"segment_id\": 3, \"updated_at\": \"2025-07-17T09:04:37.000000Z\", \"published_at\": \"2025-07-17 16:04:37\", \"first_sales_id\": null}}','172.70.108.223','Mozilla/5.0 (Windows NT 10.0; Win64; x64) AppleWebKit/537.36 (KHTML, like Gecko) Chrome/138.0.0.0 Safari/537.36','2025-07-17 16:04:37','2025-07-17 16:04:37'),(47,1,'create_admin','App\\Models\\User',35,'Created admin user','{\"after\": {\"id\": 35, \"nip\": \"12345678\", \"name\": \"Dafa\", \"email\": \"daffa.finance@daxtro.com\", \"phone\": \"00000111111111\", \"role_id\": 5, \"branch_id\": 1, \"company_id\": 1, \"created_at\": \"2025-07-17T09:47:24.000000Z\", \"created_by\": 1, \"deleted_at\": null, \"updated_at\": \"2025-07-17T09:47:24.000000Z\", \"updated_by\": 1}, \"before\": null}','172.68.234.197','Mozilla/5.0 (Macintosh; Intel Mac OS X 10_15_7) AppleWebKit/537.36 (KHTML, like Gecko) Chrome/138.0.0.0 Safari/537.36','2025-07-17 16:47:24','2025-07-17 16:47:24'),(48,1,'update_admin','App\\Models\\User',30,'Updated admin user','{\"after\": {\"id\": 30, \"nip\": \"657438920\", \"name\": \"Kevin\", \"email\": \"sales.sby1@daxtro.com\", \"phone\": \"0928052412473\", \"role_id\": 2, \"branch_id\": 3, \"company_id\": 2, \"created_at\": \"2025-07-10T06:36:03.000000Z\", \"created_by\": 1, \"deleted_at\": null, \"updated_at\": \"2025-07-17T10:03:27.000000Z\", \"updated_by\": 1}, \"before\": {\"id\": 30, \"nip\": \"657438920\", \"name\": \"Kevin\", \"email\": \"sales.sby1@daxtro.com\", \"phone\": \"0928052412473\", \"role_id\": 2, \"branch_id\": 3, \"company_id\": 2, \"created_at\": \"2025-07-10T06:36:03.000000Z\", \"created_by\": 1, \"deleted_at\": null, \"updated_at\": \"2025-07-10T06:36:03.000000Z\", \"updated_by\": 1}}','172.70.92.140','Mozilla/5.0 (Linux; Android 10; K) AppleWebKit/537.36 (KHTML, like Gecko) Chrome/138.0.0.0 Mobile Safari/537.36','2025-07-17 17:03:27','2025-07-17 17:03:27'),(49,1,'update_role_permissions','App\\Models\\UserRole',4,'Updated role permissions','{\"after\": [{\"id\": 70, \"role_id\": 4, \"created_at\": \"2025-07-18T07:53:45.000000Z\", \"deleted_at\": null, \"updated_at\": \"2025-07-18T07:53:45.000000Z\", \"permission_id\": 1}, {\"id\": 71, \"role_id\": 4, \"created_at\": \"2025-07-18T07:53:45.000000Z\", \"deleted_at\": null, \"updated_at\": \"2025-07-18T07:53:45.000000Z\", \"permission_id\": 11}, {\"id\": 72, \"role_id\": 4, \"created_at\": \"2025-07-18T07:53:45.000000Z\", \"deleted_at\": null, \"updated_at\": \"2025-07-18T07:53:45.000000Z\", \"permission_id\": 18}, {\"id\": 73, \"role_id\": 4, \"created_at\": \"2025-07-18T07:53:45.000000Z\", \"deleted_at\": null, \"updated_at\": \"2025-07-18T07:53:45.000000Z\", \"permission_id\": 13}, {\"id\": 74, \"role_id\": 4, \"created_at\": \"2025-07-18T07:53:45.000000Z\", \"deleted_at\": null, \"updated_at\": \"2025-07-18T07:53:45.000000Z\", \"permission_id\": 15}, {\"id\": 75, \"role_id\": 4, \"created_at\": \"2025-07-18T07:53:45.000000Z\", \"deleted_at\": null, \"updated_at\": \"2025-07-18T07:53:45.000000Z\", \"permission_id\": 14}], \"before\": [{\"id\": 51, \"role_id\": 4, \"created_at\": null, \"deleted_at\": null, \"updated_at\": null, \"permission_id\": 1}, {\"id\": 52, \"role_id\": 4, \"created_at\": null, \"deleted_at\": null, \"updated_at\": null, \"permission_id\": 11}, {\"id\": 53, \"role_id\": 4, \"created_at\": null, \"deleted_at\": null, \"updated_at\": null, \"permission_id\": 15}, {\"id\": 54, \"role_id\": 4, \"created_at\": null, \"deleted_at\": null, \"updated_at\": null, \"permission_id\": 18}]}','172.70.215.20','Mozilla/5.0 (Macintosh; Intel Mac OS X 10_15_7) AppleWebKit/537.36 (KHTML, like Gecko) Chrome/138.0.0.0 Safari/537.36','2025-07-18 14:53:45','2025-07-18 14:53:45'),(50,1,'update_role_permissions','App\\Models\\UserRole',2,'Updated role permissions','{\"after\": [{\"id\": 76, \"role_id\": 2, \"created_at\": \"2025-07-18T08:28:08.000000Z\", \"deleted_at\": null, \"updated_at\": \"2025-07-18T08:28:08.000000Z\", \"permission_id\": 12}, {\"id\": 77, \"role_id\": 2, \"created_at\": \"2025-07-18T08:28:08.000000Z\", \"deleted_at\": null, \"updated_at\": \"2025-07-18T08:28:08.000000Z\", \"permission_id\": 1}, {\"id\": 78, \"role_id\": 2, \"created_at\": \"2025-07-18T08:28:08.000000Z\", \"deleted_at\": null, \"updated_at\": \"2025-07-18T08:28:08.000000Z\", \"permission_id\": 16}, {\"id\": 79, \"role_id\": 2, \"created_at\": \"2025-07-18T08:28:08.000000Z\", \"deleted_at\": null, \"updated_at\": \"2025-07-18T08:28:08.000000Z\", \"permission_id\": 13}, {\"id\": 80, \"role_id\": 2, \"created_at\": \"2025-07-18T08:28:08.000000Z\", \"deleted_at\": null, \"updated_at\": \"2025-07-18T08:28:08.000000Z\", \"permission_id\": 15}, {\"id\": 81, \"role_id\": 2, \"created_at\": \"2025-07-18T08:28:08.000000Z\", \"deleted_at\": null, \"updated_at\": \"2025-07-18T08:28:08.000000Z\", \"permission_id\": 14}], \"before\": [{\"id\": 64, \"role_id\": 2, \"created_at\": null, \"deleted_at\": null, \"updated_at\": null, \"permission_id\": 1}, {\"id\": 65, \"role_id\": 2, \"created_at\": null, \"deleted_at\": null, \"updated_at\": null, \"permission_id\": 12}, {\"id\": 66, \"role_id\": 2, \"created_at\": null, \"deleted_at\": null, \"updated_at\": null, \"permission_id\": 13}, {\"id\": 67, \"role_id\": 2, \"created_at\": null, \"deleted_at\": null, \"updated_at\": null, \"permission_id\": 14}, {\"id\": 68, \"role_id\": 2, \"created_at\": null, \"deleted_at\": null, \"updated_at\": null, \"permission_id\": 15}, {\"id\": 69, \"role_id\": 2, \"created_at\": null, \"deleted_at\": null, \"updated_at\": null, \"permission_id\": 16}]}','172.70.208.17','Mozilla/5.0 (Macintosh; Intel Mac OS X 10_15_7) AppleWebKit/537.36 (KHTML, like Gecko) Chrome/138.0.0.0 Safari/537.36','2025-07-18 15:28:08','2025-07-18 15:28:08'),(51,1,'create_admin','App\\Models\\User',36,'Created admin user','{\"after\": {\"id\": 36, \"nip\": \"12345678910\", \"name\": \"Hizkia Rudi\", \"email\": \"hizkiarudi02@gmail.com\", \"phone\": \"089820348018423\", \"role_id\": 2, \"branch_id\": 1, \"company_id\": 1, \"created_at\": \"2025-07-18T08:33:07.000000Z\", \"created_by\": 1, \"deleted_at\": null, \"updated_at\": \"2025-07-18T08:33:07.000000Z\", \"updated_by\": 1}, \"before\": null}','172.70.143.132','Mozilla/5.0 (Macintosh; Intel Mac OS X 10_15_7) AppleWebKit/537.36 (KHTML, like Gecko) Chrome/138.0.0.0 Safari/537.36','2025-07-18 15:33:07','2025-07-18 15:33:07'),(52,1,'update_admin','App\\Models\\User',32,'Updated admin user','{\"after\": {\"id\": 32, \"nip\": \"328965\", \"name\": \"Zein\", \"email\": \"sales.sby3@daxtro.com\", \"phone\": \"09280524125\", \"role_id\": 2, \"branch_id\": 3, \"company_id\": 2, \"created_at\": \"2025-07-10T06:38:53.000000Z\", \"created_by\": 1, \"deleted_at\": null, \"updated_at\": \"2025-07-21T02:05:42.000000Z\", \"updated_by\": 1}, \"before\": {\"id\": 32, \"nip\": \"328965\", \"name\": \"Deddy\", \"email\": \"sales.sby3@daxtro.com\", \"phone\": \"09280524125\", \"role_id\": 2, \"branch_id\": 3, \"company_id\": 2, \"created_at\": \"2025-07-10T06:38:53.000000Z\", \"created_by\": 1, \"deleted_at\": null, \"updated_at\": \"2025-07-15T08:05:30.000000Z\", \"updated_by\": 1}}','104.23.175.246','Mozilla/5.0 (Macintosh; Intel Mac OS X 10_15_7) AppleWebKit/537.36 (KHTML, like Gecko) Chrome/138.0.0.0 Safari/537.36','2025-07-21 09:05:42','2025-07-21 09:05:42'),(53,1,'update_admin','App\\Models\\User',28,'Updated admin user','{\"after\": {\"id\": 28, \"nip\": \"81452\", \"name\": \"Akmal\", \"email\": \"sales.mks1@daxtro.com\", \"phone\": \"09280524124\", \"role_id\": 2, \"branch_id\": 2, \"company_id\": 2, \"created_at\": \"2025-07-10T06:32:02.000000Z\", \"created_by\": 1, \"deleted_at\": null, \"updated_at\": \"2025-07-10T08:09:02.000000Z\", \"updated_by\": 1}, \"before\": {\"id\": 28, \"nip\": \"81452\", \"name\": \"Akmal\", \"email\": \"sales.mks1@daxtro.com\", \"phone\": \"09280524124\", \"role_id\": 2, \"branch_id\": 2, \"company_id\": 2, \"created_at\": \"2025-07-10T06:32:02.000000Z\", \"created_by\": 1, \"deleted_at\": null, \"updated_at\": \"2025-07-10T08:09:02.000000Z\", \"updated_by\": 1}}','108.162.226.250','Mozilla/5.0 (Macintosh; Intel Mac OS X 10_15_7) AppleWebKit/537.36 (KHTML, like Gecko) Chrome/138.0.0.0 Safari/537.36','2025-07-21 09:25:11','2025-07-21 09:25:11'),(54,1,'update_admin','App\\Models\\User',27,'Updated admin user','{\"after\": {\"id\": 27, \"nip\": \"4672537812\", \"name\": \"Kharisma\", \"email\": \"bm.makassar@daxtro.com\", \"phone\": \"0928052412\", \"role_id\": 4, \"branch_id\": 2, \"company_id\": 2, \"created_at\": \"2025-07-10T06:26:58.000000Z\", \"created_by\": 1, \"deleted_at\": null, \"updated_at\": \"2025-07-21T02:25:38.000000Z\", \"updated_by\": 1}, \"before\": {\"id\": 27, \"nip\": \"4672537812\", \"name\": \"Kharisma\", \"email\": \"bm.makassar@daxtro.com\", \"phone\": \"0928052412\", \"role_id\": 2, \"branch_id\": 2, \"company_id\": 2, \"created_at\": \"2025-07-10T06:26:58.000000Z\", \"created_by\": 1, \"deleted_at\": null, \"updated_at\": \"2025-07-10T06:26:58.000000Z\", \"updated_by\": 1}}','108.162.226.250','Mozilla/5.0 (Macintosh; Intel Mac OS X 10_15_7) AppleWebKit/537.36 (KHTML, like Gecko) Chrome/138.0.0.0 Safari/537.36','2025-07-21 09:25:38','2025-07-21 09:25:38'),(55,1,'update_admin','App\\Models\\User',27,'Updated admin user','{\"after\": {\"id\": 27, \"nip\": \"4672537812\", \"name\": \"Kharisma\", \"email\": \"bm.makassar@daxtro.com\", \"phone\": \"0928052412\", \"role_id\": 4, \"branch_id\": 2, \"company_id\": 2, \"created_at\": \"2025-07-10T06:26:58.000000Z\", \"created_by\": 1, \"deleted_at\": null, \"updated_at\": \"2025-07-21T02:27:48.000000Z\", \"updated_by\": 1}, \"before\": {\"id\": 27, \"nip\": \"4672537812\", \"name\": \"Kharisma\", \"email\": \"bm.makassar@daxtro.com\", \"phone\": \"0928052412\", \"role_id\": 4, \"branch_id\": 2, \"company_id\": 2, \"created_at\": \"2025-07-10T06:26:58.000000Z\", \"created_by\": 1, \"deleted_at\": null, \"updated_at\": \"2025-07-21T02:25:38.000000Z\", \"updated_by\": 1}}','104.23.175.190','Mozilla/5.0 (Macintosh; Intel Mac OS X 10_15_7) AppleWebKit/537.36 (KHTML, like Gecko) Chrome/138.0.0.0 Safari/537.36','2025-07-21 09:27:48','2025-07-21 09:27:48'),(56,1,'update_admin','App\\Models\\User',28,'Updated admin user','{\"after\": {\"id\": 28, \"nip\": \"81452\", \"name\": \"Akmal\", \"email\": \"sales.mks1@daxtro.com\", \"phone\": \"09280524124\", \"role_id\": 2, \"branch_id\": 2, \"company_id\": 2, \"created_at\": \"2025-07-10T06:32:02.000000Z\", \"created_by\": 1, \"deleted_at\": null, \"updated_at\": \"2025-07-10T08:09:02.000000Z\", \"updated_by\": 1}, \"before\": {\"id\": 28, \"nip\": \"81452\", \"name\": \"Akmal\", \"email\": \"sales.mks1@daxtro.com\", \"phone\": \"09280524124\", \"role_id\": 2, \"branch_id\": 2, \"company_id\": 2, \"created_at\": \"2025-07-10T06:32:02.000000Z\", \"created_by\": 1, \"deleted_at\": null, \"updated_at\": \"2025-07-10T08:09:02.000000Z\", \"updated_by\": 1}}','104.23.175.190','Mozilla/5.0 (Macintosh; Intel Mac OS X 10_15_7) AppleWebKit/537.36 (KHTML, like Gecko) Chrome/138.0.0.0 Safari/537.36','2025-07-21 09:27:59','2025-07-21 09:27:59'),(57,1,'update_role_permissions','App\\Models\\UserRole',4,'Updated role permissions','{\"after\": [{\"id\": 82, \"role_id\": 4, \"created_at\": \"2025-07-21T02:30:48.000000Z\", \"deleted_at\": null, \"updated_at\": \"2025-07-21T02:30:48.000000Z\", \"permission_id\": 1}, {\"id\": 83, \"role_id\": 4, \"created_at\": \"2025-07-21T02:30:48.000000Z\", \"deleted_at\": null, \"updated_at\": \"2025-07-21T02:30:48.000000Z\", \"permission_id\": 11}, {\"id\": 84, \"role_id\": 4, \"created_at\": \"2025-07-21T02:30:48.000000Z\", \"deleted_at\": null, \"updated_at\": \"2025-07-21T02:30:48.000000Z\", \"permission_id\": 18}, {\"id\": 85, \"role_id\": 4, \"created_at\": \"2025-07-21T02:30:49.000000Z\", \"deleted_at\": null, \"updated_at\": \"2025-07-21T02:30:49.000000Z\", \"permission_id\": 15}, {\"id\": 86, \"role_id\": 4, \"created_at\": \"2025-07-21T02:30:49.000000Z\", \"deleted_at\": null, \"updated_at\": \"2025-07-21T02:30:49.000000Z\", \"permission_id\": 14}], \"before\": [{\"id\": 70, \"role_id\": 4, \"created_at\": \"2025-07-18T07:53:45.000000Z\", \"deleted_at\": null, \"updated_at\": \"2025-07-18T07:53:45.000000Z\", \"permission_id\": 1}, {\"id\": 71, \"role_id\": 4, \"created_at\": \"2025-07-18T07:53:45.000000Z\", \"deleted_at\": null, \"updated_at\": \"2025-07-18T07:53:45.000000Z\", \"permission_id\": 11}, {\"id\": 72, \"role_id\": 4, \"created_at\": \"2025-07-18T07:53:45.000000Z\", \"deleted_at\": null, \"updated_at\": \"2025-07-18T07:53:45.000000Z\", \"permission_id\": 18}, {\"id\": 73, \"role_id\": 4, \"created_at\": \"2025-07-18T07:53:45.000000Z\", \"deleted_at\": null, \"updated_at\": \"2025-07-18T07:53:45.000000Z\", \"permission_id\": 13}, {\"id\": 74, \"role_id\": 4, \"created_at\": \"2025-07-18T07:53:45.000000Z\", \"deleted_at\": null, \"updated_at\": \"2025-07-18T07:53:45.000000Z\", \"permission_id\": 15}, {\"id\": 75, \"role_id\": 4, \"created_at\": \"2025-07-18T07:53:45.000000Z\", \"deleted_at\": null, \"updated_at\": \"2025-07-18T07:53:45.000000Z\", \"permission_id\": 14}]}','162.158.170.34','Mozilla/5.0 (Macintosh; Intel Mac OS X 10_15_7) AppleWebKit/537.36 (KHTML, like Gecko) Chrome/138.0.0.0 Safari/537.36','2025-07-21 09:30:49','2025-07-21 09:30:49'),(58,1,'update_role_permissions','App\\Models\\UserRole',4,'Updated role permissions','{\"after\": [{\"id\": 87, \"role_id\": 4, \"created_at\": \"2025-07-21T02:32:13.000000Z\", \"deleted_at\": null, \"updated_at\": \"2025-07-21T02:32:13.000000Z\", \"permission_id\": 12}, {\"id\": 88, \"role_id\": 4, \"created_at\": \"2025-07-21T02:32:13.000000Z\", \"deleted_at\": null, \"updated_at\": \"2025-07-21T02:32:13.000000Z\", \"permission_id\": 1}, {\"id\": 89, \"role_id\": 4, \"created_at\": \"2025-07-21T02:32:13.000000Z\", \"deleted_at\": null, \"updated_at\": \"2025-07-21T02:32:13.000000Z\", \"permission_id\": 11}, {\"id\": 90, \"role_id\": 4, \"created_at\": \"2025-07-21T02:32:13.000000Z\", \"deleted_at\": null, \"updated_at\": \"2025-07-21T02:32:13.000000Z\", \"permission_id\": 18}, {\"id\": 91, \"role_id\": 4, \"created_at\": \"2025-07-21T02:32:13.000000Z\", \"deleted_at\": null, \"updated_at\": \"2025-07-21T02:32:13.000000Z\", \"permission_id\": 15}, {\"id\": 92, \"role_id\": 4, \"created_at\": \"2025-07-21T02:32:13.000000Z\", \"deleted_at\": null, \"updated_at\": \"2025-07-21T02:32:13.000000Z\", \"permission_id\": 14}], \"before\": [{\"id\": 82, \"role_id\": 4, \"created_at\": \"2025-07-21T02:30:48.000000Z\", \"deleted_at\": null, \"updated_at\": \"2025-07-21T02:30:48.000000Z\", \"permission_id\": 1}, {\"id\": 83, \"role_id\": 4, \"created_at\": \"2025-07-21T02:30:48.000000Z\", \"deleted_at\": null, \"updated_at\": \"2025-07-21T02:30:48.000000Z\", \"permission_id\": 11}, {\"id\": 84, \"role_id\": 4, \"created_at\": \"2025-07-21T02:30:48.000000Z\", \"deleted_at\": null, \"updated_at\": \"2025-07-21T02:30:48.000000Z\", \"permission_id\": 18}, {\"id\": 85, \"role_id\": 4, \"created_at\": \"2025-07-21T02:30:49.000000Z\", \"deleted_at\": null, \"updated_at\": \"2025-07-21T02:30:49.000000Z\", \"permission_id\": 15}, {\"id\": 86, \"role_id\": 4, \"created_at\": \"2025-07-21T02:30:49.000000Z\", \"deleted_at\": null, \"updated_at\": \"2025-07-21T02:30:49.000000Z\", \"permission_id\": 14}]}','162.158.189.243','Mozilla/5.0 (Macintosh; Intel Mac OS X 10_15_7) AppleWebKit/537.36 (KHTML, like Gecko) Chrome/138.0.0.0 Safari/537.36','2025-07-21 09:32:13','2025-07-21 09:32:13'),(59,31,'update_lead','App\\Models\\Leads\\Lead',255,'Updated lead','{\"after\": {\"id\": 255, \"name\": \"Waluyo\", \"email\": \"Waluyo@gmail.com\", \"needs\": \"Cold Room ( Ruang Pendingin )\", \"phone\": \"085230723555\", \"company\": \"-\", \"province\": \"Jawa Tengah\", \"branch_id\": 3, \"region_id\": 43, \"source_id\": 1, \"status_id\": 2, \"created_at\": \"2025-07-21T02:05:26.000000Z\", \"product_id\": null, \"segment_id\": 3, \"updated_at\": \"2025-07-21T02:43:43.000000Z\", \"published_at\": \"2025-07-21 09:05:26\", \"customer_type\": \"Personal\", \"first_sales_id\": null}, \"before\": {\"id\": 255, \"name\": \"Waluyo\", \"email\": \"Waluyo@gmail.com\", \"needs\": \"Cold Room ( Ruang Pendingin )\", \"phone\": \"085230723555\", \"company\": \"-\", \"province\": \"Jawa Tengah\", \"branch_id\": null, \"region_id\": 43, \"source_id\": 1, \"status_id\": 2, \"created_at\": \"2025-07-21T02:05:26.000000Z\", \"product_id\": null, \"segment_id\": 3, \"updated_at\": \"2025-07-21T02:42:40.000000Z\", \"published_at\": \"2025-07-21 09:05:26\", \"customer_type\": \"Personal\", \"first_sales_id\": null}}','104.23.175.151','Mozilla/5.0 (Macintosh; Intel Mac OS X 10_15_7) AppleWebKit/605.1.15 (KHTML, like Gecko) Version/17.6 Safari/605.1.15','2025-07-21 09:43:43','2025-07-21 09:43:43'),(60,24,'update_lead','App\\Models\\Leads\\Lead',251,'Updated lead','{\"after\": {\"id\": 251, \"name\": \"Effendi\", \"email\": \"effendi@gmail.com\", \"needs\": \"Block Ice ( Mesin Es Balok )\", \"phone\": \"+62 852-5488-7771\", \"company\": \"PT. Lintas Inti Energy\", \"province\": \"DKI Jakarta\", \"branch_id\": 1, \"region_id\": 2, \"source_id\": 1, \"status_id\": 2, \"created_at\": \"2025-07-18T04:23:55.000000Z\", \"product_id\": null, \"segment_id\": 1, \"updated_at\": \"2025-07-21T04:27:47.000000Z\", \"published_at\": \"2025-07-18 11:23:55\", \"customer_type\": \"Personal\", \"first_sales_id\": null}, \"before\": {\"id\": 251, \"name\": \"Effendi\", \"email\": \"effendi@gmail.com\", \"needs\": \"Block Ice ( Mesin Es Balok )\", \"phone\": \"+62 852-5488-7771\", \"company\": \"-\", \"province\": \"DKI Jakarta\", \"branch_id\": null, \"region_id\": 2, \"source_id\": 1, \"status_id\": 2, \"created_at\": \"2025-07-18T04:23:55.000000Z\", \"product_id\": null, \"segment_id\": 3, \"updated_at\": \"2025-07-18T04:32:18.000000Z\", \"published_at\": \"2025-07-18 11:23:55\", \"customer_type\": \"Personal\", \"first_sales_id\": null}}','162.158.26.203','Mozilla/5.0 (Windows NT 10.0; Win64; x64) AppleWebKit/537.36 (KHTML, like Gecko) Chrome/138.0.0.0 Safari/537.36','2025-07-21 11:27:47','2025-07-21 11:27:47'),(61,31,'update_lead','App\\Models\\Leads\\Lead',260,'Updated lead','{\"after\": {\"id\": 260, \"name\": \"Andrew\", \"email\": \"andrew@gmail.com\", \"needs\": \"Tube Ice ( Mesin Es Kristal Tabung )\", \"phone\": \"+62 878-2258-8848\", \"company\": \"-\", \"province\": \"Bali\", \"branch_id\": 3, \"region_id\": 128, \"source_id\": 1, \"status_id\": 2, \"created_at\": \"2025-07-22T01:54:32.000000Z\", \"product_id\": null, \"segment_id\": 3, \"updated_at\": \"2025-07-22T02:26:27.000000Z\", \"published_at\": \"2025-07-22 08:54:32\", \"customer_type\": \"Personal\", \"first_sales_id\": null}, \"before\": {\"id\": 260, \"name\": \"Andrew\", \"email\": \"andrew@gmail.com\", \"needs\": \"Tube Ice ( Mesin Es Kristal Tabung )\", \"phone\": \"+62 878-2258-8848\", \"company\": \"-\", \"province\": \"Bali\", \"branch_id\": null, \"region_id\": 128, \"source_id\": 1, \"status_id\": 2, \"created_at\": \"2025-07-22T01:54:32.000000Z\", \"product_id\": null, \"segment_id\": 3, \"updated_at\": \"2025-07-22T02:22:34.000000Z\", \"published_at\": \"2025-07-22 08:54:32\", \"customer_type\": \"Personal\", \"first_sales_id\": null}}','172.69.165.53','Mozilla/5.0 (Macintosh; Intel Mac OS X 10_15_7) AppleWebKit/605.1.15 (KHTML, like Gecko) Version/17.6 Safari/605.1.15','2025-07-22 09:26:27','2025-07-22 09:26:27'),(62,36,'update_lead','App\\Models\\Leads\\Lead',261,'Updated lead','{\"after\": {\"id\": 261, \"name\": \"BUDI\", \"email\": \"BUDI@ANDUK.COM\", \"needs\": \"Block Ice ( Mesin Es Balok )\", \"phone\": \"08111111111111\", \"company\": \"AKU SUKA\", \"province\": \"DKI Jakarta\", \"branch_id\": 1, \"region_id\": 7, \"source_id\": 2, \"status_id\": 2, \"created_at\": \"2025-07-22T02:51:07.000000Z\", \"product_id\": null, \"segment_id\": 1, \"updated_at\": \"2025-07-22T02:53:01.000000Z\", \"published_at\": \"2025-07-22 09:51:07\", \"customer_type\": \"Corporate\", \"first_sales_id\": null}, \"before\": {\"id\": 261, \"name\": \"BUDI\", \"email\": \"BUDI@ANDUK.COM\", \"needs\": \"Block Ice ( Mesin Es Balok )\", \"phone\": \"08111111111111\", \"company\": \"AKU SUKA\", \"province\": \"DKI Jakarta\", \"branch_id\": null, \"region_id\": 7, \"source_id\": 2, \"status_id\": 2, \"created_at\": \"2025-07-22T02:51:07.000000Z\", \"product_id\": null, \"segment_id\": 1, \"updated_at\": \"2025-07-22T02:52:42.000000Z\", \"published_at\": \"2025-07-22 09:51:07\", \"customer_type\": \"Corporate\", \"first_sales_id\": null}}','162.158.90.60','Mozilla/5.0 (Macintosh; Intel Mac OS X 10_15_7) AppleWebKit/537.36 (KHTML, like Gecko) Chrome/138.0.0.0 Safari/537.36','2025-07-22 09:53:01','2025-07-22 09:53:01'),(63,25,'update_role_permissions','App\\Models\\UserRole',2,'Updated role permissions','{\"after\": [{\"id\": 93, \"role_id\": 2, \"created_at\": \"2025-07-22T04:06:44.000000Z\", \"deleted_at\": null, \"updated_at\": \"2025-07-22T04:06:44.000000Z\", \"permission_id\": 12}, {\"id\": 94, \"role_id\": 2, \"created_at\": \"2025-07-22T04:06:44.000000Z\", \"deleted_at\": null, \"updated_at\": \"2025-07-22T04:06:44.000000Z\", \"permission_id\": 1}, {\"id\": 95, \"role_id\": 2, \"created_at\": \"2025-07-22T04:06:44.000000Z\", \"deleted_at\": null, \"updated_at\": \"2025-07-22T04:06:44.000000Z\", \"permission_id\": 16}, {\"id\": 96, \"role_id\": 2, \"created_at\": \"2025-07-22T04:06:44.000000Z\", \"deleted_at\": null, \"updated_at\": \"2025-07-22T04:06:44.000000Z\", \"permission_id\": 13}, {\"id\": 97, \"role_id\": 2, \"created_at\": \"2025-07-22T04:06:44.000000Z\", \"deleted_at\": null, \"updated_at\": \"2025-07-22T04:06:44.000000Z\", \"permission_id\": 15}, {\"id\": 98, \"role_id\": 2, \"created_at\": \"2025-07-22T04:06:44.000000Z\", \"deleted_at\": null, \"updated_at\": \"2025-07-22T04:06:44.000000Z\", \"permission_id\": 14}], \"before\": [{\"id\": 76, \"role_id\": 2, \"created_at\": \"2025-07-18T08:28:08.000000Z\", \"deleted_at\": null, \"updated_at\": \"2025-07-18T08:28:08.000000Z\", \"permission_id\": 12}, {\"id\": 77, \"role_id\": 2, \"created_at\": \"2025-07-18T08:28:08.000000Z\", \"deleted_at\": null, \"updated_at\": \"2025-07-18T08:28:08.000000Z\", \"permission_id\": 1}, {\"id\": 78, \"role_id\": 2, \"created_at\": \"2025-07-18T08:28:08.000000Z\", \"deleted_at\": null, \"updated_at\": \"2025-07-18T08:28:08.000000Z\", \"permission_id\": 16}, {\"id\": 79, \"role_id\": 2, \"created_at\": \"2025-07-18T08:28:08.000000Z\", \"deleted_at\": null, \"updated_at\": \"2025-07-18T08:28:08.000000Z\", \"permission_id\": 13}, {\"id\": 80, \"role_id\": 2, \"created_at\": \"2025-07-18T08:28:08.000000Z\", \"deleted_at\": null, \"updated_at\": \"2025-07-18T08:28:08.000000Z\", \"permission_id\": 15}, {\"id\": 81, \"role_id\": 2, \"created_at\": \"2025-07-18T08:28:08.000000Z\", \"deleted_at\": null, \"updated_at\": \"2025-07-18T08:28:08.000000Z\", \"permission_id\": 14}]}','172.69.176.16','Mozilla/5.0 (Macintosh; Intel Mac OS X 10_15_7) AppleWebKit/537.36 (KHTML, like Gecko) Chrome/138.0.0.0 Safari/537.36','2025-07-22 11:06:44','2025-07-22 11:06:44'),(64,1,'create_user_role','App\\Models\\UserRole',10,'Created new user role','{\"after\": {\"id\": 10, \"code\": null, \"name\": \"FINPUR\", \"created_at\": \"2025-07-22T04:40:52.000000Z\", \"deleted_at\": null, \"updated_at\": \"2025-07-22T04:40:52.000000Z\"}, \"before\": null}','172.70.188.110','Mozilla/5.0 (Macintosh; Intel Mac OS X 10_15_7) AppleWebKit/537.36 (KHTML, like Gecko) Chrome/138.0.0.0 Safari/537.36','2025-07-22 11:40:52','2025-07-22 11:40:52'),(65,1,'update_role_permissions','App\\Models\\UserRole',10,'Updated role permissions','{\"after\": [{\"id\": 99, \"role_id\": 10, \"created_at\": \"2025-07-22T04:41:34.000000Z\", \"deleted_at\": null, \"updated_at\": \"2025-07-22T04:41:34.000000Z\", \"permission_id\": 2}, {\"id\": 100, \"role_id\": 10, \"created_at\": \"2025-07-22T04:41:34.000000Z\", \"deleted_at\": null, \"updated_at\": \"2025-07-22T04:41:34.000000Z\", \"permission_id\": 9}, {\"id\": 101, \"role_id\": 10, \"created_at\": \"2025-07-22T04:41:34.000000Z\", \"deleted_at\": null, \"updated_at\": \"2025-07-22T04:41:34.000000Z\", \"permission_id\": 7}, {\"id\": 102, \"role_id\": 10, \"created_at\": \"2025-07-22T04:41:34.000000Z\", \"deleted_at\": null, \"updated_at\": \"2025-07-22T04:41:34.000000Z\", \"permission_id\": 1}, {\"id\": 103, \"role_id\": 10, \"created_at\": \"2025-07-22T04:41:34.000000Z\", \"deleted_at\": null, \"updated_at\": \"2025-07-22T04:41:34.000000Z\", \"permission_id\": 10}, {\"id\": 104, \"role_id\": 10, \"created_at\": \"2025-07-22T04:41:34.000000Z\", \"deleted_at\": null, \"updated_at\": \"2025-07-22T04:41:34.000000Z\", \"permission_id\": 17}, {\"id\": 105, \"role_id\": 10, \"created_at\": \"2025-07-22T04:41:34.000000Z\", \"deleted_at\": null, \"updated_at\": \"2025-07-22T04:41:34.000000Z\", \"permission_id\": 16}, {\"id\": 106, \"role_id\": 10, \"created_at\": \"2025-07-22T04:41:34.000000Z\", \"deleted_at\": null, \"updated_at\": \"2025-07-22T04:41:34.000000Z\", \"permission_id\": 15}, {\"id\": 107, \"role_id\": 10, \"created_at\": \"2025-07-22T04:41:34.000000Z\", \"deleted_at\": null, \"updated_at\": \"2025-07-22T04:41:34.000000Z\", \"permission_id\": 6}, {\"id\": 108, \"role_id\": 10, \"created_at\": \"2025-07-22T04:41:34.000000Z\", \"deleted_at\": null, \"updated_at\": \"2025-07-22T04:41:34.000000Z\", \"permission_id\": 5}], \"before\": []}','162.158.190.56','Mozilla/5.0 (Macintosh; Intel Mac OS X 10_15_7) AppleWebKit/537.36 (KHTML, like Gecko) Chrome/138.0.0.0 Safari/537.36','2025-07-22 11:41:34','2025-07-22 11:41:34'),(66,1,'update_admin','App\\Models\\User',35,'Updated admin user','{\"after\": {\"id\": 35, \"nip\": \"12345678\", \"name\": \"Dafa\", \"email\": \"daffa.finance@daxtro.com\", \"phone\": \"00000111111111\", \"role_id\": 10, \"branch_id\": 1, \"company_id\": 1, \"created_at\": \"2025-07-17T09:47:24.000000Z\", \"created_by\": 1, \"deleted_at\": null, \"updated_at\": \"2025-07-22T04:42:23.000000Z\", \"updated_by\": 1}, \"before\": {\"id\": 35, \"nip\": \"12345678\", \"name\": \"Dafa\", \"email\": \"daffa.finance@daxtro.com\", \"phone\": \"00000111111111\", \"role_id\": 5, \"branch_id\": 1, \"company_id\": 1, \"created_at\": \"2025-07-17T09:47:24.000000Z\", \"created_by\": 1, \"deleted_at\": null, \"updated_at\": \"2025-07-17T09:47:24.000000Z\", \"updated_by\": 1}}','172.70.208.164','Mozilla/5.0 (Macintosh; Intel Mac OS X 10_15_7) AppleWebKit/537.36 (KHTML, like Gecko) Chrome/138.0.0.0 Safari/537.36','2025-07-22 11:42:23','2025-07-22 11:42:23'),(67,24,'create_lead','App\\Models\\Leads\\Lead',262,'Created new lead','{\"after\": {\"id\": 262, \"name\": \"Christian\", \"email\": \"purchasing@dcostseafood.id\", \"needs\": \"Tube Ice ( Mesin Es Kristal Tabung )\", \"phone\": \"081229277777\", \"company\": \"PT Pendekar Bodoh\", \"province\": \"Banten\", \"branch_id\": 1, \"region_id\": 77, \"source_id\": 8, \"status_id\": 2, \"created_at\": \"2025-07-23T06:39:55.000000Z\", \"product_id\": 1, \"segment_id\": 1, \"updated_at\": \"2025-07-23T06:39:55.000000Z\", \"published_at\": \"2025-07-23 13:39:55\", \"customer_type\": \"Corporate\", \"first_sales_id\": null}}','162.158.26.134','Mozilla/5.0 (Windows NT 10.0; Win64; x64) AppleWebKit/537.36 (KHTML, like Gecko) Chrome/138.0.0.0 Safari/537.36','2025-07-23 13:39:55','2025-07-23 13:39:55'),(68,24,'create_lead','App\\Models\\Leads\\Lead',263,'Created new lead','{\"after\": {\"id\": 263, \"name\": \"pak tri\", \"email\": \"tri.setyawati@kopikenangan.com\", \"needs\": \"Tube Ice ( Mesin Es Kristal Tabung )\", \"phone\": \"08170756865\", \"company\": \"PT Berkah bumi boga\", \"province\": \"DKI Jakarta\", \"branch_id\": 1, \"region_id\": 3, \"source_id\": 8, \"status_id\": 2, \"created_at\": \"2025-07-23T06:39:55.000000Z\", \"product_id\": 1, \"segment_id\": 1, \"updated_at\": \"2025-07-23T06:39:55.000000Z\", \"published_at\": \"2025-07-23 13:39:55\", \"customer_type\": \"Corporate\", \"first_sales_id\": null}}','162.158.26.134','Mozilla/5.0 (Windows NT 10.0; Win64; x64) AppleWebKit/537.36 (KHTML, like Gecko) Chrome/138.0.0.0 Safari/537.36','2025-07-23 13:39:55','2025-07-23 13:39:55'),(69,24,'update_lead','App\\Models\\Leads\\Lead',251,'Updated lead','{\"after\": {\"id\": 251, \"name\": \"Effendi\", \"email\": \"effendi@gmail.com\", \"needs\": \"Block Ice ( Mesin Es Balok )\", \"phone\": \"+62 852-5488-7771\", \"company\": \"PT. Lintas Inti Energy\", \"province\": \"DKI Jakarta\", \"branch_id\": 1, \"region_id\": 2, \"source_id\": 1, \"status_id\": 2, \"created_at\": \"2025-07-18T04:23:55.000000Z\", \"product_id\": null, \"segment_id\": 1, \"updated_at\": \"2025-07-21T04:27:47.000000Z\", \"published_at\": \"2025-07-18 11:23:55\", \"customer_type\": \"Personal\", \"first_sales_id\": null}, \"before\": {\"id\": 251, \"name\": \"Effendi\", \"email\": \"effendi@gmail.com\", \"needs\": \"Block Ice ( Mesin Es Balok )\", \"phone\": \"+62 852-5488-7771\", \"company\": \"PT. Lintas Inti Energy\", \"province\": \"DKI Jakarta\", \"branch_id\": 1, \"region_id\": 2, \"source_id\": 1, \"status_id\": 2, \"created_at\": \"2025-07-18T04:23:55.000000Z\", \"product_id\": null, \"segment_id\": 1, \"updated_at\": \"2025-07-21T04:27:47.000000Z\", \"published_at\": \"2025-07-18 11:23:55\", \"customer_type\": \"Personal\", \"first_sales_id\": null}}','162.158.22.193','Mozilla/5.0 (Windows NT 10.0; Win64; x64) AppleWebKit/537.36 (KHTML, like Gecko) Chrome/138.0.0.0 Safari/537.36','2025-07-25 08:22:09','2025-07-25 08:22:09'),(70,1,'update_admin','App\\Models\\User',19,'Updated admin user','{\"after\": {\"id\": 19, \"nip\": \"NIP019\", \"name\": \"Purchasing SBY\", \"email\": \"purchasing@daxtro.com\", \"phone\": \"089898\", \"role_id\": 9, \"branch_id\": 3, \"company_id\": 1, \"created_at\": null, \"created_by\": null, \"deleted_at\": null, \"updated_at\": \"2025-07-25T14:49:03.000000Z\", \"updated_by\": 1}, \"before\": {\"id\": 19, \"nip\": \"NIP019\", \"name\": \"Purchasing SBY\", \"email\": \"sby_purchasing@localhost.com\", \"phone\": null, \"role_id\": 9, \"branch_id\": 3, \"company_id\": null, \"created_at\": null, \"created_by\": null, \"deleted_at\": null, \"updated_at\": null, \"updated_by\": null}}','172.68.234.138','Mozilla/5.0 (Macintosh; Intel Mac OS X 10_15_7) AppleWebKit/537.36 (KHTML, like Gecko) Chrome/138.0.0.0 Safari/537.36','2025-07-25 21:49:03','2025-07-25 21:49:03'),(71,1,'update_role_permissions','App\\Models\\UserRole',4,'Updated role permissions','{\"after\": [{\"id\": 111, \"role_id\": 4, \"created_at\": \"2025-07-28T03:35:52.000000Z\", \"deleted_at\": null, \"updated_at\": \"2025-07-28T03:35:52.000000Z\", \"permission_id\": 12}, {\"id\": 112, \"role_id\": 4, \"created_at\": \"2025-07-28T03:35:52.000000Z\", \"deleted_at\": null, \"updated_at\": \"2025-07-28T03:35:52.000000Z\", \"permission_id\": 1}, {\"id\": 113, \"role_id\": 4, \"created_at\": \"2025-07-28T03:35:52.000000Z\", \"deleted_at\": null, \"updated_at\": \"2025-07-28T03:35:52.000000Z\", \"permission_id\": 11}, {\"id\": 114, \"role_id\": 4, \"created_at\": \"2025-07-28T03:35:52.000000Z\", \"deleted_at\": null, \"updated_at\": \"2025-07-28T03:35:52.000000Z\", \"permission_id\": 18}, {\"id\": 115, \"role_id\": 4, \"created_at\": \"2025-07-28T03:35:52.000000Z\", \"deleted_at\": null, \"updated_at\": \"2025-07-28T03:35:52.000000Z\", \"permission_id\": 13}, {\"id\": 116, \"role_id\": 4, \"created_at\": \"2025-07-28T03:35:52.000000Z\", \"deleted_at\": null, \"updated_at\": \"2025-07-28T03:35:52.000000Z\", \"permission_id\": 15}, {\"id\": 117, \"role_id\": 4, \"created_at\": \"2025-07-28T03:35:52.000000Z\", \"deleted_at\": null, \"updated_at\": \"2025-07-28T03:35:52.000000Z\", \"permission_id\": 14}], \"before\": [{\"id\": 87, \"role_id\": 4, \"created_at\": \"2025-07-21T02:32:13.000000Z\", \"deleted_at\": null, \"updated_at\": \"2025-07-21T02:32:13.000000Z\", \"permission_id\": 12}, {\"id\": 88, \"role_id\": 4, \"created_at\": \"2025-07-21T02:32:13.000000Z\", \"deleted_at\": null, \"updated_at\": \"2025-07-21T02:32:13.000000Z\", \"permission_id\": 1}, {\"id\": 89, \"role_id\": 4, \"created_at\": \"2025-07-21T02:32:13.000000Z\", \"deleted_at\": null, \"updated_at\": \"2025-07-21T02:32:13.000000Z\", \"permission_id\": 11}, {\"id\": 90, \"role_id\": 4, \"created_at\": \"2025-07-21T02:32:13.000000Z\", \"deleted_at\": null, \"updated_at\": \"2025-07-21T02:32:13.000000Z\", \"permission_id\": 18}, {\"id\": 91, \"role_id\": 4, \"created_at\": \"2025-07-21T02:32:13.000000Z\", \"deleted_at\": null, \"updated_at\": \"2025-07-21T02:32:13.000000Z\", \"permission_id\": 15}, {\"id\": 92, \"role_id\": 4, \"created_at\": \"2025-07-21T02:32:13.000000Z\", \"deleted_at\": null, \"updated_at\": \"2025-07-21T02:32:13.000000Z\", \"permission_id\": 14}]}','108.162.227.8','Mozilla/5.0 (Macintosh; Intel Mac OS X 10_15_7) AppleWebKit/537.36 (KHTML, like Gecko) Chrome/138.0.0.0 Safari/537.36','2025-07-28 10:35:52','2025-07-28 10:35:52'),(72,5,'create_lead','App\\Models\\Leads\\Lead',281,'Created new lead','{\"after\": {\"id\": 281, \"name\": \"Mr tes\", \"email\": \"febrianaries@gmail.com\", \"needs\": \"Cube Ice ( Mesin Es Kristal Kubus )\", \"phone\": \"123123\", \"tonase\": \"1.00\", \"company\": \"tes\", \"province\": \"DKI Jakarta\", \"branch_id\": 1, \"region_id\": 1, \"source_id\": 8, \"status_id\": 2, \"created_at\": \"2025-07-28T08:16:26.000000Z\", \"jabatan_id\": 2, \"product_id\": 2, \"segment_id\": 2, \"updated_at\": \"2025-07-28T08:16:26.000000Z\", \"industry_id\": 3, \"published_at\": \"2025-07-28 15:16:26\", \"customer_type\": \"Government\", \"first_sales_id\": null, \"other_industry\": null}}','172.68.164.34','Mozilla/5.0 (Windows NT 10.0; Win64; x64) AppleWebKit/537.36 (KHTML, like Gecko) Chrome/135.0.0.0 Safari/537.36','2025-07-28 15:16:26','2025-07-28 15:16:26'),(73,1,'update_lead','App\\Models\\Leads\\Lead',282,'Updated lead','{\"after\": {\"id\": 282, \"name\": \"Mrs Aj\", \"email\": \"Aj@gmail.com\", \"needs\": \"Tube Ice ( Mesin Es Kristal Tabung )\", \"phone\": \"+62 823-4283-0575\", \"tonase\": \"1.00\", \"company\": \"-\", \"province\": \"Jawa Tengah\", \"branch_id\": 3, \"region_id\": 45, \"source_id\": 1, \"status_id\": 1, \"created_at\": \"2025-07-28T08:16:55.000000Z\", \"jabatan_id\": 10, \"product_id\": null, \"segment_id\": 3, \"updated_at\": \"2025-07-28T08:18:15.000000Z\", \"industry_id\": null, \"published_at\": \"2025-07-28 15:16:55\", \"customer_type\": \"Personal\", \"first_sales_id\": null, \"other_industry\": \"es kristal\"}, \"before\": {\"id\": 282, \"name\": \"Mr Aj\", \"email\": \"Aj@gmail.com\", \"needs\": \"Tube Ice ( Mesin Es Kristal Tabung )\", \"phone\": \"+62 823-4283-0575\", \"tonase\": \"1.00\", \"company\": \"-\", \"province\": \"Jawa Tengah\", \"branch_id\": null, \"region_id\": 45, \"source_id\": 1, \"status_id\": 1, \"created_at\": \"2025-07-28T08:16:55.000000Z\", \"jabatan_id\": null, \"product_id\": null, \"segment_id\": null, \"updated_at\": \"2025-07-28T08:16:55.000000Z\", \"industry_id\": null, \"published_at\": \"2025-07-28 15:16:55\", \"customer_type\": \"Personal\", \"first_sales_id\": null, \"other_industry\": null}}','172.70.208.16','Mozilla/5.0 (Windows NT 10.0; Win64; x64) AppleWebKit/537.36 (KHTML, like Gecko) Chrome/138.0.0.0 Safari/537.36','2025-07-28 15:18:15','2025-07-28 15:18:15'),(74,1,'update_lead','App\\Models\\Leads\\Lead',275,'Updated lead','{\"after\": {\"id\": 275, \"name\": \"Mr Afan\", \"email\": \"afan@gmail.com\", \"needs\": \"Tube Ice ( Mesin Es Kristal Tabung )\", \"phone\": \"+62 859-3321-5442\", \"tonase\": \"3.00\", \"company\": \"-\", \"province\": \"Jawa Timur\", \"branch_id\": 3, \"region_id\": 104, \"source_id\": 1, \"status_id\": 1, \"created_at\": \"2025-07-28T02:53:05.000000Z\", \"jabatan_id\": 10, \"product_id\": null, \"segment_id\": 3, \"updated_at\": \"2025-07-28T08:18:49.000000Z\", \"industry_id\": null, \"published_at\": \"2025-07-28 09:53:05\", \"customer_type\": \"Personal\", \"first_sales_id\": null, \"other_industry\": \"es kristal\"}, \"before\": {\"id\": 275, \"name\": \"Mr -\", \"email\": \"afan@gmail.com\", \"needs\": \"Tube Ice ( Mesin Es Kristal Tabung )\", \"phone\": \"+62 859-3321-5442\", \"tonase\": \"3.00\", \"company\": \"-\", \"province\": \"Jawa Timur\", \"branch_id\": null, \"region_id\": 104, \"source_id\": 1, \"status_id\": 1, \"created_at\": \"2025-07-28T02:53:05.000000Z\", \"jabatan_id\": 10, \"product_id\": null, \"segment_id\": null, \"updated_at\": \"2025-07-28T02:53:05.000000Z\", \"industry_id\": null, \"published_at\": \"2025-07-28 09:53:05\", \"customer_type\": \"Personal\", \"first_sales_id\": null, \"other_industry\": null}}','172.70.208.16','Mozilla/5.0 (Windows NT 10.0; Win64; x64) AppleWebKit/537.36 (KHTML, like Gecko) Chrome/138.0.0.0 Safari/537.36','2025-07-28 15:18:49','2025-07-28 15:18:49'),(75,21,'update_lead','App\\Models\\Leads\\Lead',258,'Updated lead','{\"after\": {\"id\": 258, \"name\": \"Mr Marsya\", \"email\": \"marsya@gmail.com\", \"needs\": \"Tube Ice ( Mesin Es Kristal Tabung )\", \"phone\": \"+62 813-3377-6899\", \"tonase\": null, \"company\": \"-\", \"province\": \"Banten\", \"branch_id\": 1, \"region_id\": 80, \"source_id\": 1, \"status_id\": 2, \"created_at\": \"2025-07-21T09:41:30.000000Z\", \"jabatan_id\": 4, \"product_id\": 2, \"segment_id\": 3, \"updated_at\": \"2025-07-28T09:06:54.000000Z\", \"industry_id\": null, \"published_at\": \"2025-07-21 16:41:30\", \"customer_type\": \"Personal\", \"first_sales_id\": null, \"other_industry\": \"Es Kristal\"}, \"before\": {\"id\": 258, \"name\": \"Marsya\", \"email\": \"marsya@gmail.com\", \"needs\": \"Flake ice ( Mesin Es Pecah )\", \"phone\": \"+62 813-3377-6899\", \"tonase\": null, \"company\": \"-\", \"province\": \"Jawa Barat\", \"branch_id\": null, \"region_id\": 80, \"source_id\": 1, \"status_id\": 2, \"created_at\": \"2025-07-21T09:41:30.000000Z\", \"jabatan_id\": null, \"product_id\": null, \"segment_id\": 3, \"updated_at\": \"2025-07-22T01:40:34.000000Z\", \"industry_id\": null, \"published_at\": \"2025-07-21 16:41:30\", \"customer_type\": \"Personal\", \"first_sales_id\": null, \"other_industry\": null}}','172.70.208.38','Mozilla/5.0 (Windows NT 10.0; Win64; x64) AppleWebKit/537.36 (KHTML, like Gecko) Chrome/138.0.0.0 Safari/537.36','2025-07-28 16:06:54','2025-07-28 16:06:54'),(76,23,'create_lead','App\\Models\\Leads\\Lead',289,'Created new lead','{\"after\": {\"id\": 289, \"name\": \"Mr Feryka\", \"email\": \"ferykahidayat@gmail.coom\", \"needs\": \"Flake ice ( Mesin Es Pecah )\", \"phone\": \"089628104735\", \"tonase\": null, \"company\": \"Mulia Abadi Sarana\", \"province\": \"Jawa Barat\", \"branch_id\": 1, \"region_id\": 7, \"source_id\": 8, \"status_id\": 2, \"created_at\": \"2025-07-29T09:09:48.000000Z\", \"jabatan_id\": 4, \"product_id\": 95, \"segment_id\": 1, \"updated_at\": \"2025-07-29T09:09:48.000000Z\", \"industry_id\": 2, \"published_at\": \"2025-07-29 16:09:48\", \"customer_type\": \"Corporate\", \"first_sales_id\": null, \"other_industry\": null}}','162.158.189.89','Mozilla/5.0 (Windows NT 10.0; Win64; x64) AppleWebKit/537.36 (KHTML, like Gecko) Chrome/138.0.0.0 Safari/537.36','2025-07-29 16:09:48','2025-07-29 16:09:48'),(77,23,'create_lead','App\\Models\\Leads\\Lead',290,'Created new lead','{\"after\": {\"id\": 290, \"name\": \"Mr Iwan\", \"email\": \"iwan@gmail.com\", \"needs\": \"Tube Ice ( Mesin Es Kristal Tabung )\", \"phone\": \"082320301692\", \"tonase\": null, \"company\": \"Pabrik Es Tirta Hijau\", \"province\": \"Jawa Barat\", \"branch_id\": 1, \"region_id\": 29, \"source_id\": 8, \"status_id\": 2, \"created_at\": \"2025-07-29T09:13:19.000000Z\", \"jabatan_id\": 2, \"product_id\": 1, \"segment_id\": 1, \"updated_at\": \"2025-07-29T09:13:19.000000Z\", \"industry_id\": 9, \"published_at\": \"2025-07-29 16:13:19\", \"customer_type\": \"Corporate\", \"first_sales_id\": null, \"other_industry\": null}}','162.158.106.70','Mozilla/5.0 (Windows NT 10.0; Win64; x64) AppleWebKit/537.36 (KHTML, like Gecko) Chrome/138.0.0.0 Safari/537.36','2025-07-29 16:13:19','2025-07-29 16:13:19'),(78,23,'create_lead','App\\Models\\Leads\\Lead',291,'Created new lead','{\"after\": {\"id\": 291, \"name\": \"Mr Ridi\", \"email\": \"ridi@gmail.com\", \"needs\": \"Flake ice ( Mesin Es Pecah )\", \"phone\": \"082120016001\", \"tonase\": null, \"company\": \"Dinas Perikanan dan Peternakan Kota Bandung\", \"province\": \"Jawa Barat\", \"branch_id\": 1, \"region_id\": 25, \"source_id\": 8, \"status_id\": 2, \"created_at\": \"2025-07-29T09:15:42.000000Z\", \"jabatan_id\": 4, \"product_id\": 92, \"segment_id\": 2, \"updated_at\": \"2025-07-29T09:15:42.000000Z\", \"industry_id\": 2, \"published_at\": \"2025-07-29 16:15:42\", \"customer_type\": \"Institution\", \"first_sales_id\": null, \"other_industry\": null}}','104.23.175.204','Mozilla/5.0 (Windows NT 10.0; Win64; x64) AppleWebKit/537.36 (KHTML, like Gecko) Chrome/138.0.0.0 Safari/537.36','2025-07-29 16:15:42','2025-07-29 16:15:42'),(79,24,'create_lead','App\\Models\\Leads\\Lead',292,'Created new lead','{\"after\": {\"id\": 292, \"name\": \"Mrs Mba Riana\", \"email\": \"raesky65@gmail.com\", \"needs\": \"Cold Room ( Ruang Pendingin )\", \"phone\": \"(021) 4808333\", \"tonase\": null, \"company\": \"Dinas KPKP Jakarta Timur\", \"province\": \"DKI Jakarta\", \"branch_id\": 1, \"region_id\": 5, \"source_id\": 8, \"status_id\": 2, \"created_at\": \"2025-07-30T00:27:32.000000Z\", \"jabatan_id\": 10, \"product_id\": 108, \"segment_id\": 2, \"updated_at\": \"2025-07-30T00:27:32.000000Z\", \"industry_id\": 2, \"published_at\": \"2025-07-30 07:27:32\", \"customer_type\": \"Government\", \"first_sales_id\": null, \"other_industry\": null}}','162.158.26.135','Mozilla/5.0 (Windows NT 10.0; Win64; x64) AppleWebKit/537.36 (KHTML, like Gecko) Chrome/138.0.0.0 Safari/537.36','2025-07-30 07:27:32','2025-07-30 07:27:32'),(80,24,'create_lead','App\\Models\\Leads\\Lead',293,'Created new lead','{\"after\": {\"id\": 293, \"name\": \"Mr Pak Akbar\", \"email\": \"raesky65@gmail.com\", \"needs\": \"Cold Room ( Ruang Pendingin )\", \"phone\": \"08111772247\", \"tonase\": null, \"company\": \"Dinas KPKP Jakarta Utara\", \"province\": \"DKI Jakarta\", \"branch_id\": 1, \"region_id\": 6, \"source_id\": 8, \"status_id\": 2, \"created_at\": \"2025-07-30T00:27:32.000000Z\", \"jabatan_id\": 10, \"product_id\": 108, \"segment_id\": 2, \"updated_at\": \"2025-07-30T00:27:32.000000Z\", \"industry_id\": 2, \"published_at\": \"2025-07-30 07:27:32\", \"customer_type\": \"Government\", \"first_sales_id\": null, \"other_industry\": null}}','162.158.26.135','Mozilla/5.0 (Windows NT 10.0; Win64; x64) AppleWebKit/537.36 (KHTML, like Gecko) Chrome/138.0.0.0 Safari/537.36','2025-07-30 07:27:32','2025-07-30 07:27:32'),(81,24,'update_lead','App\\Models\\Leads\\Lead',293,'Updated lead','{\"after\": {\"id\": 293, \"name\": \"Mr Akbar\", \"email\": \"raesky65@gmail.com\", \"needs\": \"Cold Room ( Ruang Pendingin )\", \"phone\": \"08111772247\", \"tonase\": null, \"company\": \"Dinas KPKP Jakarta Utara\", \"province\": \"DKI Jakarta\", \"branch_id\": 1, \"region_id\": 6, \"source_id\": 9, \"status_id\": 2, \"created_at\": \"2025-07-30T00:27:32.000000Z\", \"jabatan_id\": 10, \"product_id\": 108, \"segment_id\": 2, \"updated_at\": \"2025-07-30T00:28:03.000000Z\", \"industry_id\": 2, \"published_at\": \"2025-07-30 07:27:32\", \"customer_type\": \"Government\", \"first_sales_id\": null, \"other_industry\": null}, \"before\": {\"id\": 293, \"name\": \"Mr Pak Akbar\", \"email\": \"raesky65@gmail.com\", \"needs\": \"Cold Room ( Ruang Pendingin )\", \"phone\": \"08111772247\", \"tonase\": null, \"company\": \"Dinas KPKP Jakarta Utara\", \"province\": \"DKI Jakarta\", \"branch_id\": 1, \"region_id\": 6, \"source_id\": 8, \"status_id\": 2, \"created_at\": \"2025-07-30T00:27:32.000000Z\", \"jabatan_id\": 10, \"product_id\": 108, \"segment_id\": 2, \"updated_at\": \"2025-07-30T00:27:32.000000Z\", \"industry_id\": 2, \"published_at\": \"2025-07-30 07:27:32\", \"customer_type\": \"Government\", \"first_sales_id\": null, \"other_industry\": null}}','162.158.26.134','Mozilla/5.0 (Windows NT 10.0; Win64; x64) AppleWebKit/537.36 (KHTML, like Gecko) Chrome/138.0.0.0 Safari/537.36','2025-07-30 07:28:03','2025-07-30 07:28:03'),(82,24,'update_lead','App\\Models\\Leads\\Lead',292,'Updated lead','{\"after\": {\"id\": 292, \"name\": \"Mrs Riana\", \"email\": \"raesky65@gmail.com\", \"needs\": \"Cold Room ( Ruang Pendingin )\", \"phone\": \"(021) 4808333\", \"tonase\": null, \"company\": \"Dinas KPKP Jakarta Timur\", \"province\": \"DKI Jakarta\", \"branch_id\": 1, \"region_id\": 5, \"source_id\": 9, \"status_id\": 2, \"created_at\": \"2025-07-30T00:27:32.000000Z\", \"jabatan_id\": 10, \"product_id\": 108, \"segment_id\": 2, \"updated_at\": \"2025-07-30T00:28:36.000000Z\", \"industry_id\": 2, \"published_at\": \"2025-07-30 07:27:32\", \"customer_type\": \"Government\", \"first_sales_id\": null, \"other_industry\": null}, \"before\": {\"id\": 292, \"name\": \"Mrs Mba Riana\", \"email\": \"raesky65@gmail.com\", \"needs\": \"Cold Room ( Ruang Pendingin )\", \"phone\": \"(021) 4808333\", \"tonase\": null, \"company\": \"Dinas KPKP Jakarta Timur\", \"province\": \"DKI Jakarta\", \"branch_id\": 1, \"region_id\": 5, \"source_id\": 8, \"status_id\": 2, \"created_at\": \"2025-07-30T00:27:32.000000Z\", \"jabatan_id\": 10, \"product_id\": 108, \"segment_id\": 2, \"updated_at\": \"2025-07-30T00:27:32.000000Z\", \"industry_id\": 2, \"published_at\": \"2025-07-30 07:27:32\", \"customer_type\": \"Government\", \"first_sales_id\": null, \"other_industry\": null}}','162.158.26.135','Mozilla/5.0 (Windows NT 10.0; Win64; x64) AppleWebKit/537.36 (KHTML, like Gecko) Chrome/138.0.0.0 Safari/537.36','2025-07-30 07:28:36','2025-07-30 07:28:36'),(83,24,'create_lead','App\\Models\\Leads\\Lead',294,'Created new lead','{\"after\": {\"id\": 294, \"name\": \"Mrs Riana\", \"email\": \"raesky65@gmail.com\", \"needs\": \"Cold Room ( Ruang Pendingin )\", \"phone\": \"(021) 4808333\", \"tonase\": null, \"company\": \"Dinas KPKP Jakarta Timur\", \"province\": \"DKI Jakarta\", \"branch_id\": 1, \"region_id\": 5, \"source_id\": 9, \"status_id\": 2, \"created_at\": \"2025-07-30T00:34:15.000000Z\", \"jabatan_id\": 10, \"product_id\": 108, \"segment_id\": 2, \"updated_at\": \"2025-07-30T00:34:15.000000Z\", \"industry_id\": 2, \"published_at\": \"2025-07-30 07:34:15\", \"customer_type\": \"Government\", \"first_sales_id\": null, \"other_industry\": null}}','162.158.26.135','Mozilla/5.0 (Windows NT 10.0; Win64; x64) AppleWebKit/537.36 (KHTML, like Gecko) Chrome/138.0.0.0 Safari/537.36','2025-07-30 07:34:15','2025-07-30 07:34:15'),(84,21,'update_lead','App\\Models\\Leads\\Lead',295,'Updated lead','{\"after\": {\"id\": 295, \"name\": \"Mr Aji\", \"email\": \"sales.jkt2@daxtro.com\", \"needs\": \"Block Ice ( Mesin Es Balok )\", \"phone\": \"081111\", \"tonase\": \"5.00\", \"company\": \"Daxtro\", \"province\": \"Jawa Timur\", \"branch_id\": 3, \"region_id\": 90, \"source_id\": 1, \"status_id\": 2, \"created_at\": \"2025-07-30T03:19:07.000000Z\", \"jabatan_id\": 2, \"product_id\": 1, \"segment_id\": 1, \"updated_at\": \"2025-07-30T03:31:04.000000Z\", \"industry_id\": 1, \"published_at\": \"2025-07-30 10:19:07\", \"customer_type\": \"Personal\", \"first_sales_id\": null, \"other_industry\": null}, \"before\": {\"id\": 295, \"name\": \"Mr Aji\", \"email\": \"sales.jkt2@daxtro.com\", \"needs\": \"Block Ice ( Mesin Es Balok )\", \"phone\": \"081111\", \"tonase\": \"5.00\", \"company\": \"Daxtro\", \"province\": \"DKI Jakarta\", \"branch_id\": null, \"region_id\": 2, \"source_id\": 1, \"status_id\": 2, \"created_at\": \"2025-07-30T03:19:07.000000Z\", \"jabatan_id\": 2, \"product_id\": null, \"segment_id\": null, \"updated_at\": \"2025-07-30T03:24:16.000000Z\", \"industry_id\": null, \"published_at\": \"2025-07-30 10:19:07\", \"customer_type\": \"Corporate\", \"first_sales_id\": null, \"other_industry\": null}}','172.69.165.11','Mozilla/5.0 (Macintosh; Intel Mac OS X 10_15_7) AppleWebKit/537.36 (KHTML, like Gecko) Chrome/138.0.0.0 Safari/537.36','2025-07-30 10:31:04','2025-07-30 10:31:04'),(85,21,'update_lead','App\\Models\\Leads\\Lead',295,'Updated lead','{\"after\": {\"id\": 295, \"name\": \"Mr Aji\", \"email\": \"sales.jkt2@daxtro.com\", \"needs\": \"Block Ice ( Mesin Es Balok )\", \"phone\": \"081111\", \"tonase\": \"5.00\", \"company\": \"Daxtro\", \"province\": \"Jawa Timur\", \"branch_id\": 3, \"region_id\": 90, \"source_id\": 1, \"status_id\": 2, \"created_at\": \"2025-07-30T03:19:07.000000Z\", \"jabatan_id\": 2, \"product_id\": 1, \"segment_id\": 1, \"updated_at\": \"2025-07-30T03:31:04.000000Z\", \"industry_id\": 1, \"published_at\": \"2025-07-30 10:19:07\", \"customer_type\": \"Personal\", \"first_sales_id\": null, \"other_industry\": null}, \"before\": {\"id\": 295, \"name\": \"Mr Aji\", \"email\": \"sales.jkt2@daxtro.com\", \"needs\": \"Block Ice ( Mesin Es Balok )\", \"phone\": \"081111\", \"tonase\": \"5.00\", \"company\": \"Daxtro\", \"province\": \"Jawa Timur\", \"branch_id\": 3, \"region_id\": 90, \"source_id\": 1, \"status_id\": 2, \"created_at\": \"2025-07-30T03:19:07.000000Z\", \"jabatan_id\": 2, \"product_id\": 1, \"segment_id\": 1, \"updated_at\": \"2025-07-30T03:31:04.000000Z\", \"industry_id\": 1, \"published_at\": \"2025-07-30 10:19:07\", \"customer_type\": \"Personal\", \"first_sales_id\": null, \"other_industry\": null}}','104.23.175.13','Mozilla/5.0 (Macintosh; Intel Mac OS X 10_15_7) AppleWebKit/537.36 (KHTML, like Gecko) Chrome/138.0.0.0 Safari/537.36','2025-07-30 10:49:50','2025-07-30 10:49:50'),(86,1,'update_role_permissions','App\\Models\\UserRole',5,'Updated role permissions','{\"after\": [{\"id\": 118, \"role_id\": 5, \"created_at\": \"2025-07-30T03:53:11.000000Z\", \"deleted_at\": null, \"updated_at\": \"2025-07-30T03:53:11.000000Z\", \"permission_id\": 1}, {\"id\": 119, \"role_id\": 5, \"created_at\": \"2025-07-30T03:53:11.000000Z\", \"deleted_at\": null, \"updated_at\": \"2025-07-30T03:53:11.000000Z\", \"permission_id\": 17}, {\"id\": 120, \"role_id\": 5, \"created_at\": \"2025-07-30T03:53:11.000000Z\", \"deleted_at\": null, \"updated_at\": \"2025-07-30T03:53:11.000000Z\", \"permission_id\": 11}, {\"id\": 121, \"role_id\": 5, \"created_at\": \"2025-07-30T03:53:11.000000Z\", \"deleted_at\": null, \"updated_at\": \"2025-07-30T03:53:11.000000Z\", \"permission_id\": 13}, {\"id\": 122, \"role_id\": 5, \"created_at\": \"2025-07-30T03:53:11.000000Z\", \"deleted_at\": null, \"updated_at\": \"2025-07-30T03:53:11.000000Z\", \"permission_id\": 15}], \"before\": [{\"id\": 55, \"role_id\": 5, \"created_at\": null, \"deleted_at\": null, \"updated_at\": null, \"permission_id\": 1}, {\"id\": 56, \"role_id\": 5, \"created_at\": null, \"deleted_at\": null, \"updated_at\": null, \"permission_id\": 11}, {\"id\": 57, \"role_id\": 5, \"created_at\": null, \"deleted_at\": null, \"updated_at\": null, \"permission_id\": 15}, {\"id\": 58, \"role_id\": 5, \"created_at\": null, \"deleted_at\": null, \"updated_at\": null, \"permission_id\": 17}]}','172.69.176.88','Mozilla/5.0 (Macintosh; Intel Mac OS X 10_15_7) AppleWebKit/537.36 (KHTML, like Gecko) Chrome/138.0.0.0 Safari/537.36','2025-07-30 10:53:11','2025-07-30 10:53:11'),(87,1,'update_role_permissions','App\\Models\\UserRole',10,'Updated role permissions','{\"after\": [{\"id\": 123, \"role_id\": 10, \"created_at\": \"2025-07-30T03:53:35.000000Z\", \"deleted_at\": null, \"updated_at\": \"2025-07-30T03:53:35.000000Z\", \"permission_id\": 2}, {\"id\": 124, \"role_id\": 10, \"created_at\": \"2025-07-30T03:53:35.000000Z\", \"deleted_at\": null, \"updated_at\": \"2025-07-30T03:53:35.000000Z\", \"permission_id\": 9}, {\"id\": 125, \"role_id\": 10, \"created_at\": \"2025-07-30T03:53:35.000000Z\", \"deleted_at\": null, \"updated_at\": \"2025-07-30T03:53:35.000000Z\", \"permission_id\": 7}, {\"id\": 126, \"role_id\": 10, \"created_at\": \"2025-07-30T03:53:35.000000Z\", \"deleted_at\": null, \"updated_at\": \"2025-07-30T03:53:35.000000Z\", \"permission_id\": 1}, {\"id\": 127, \"role_id\": 10, \"created_at\": \"2025-07-30T03:53:35.000000Z\", \"deleted_at\": null, \"updated_at\": \"2025-07-30T03:53:35.000000Z\", \"permission_id\": 10}, {\"id\": 128, \"role_id\": 10, \"created_at\": \"2025-07-30T03:53:35.000000Z\", \"deleted_at\": null, \"updated_at\": \"2025-07-30T03:53:35.000000Z\", \"permission_id\": 17}, {\"id\": 129, \"role_id\": 10, \"created_at\": \"2025-07-30T03:53:35.000000Z\", \"deleted_at\": null, \"updated_at\": \"2025-07-30T03:53:35.000000Z\", \"permission_id\": 16}, {\"id\": 130, \"role_id\": 10, \"created_at\": \"2025-07-30T03:53:35.000000Z\", \"deleted_at\": null, \"updated_at\": \"2025-07-30T03:53:35.000000Z\", \"permission_id\": 13}, {\"id\": 131, \"role_id\": 10, \"created_at\": \"2025-07-30T03:53:35.000000Z\", \"deleted_at\": null, \"updated_at\": \"2025-07-30T03:53:35.000000Z\", \"permission_id\": 15}, {\"id\": 132, \"role_id\": 10, \"created_at\": \"2025-07-30T03:53:35.000000Z\", \"deleted_at\": null, \"updated_at\": \"2025-07-30T03:53:35.000000Z\", \"permission_id\": 6}, {\"id\": 133, \"role_id\": 10, \"created_at\": \"2025-07-30T03:53:35.000000Z\", \"deleted_at\": null, \"updated_at\": \"2025-07-30T03:53:35.000000Z\", \"permission_id\": 5}], \"before\": [{\"id\": 99, \"role_id\": 10, \"created_at\": \"2025-07-22T04:41:34.000000Z\", \"deleted_at\": null, \"updated_at\": \"2025-07-22T04:41:34.000000Z\", \"permission_id\": 2}, {\"id\": 100, \"role_id\": 10, \"created_at\": \"2025-07-22T04:41:34.000000Z\", \"deleted_at\": null, \"updated_at\": \"2025-07-22T04:41:34.000000Z\", \"permission_id\": 9}, {\"id\": 101, \"role_id\": 10, \"created_at\": \"2025-07-22T04:41:34.000000Z\", \"deleted_at\": null, \"updated_at\": \"2025-07-22T04:41:34.000000Z\", \"permission_id\": 7}, {\"id\": 102, \"role_id\": 10, \"created_at\": \"2025-07-22T04:41:34.000000Z\", \"deleted_at\": null, \"updated_at\": \"2025-07-22T04:41:34.000000Z\", \"permission_id\": 1}, {\"id\": 103, \"role_id\": 10, \"created_at\": \"2025-07-22T04:41:34.000000Z\", \"deleted_at\": null, \"updated_at\": \"2025-07-22T04:41:34.000000Z\", \"permission_id\": 10}, {\"id\": 104, \"role_id\": 10, \"created_at\": \"2025-07-22T04:41:34.000000Z\", \"deleted_at\": null, \"updated_at\": \"2025-07-22T04:41:34.000000Z\", \"permission_id\": 17}, {\"id\": 105, \"role_id\": 10, \"created_at\": \"2025-07-22T04:41:34.000000Z\", \"deleted_at\": null, \"updated_at\": \"2025-07-22T04:41:34.000000Z\", \"permission_id\": 16}, {\"id\": 106, \"role_id\": 10, \"created_at\": \"2025-07-22T04:41:34.000000Z\", \"deleted_at\": null, \"updated_at\": \"2025-07-22T04:41:34.000000Z\", \"permission_id\": 15}, {\"id\": 107, \"role_id\": 10, \"created_at\": \"2025-07-22T04:41:34.000000Z\", \"deleted_at\": null, \"updated_at\": \"2025-07-22T04:41:34.000000Z\", \"permission_id\": 6}, {\"id\": 108, \"role_id\": 10, \"created_at\": \"2025-07-22T04:41:34.000000Z\", \"deleted_at\": null, \"updated_at\": \"2025-07-22T04:41:34.000000Z\", \"permission_id\": 5}]}','172.69.176.89','Mozilla/5.0 (Macintosh; Intel Mac OS X 10_15_7) AppleWebKit/537.36 (KHTML, like Gecko) Chrome/138.0.0.0 Safari/537.36','2025-07-30 10:53:35','2025-07-30 10:53:35'),(88,23,'create_lead','App\\Models\\Leads\\Lead',296,'Created new lead','{\"after\": {\"id\": 296, \"name\": \"Mr Agung Pradana\", \"email\": \"agungpradana@gmail.com\", \"needs\": \"Tube Ice ( Mesin Es Kristal Tabung )\", \"phone\": \"085272523215\", \"tonase\": \"10.00\", \"company\": \"Pak Agung\", \"province\": \"Lampung\", \"branch_id\": 1, \"region_id\": 244, \"source_id\": 8, \"status_id\": 2, \"created_at\": \"2025-07-30T03:56:30.000000Z\", \"jabatan_id\": 5, \"product_id\": 2, \"segment_id\": 3, \"updated_at\": \"2025-07-30T03:56:30.000000Z\", \"industry_id\": 9, \"published_at\": \"2025-07-30 10:56:30\", \"customer_type\": \"Repeat Order\", \"first_sales_id\": null, \"other_industry\": null}}','162.158.189.145','Mozilla/5.0 (Windows NT 10.0; Win64; x64) AppleWebKit/537.36 (KHTML, like Gecko) Chrome/138.0.0.0 Safari/537.36','2025-07-30 10:56:30','2025-07-30 10:56:30'),(89,25,'update_lead','App\\Models\\Leads\\Lead',287,'Updated lead','{\"after\": {\"id\": 287, \"name\": \"Mr Hizkia Rudi\", \"email\": \"Superadmin@localhost.com\", \"needs\": \"Tube Ice ( Mesin Es Kristal Tabung )\", \"phone\": \"081111\", \"tonase\": \"5.00\", \"company\": \"AKU SUKA\", \"province\": \"DKI Jakarta\", \"branch_id\": 1, \"region_id\": 2, \"source_id\": 1, \"status_id\": 3, \"created_at\": \"2025-07-29T03:10:06.000000Z\", \"jabatan_id\": 2, \"product_id\": null, \"segment_id\": 1, \"updated_at\": \"2025-07-30T04:43:24.000000Z\", \"industry_id\": 2, \"published_at\": \"2025-07-29 10:10:06\", \"customer_type\": \"Corporate\", \"first_sales_id\": null, \"other_industry\": null}, \"before\": {\"id\": 287, \"name\": \"Mr Hizkia Rudi\", \"email\": \"Superadmin@localhost.com\", \"needs\": \"Tube Ice ( Mesin Es Kristal Tabung )\", \"phone\": \"081111\", \"tonase\": \"5.00\", \"company\": \"AKU SUKA\", \"province\": \"DKI Jakarta\", \"branch_id\": null, \"region_id\": 2, \"source_id\": 1, \"status_id\": 3, \"created_at\": \"2025-07-29T03:10:06.000000Z\", \"jabatan_id\": null, \"product_id\": null, \"segment_id\": null, \"updated_at\": \"2025-07-29T03:15:03.000000Z\", \"industry_id\": null, \"published_at\": \"2025-07-29 10:10:06\", \"customer_type\": \"Corporate\", \"first_sales_id\": null, \"other_industry\": null}}','162.158.22.192','Mozilla/5.0 (Macintosh; Intel Mac OS X 10_15_7) AppleWebKit/537.36 (KHTML, like Gecko) Chrome/138.0.0.0 Safari/537.36','2025-07-30 11:43:24','2025-07-30 11:43:24'),(90,25,'update_lead','App\\Models\\Leads\\Lead',281,'Updated lead','{\"after\": {\"id\": 281, \"name\": \"Mr tes\", \"email\": \"febrianaries@gmail.com\", \"needs\": \"Cube Ice ( Mesin Es Kristal Kubus )\", \"phone\": \"123123\", \"tonase\": \"1.00\", \"company\": \"tes\", \"province\": \"DKI Jakarta\", \"branch_id\": 1, \"region_id\": 1, \"source_id\": 8, \"status_id\": 2, \"created_at\": \"2025-07-28T08:16:26.000000Z\", \"jabatan_id\": 2, \"product_id\": 2, \"segment_id\": 2, \"updated_at\": \"2025-07-28T08:16:26.000000Z\", \"industry_id\": 3, \"published_at\": \"2025-07-28 15:16:26\", \"customer_type\": \"Government\", \"first_sales_id\": null, \"other_industry\": null}, \"before\": {\"id\": 281, \"name\": \"Mr tes\", \"email\": \"febrianaries@gmail.com\", \"needs\": \"Cube Ice ( Mesin Es Kristal Kubus )\", \"phone\": \"123123\", \"tonase\": \"1.00\", \"company\": \"tes\", \"province\": \"DKI Jakarta\", \"branch_id\": 1, \"region_id\": 1, \"source_id\": 8, \"status_id\": 2, \"created_at\": \"2025-07-28T08:16:26.000000Z\", \"jabatan_id\": 2, \"product_id\": 2, \"segment_id\": 2, \"updated_at\": \"2025-07-28T08:16:26.000000Z\", \"industry_id\": 3, \"published_at\": \"2025-07-28 15:16:26\", \"customer_type\": \"Government\", \"first_sales_id\": null, \"other_industry\": null}}','172.68.234.146','Mozilla/5.0 (Macintosh; Intel Mac OS X 10_15_7) AppleWebKit/537.36 (KHTML, like Gecko) Chrome/138.0.0.0 Safari/537.36','2025-07-30 11:45:23','2025-07-30 11:45:23'),(91,23,'update_lead','App\\Models\\Leads\\Lead',289,'Updated lead','{\"after\": {\"id\": 289, \"name\": \"Mr Feryka\", \"email\": \"ferykahidayat@gmail.coom\", \"needs\": \"Flake ice ( Mesin Es Pecah )\", \"phone\": \"089628104735\", \"tonase\": null, \"company\": \"Mulia Abadi Sarana\", \"province\": \"Jawa Barat\", \"branch_id\": 1, \"region_id\": 7, \"source_id\": 8, \"status_id\": 2, \"created_at\": \"2025-07-29T09:09:48.000000Z\", \"jabatan_id\": 4, \"product_id\": 95, \"segment_id\": 1, \"updated_at\": \"2025-07-29T09:09:48.000000Z\", \"industry_id\": 2, \"published_at\": \"2025-07-29 16:09:48\", \"customer_type\": \"Corporate\", \"first_sales_id\": null, \"other_industry\": null}, \"before\": {\"id\": 289, \"name\": \"Mr Feryka\", \"email\": \"ferykahidayat@gmail.coom\", \"needs\": \"Flake ice ( Mesin Es Pecah )\", \"phone\": \"089628104735\", \"tonase\": null, \"company\": \"Mulia Abadi Sarana\", \"province\": \"Jawa Barat\", \"branch_id\": 1, \"region_id\": 7, \"source_id\": 8, \"status_id\": 2, \"created_at\": \"2025-07-29T09:09:48.000000Z\", \"jabatan_id\": 4, \"product_id\": 95, \"segment_id\": 1, \"updated_at\": \"2025-07-29T09:09:48.000000Z\", \"industry_id\": 2, \"published_at\": \"2025-07-29 16:09:48\", \"customer_type\": \"Corporate\", \"first_sales_id\": null, \"other_industry\": null}}','104.23.175.177','Mozilla/5.0 (Windows NT 10.0; Win64; x64) AppleWebKit/537.36 (KHTML, like Gecko) Chrome/138.0.0.0 Safari/537.36','2025-07-30 11:49:21','2025-07-30 11:49:21'),(92,24,'create_lead','App\\Models\\Leads\\Lead',297,'Created new lead','{\"after\": {\"id\": 297, \"name\": \"Mr Sahlan\", \"email\": \"raesky65@gmail.com\", \"needs\": \"Cold Room ( Ruang Pendingin )\", \"phone\": \"081213444805\", \"tonase\": null, \"company\": \"Instansi UPPP Muara Angke\", \"province\": \"DKI Jakarta\", \"branch_id\": 1, \"region_id\": 6, \"source_id\": 9, \"status_id\": 2, \"created_at\": \"2025-07-30T06:41:48.000000Z\", \"jabatan_id\": 4, \"product_id\": 108, \"segment_id\": 2, \"updated_at\": \"2025-07-30T06:41:48.000000Z\", \"industry_id\": 1, \"published_at\": \"2025-07-30 13:41:48\", \"customer_type\": \"Government\", \"first_sales_id\": null, \"other_industry\": null}}','172.71.81.69','Mozilla/5.0 (Windows NT 10.0; Win64; x64) AppleWebKit/537.36 (KHTML, like Gecko) Chrome/138.0.0.0 Safari/537.36','2025-07-30 13:41:48','2025-07-30 13:41:48'),(93,22,'create_lead','App\\Models\\Leads\\Lead',298,'Created new lead','{\"after\": {\"id\": 298, \"name\": \"Mr Rizal\", \"email\": \"istanadessert99@gmail.com\", \"needs\": \"Tube Ice ( Mesin Es Kristal Tabung )\", \"phone\": \"081290888499\", \"tonase\": \"3.00\", \"company\": \"Bapak Rizal\", \"province\": \"Jawa Barat\", \"branch_id\": 1, \"region_id\": 18, \"source_id\": 8, \"status_id\": 2, \"created_at\": \"2025-07-30T08:14:59.000000Z\", \"jabatan_id\": 10, \"product_id\": 8, \"segment_id\": 3, \"updated_at\": \"2025-07-30T08:14:59.000000Z\", \"industry_id\": null, \"published_at\": \"2025-07-30 15:14:59\", \"customer_type\": \"Personal\", \"first_sales_id\": null, \"other_industry\": \"Individu\"}}','162.158.186.236','Mozilla/5.0 (Windows NT 10.0; Win64; x64) AppleWebKit/537.36 (KHTML, like Gecko) Chrome/138.0.0.0 Safari/537.36','2025-07-30 15:14:59','2025-07-30 15:14:59'),(94,22,'create_lead','App\\Models\\Leads\\Lead',299,'Created new lead','{\"after\": {\"id\": 299, \"name\": \"Mr Farkur\", \"email\": \"istanadessert99@gmail.com\", \"needs\": \"Tube Ice ( Mesin Es Kristal Tabung )\", \"phone\": \"081312703524\", \"tonase\": \"1.00\", \"company\": \"Bapak Farkur\", \"province\": \"Jawa Barat\", \"branch_id\": 1, \"region_id\": 25, \"source_id\": 8, \"status_id\": 2, \"created_at\": \"2025-07-31T02:31:04.000000Z\", \"jabatan_id\": 10, \"product_id\": 2, \"segment_id\": 3, \"updated_at\": \"2025-07-31T02:31:04.000000Z\", \"industry_id\": null, \"published_at\": \"2025-07-31 09:31:04\", \"customer_type\": \"Personal\", \"first_sales_id\": null, \"other_industry\": \"Personal\"}}','108.162.226.164','Mozilla/5.0 (Windows NT 10.0; Win64; x64) AppleWebKit/537.36 (KHTML, like Gecko) Chrome/138.0.0.0 Safari/537.36','2025-07-31 09:31:04','2025-07-31 09:31:04'),(95,22,'create_lead','App\\Models\\Leads\\Lead',300,'Created new lead','{\"after\": {\"id\": 300, \"name\": \"Mr Abdul Hafiz\", \"email\": \"istanadessert99@gmail.com\", \"needs\": \"Tube Ice ( Mesin Es Kristal Tabung )\", \"phone\": \"085714758939\", \"tonase\": \"3.00\", \"company\": \"Bapak Abdul Hafiz\", \"province\": \"Jawa Barat\", \"branch_id\": 1, \"region_id\": 27, \"source_id\": 8, \"status_id\": 2, \"created_at\": \"2025-07-31T02:34:35.000000Z\", \"jabatan_id\": 10, \"product_id\": 14, \"segment_id\": 3, \"updated_at\": \"2025-07-31T02:34:35.000000Z\", \"industry_id\": null, \"published_at\": \"2025-07-31 09:34:35\", \"customer_type\": \"Personal\", \"first_sales_id\": null, \"other_industry\": \"Individu\"}}','172.71.82.44','Mozilla/5.0 (Windows NT 10.0; Win64; x64) AppleWebKit/537.36 (KHTML, like Gecko) Chrome/138.0.0.0 Safari/537.36','2025-07-31 09:34:35','2025-07-31 09:34:35'),(96,22,'create_lead','App\\Models\\Leads\\Lead',301,'Created new lead','{\"after\": {\"id\": 301, \"name\": \"Mr Amir\", \"email\": \"istanadessert99@gmail.com\", \"needs\": \"Tube Ice ( Mesin Es Kristal Tabung )\", \"phone\": \"081263324627\", \"tonase\": \"3.00\", \"company\": \"Bapak Amir\", \"province\": \"Aceh\", \"branch_id\": 1, \"region_id\": 133, \"source_id\": 8, \"status_id\": 2, \"created_at\": \"2025-07-31T02:37:53.000000Z\", \"jabatan_id\": 10, \"product_id\": 8, \"segment_id\": 3, \"updated_at\": \"2025-07-31T02:37:53.000000Z\", \"industry_id\": null, \"published_at\": \"2025-07-31 09:37:53\", \"customer_type\": \"Personal\", \"first_sales_id\": null, \"other_industry\": \"Individu\"}}','198.41.227.104','Mozilla/5.0 (Windows NT 10.0; Win64; x64) AppleWebKit/537.36 (KHTML, like Gecko) Chrome/138.0.0.0 Safari/537.36','2025-07-31 09:37:53','2025-07-31 09:37:53'),(97,22,'create_lead','App\\Models\\Leads\\Lead',302,'Created new lead','{\"after\": {\"id\": 302, \"name\": \"Mr Isa Hermawan\", \"email\": \"istanadessert99@gmail.com\", \"needs\": \"Tube Ice ( Mesin Es Kristal Tabung )\", \"phone\": \"081908868078\", \"tonase\": \"3.00\", \"company\": \"Bapak Isa hermawan\", \"province\": \"Jawa Barat\", \"branch_id\": 1, \"region_id\": 27, \"source_id\": 8, \"status_id\": 2, \"created_at\": \"2025-07-31T02:44:48.000000Z\", \"jabatan_id\": 10, \"product_id\": 8, \"segment_id\": 3, \"updated_at\": \"2025-07-31T02:44:48.000000Z\", \"industry_id\": null, \"published_at\": \"2025-07-31 09:44:48\", \"customer_type\": \"Personal\", \"first_sales_id\": null, \"other_industry\": \"Individu\"}}','162.158.190.58','Mozilla/5.0 (Windows NT 10.0; Win64; x64) AppleWebKit/537.36 (KHTML, like Gecko) Chrome/138.0.0.0 Safari/537.36','2025-07-31 09:44:48','2025-07-31 09:44:48'),(98,22,'create_lead','App\\Models\\Leads\\Lead',303,'Created new lead','{\"after\": {\"id\": 303, \"name\": \"Mr Rian Pambudi\", \"email\": \"istanadessert99@gmail.com\", \"needs\": \"Tube Ice ( Mesin Es Kristal Tabung )\", \"phone\": \"08118841884\", \"tonase\": \"5.00\", \"company\": \"Bapak Rian Pambudi\", \"province\": \"Jawa Barat\", \"branch_id\": 1, \"region_id\": 30, \"source_id\": 8, \"status_id\": 2, \"created_at\": \"2025-07-31T02:49:16.000000Z\", \"jabatan_id\": 10, \"product_id\": 6, \"segment_id\": 3, \"updated_at\": \"2025-07-31T02:49:16.000000Z\", \"industry_id\": null, \"published_at\": \"2025-07-31 09:49:16\", \"customer_type\": \"Personal\", \"first_sales_id\": null, \"other_industry\": \"Individu\"}}','162.158.162.132','Mozilla/5.0 (Windows NT 10.0; Win64; x64) AppleWebKit/537.36 (KHTML, like Gecko) Chrome/138.0.0.0 Safari/537.36','2025-07-31 09:49:16','2025-07-31 09:49:16'),(99,23,'create_lead','App\\Models\\Leads\\Lead',304,'Created new lead','{\"after\": {\"id\": 304, \"name\": \"Mr Ait\", \"email\": \"ait@gmail.com\", \"needs\": \"Block Ice ( Mesin Es Balok )\", \"phone\": \"085100308294\", \"tonase\": \"5.00\", \"company\": \"Pak Ait\", \"province\": \"Jawa Barat\", \"branch_id\": 1, \"region_id\": 7, \"source_id\": 8, \"status_id\": 2, \"created_at\": \"2025-07-31T02:51:26.000000Z\", \"jabatan_id\": 5, \"product_id\": 51, \"segment_id\": 3, \"updated_at\": \"2025-07-31T02:51:26.000000Z\", \"industry_id\": 2, \"published_at\": \"2025-07-31 09:51:26\", \"customer_type\": \"Personal\", \"first_sales_id\": null, \"other_industry\": null}}','162.158.108.122','Mozilla/5.0 (Windows NT 10.0; Win64; x64) AppleWebKit/537.36 (KHTML, like Gecko) Chrome/138.0.0.0 Safari/537.36','2025-07-31 09:51:26','2025-07-31 09:51:26'),(100,22,'create_lead','App\\Models\\Leads\\Lead',305,'Created new lead','{\"after\": {\"id\": 305, \"name\": \"Mr Bapak Mahmud\", \"email\": \"mr.freezetpi@gmail.com\", \"needs\": \"Tube Ice ( Mesin Es Kristal Tabung )\", \"phone\": \"08117008884\", \"tonase\": \"5.00\", \"company\": \"tanjung pinang, kepulauan riau\", \"province\": \"DKI Jakarta\", \"branch_id\": 1, \"region_id\": 1, \"source_id\": 8, \"status_id\": 2, \"created_at\": \"2025-07-31T02:53:39.000000Z\", \"jabatan_id\": 10, \"product_id\": 10, \"segment_id\": 3, \"updated_at\": \"2025-07-31T02:53:39.000000Z\", \"industry_id\": null, \"published_at\": \"2025-07-31 09:53:39\", \"customer_type\": \"Personal\", \"first_sales_id\": null, \"other_industry\": \"Individu\"}}','162.158.22.126','Mozilla/5.0 (Windows NT 10.0; Win64; x64) AppleWebKit/537.36 (KHTML, like Gecko) Chrome/138.0.0.0 Safari/537.36','2025-07-31 09:53:39','2025-07-31 09:53:39'),(101,22,'create_lead','App\\Models\\Leads\\Lead',306,'Created new lead','{\"after\": {\"id\": 306, \"name\": \"Mr Rachma\", \"email\": \"istanadessert99@gmail.com\", \"needs\": \"Tube Ice ( Mesin Es Kristal Tabung )\", \"phone\": \"087715337075\", \"tonase\": \"3.00\", \"company\": \"Supplier ES Kristal Berkah CABANG  BOGOR\", \"province\": \"Jawa Barat\", \"branch_id\": 1, \"region_id\": 10, \"source_id\": 8, \"status_id\": 2, \"created_at\": \"2025-07-31T02:56:10.000000Z\", \"jabatan_id\": 10, \"product_id\": 8, \"segment_id\": 3, \"updated_at\": \"2025-07-31T02:56:10.000000Z\", \"industry_id\": null, \"published_at\": \"2025-07-31 09:56:10\", \"customer_type\": \"Personal\", \"first_sales_id\": null, \"other_industry\": \"Individu\"}}','172.70.108.13','Mozilla/5.0 (Windows NT 10.0; Win64; x64) AppleWebKit/537.36 (KHTML, like Gecko) Chrome/138.0.0.0 Safari/537.36','2025-07-31 09:56:10','2025-07-31 09:56:10'),(102,22,'create_lead','App\\Models\\Leads\\Lead',307,'Created new lead','{\"after\": {\"id\": 307, \"name\": \"Mr Prabowo\", \"email\": \"istanadessert99@gmail.com\", \"needs\": \"Tube Ice ( Mesin Es Kristal Tabung )\", \"phone\": \"085706392490\", \"tonase\": \"1.00\", \"company\": \"Prabowo\", \"province\": \"Jawa Barat\", \"branch_id\": 1, \"region_id\": 10, \"source_id\": 8, \"status_id\": 2, \"created_at\": \"2025-07-31T02:59:34.000000Z\", \"jabatan_id\": 10, \"product_id\": 8, \"segment_id\": 3, \"updated_at\": \"2025-07-31T02:59:34.000000Z\", \"industry_id\": null, \"published_at\": \"2025-07-31 09:59:34\", \"customer_type\": \"Personal\", \"first_sales_id\": null, \"other_industry\": \"Individu\"}}','172.70.147.154','Mozilla/5.0 (Windows NT 10.0; Win64; x64) AppleWebKit/537.36 (KHTML, like Gecko) Chrome/138.0.0.0 Safari/537.36','2025-07-31 09:59:34','2025-07-31 09:59:34'),(103,22,'create_lead','App\\Models\\Leads\\Lead',308,'Created new lead','{\"after\": {\"id\": 308, \"name\": \"Mr Robert\", \"email\": \"istanadessert99@gmail.com\", \"needs\": \"Tube Ice ( Mesin Es Kristal Tabung )\", \"phone\": \"082159697400\", \"tonase\": \"3.00\", \"company\": \"Sky Ice Crystal\", \"province\": \"Jambi\", \"branch_id\": 1, \"region_id\": 225, \"source_id\": 8, \"status_id\": 2, \"created_at\": \"2025-07-31T03:03:53.000000Z\", \"jabatan_id\": 5, \"product_id\": 8, \"segment_id\": 3, \"updated_at\": \"2025-07-31T03:03:53.000000Z\", \"industry_id\": null, \"published_at\": \"2025-07-31 10:03:53\", \"customer_type\": \"Distributor\", \"first_sales_id\": null, \"other_industry\": \"Individu\"}}','172.69.176.55','Mozilla/5.0 (Windows NT 10.0; Win64; x64) AppleWebKit/537.36 (KHTML, like Gecko) Chrome/138.0.0.0 Safari/537.36','2025-07-31 10:03:53','2025-07-31 10:03:53'),(104,22,'create_lead','App\\Models\\Leads\\Lead',309,'Created new lead','{\"after\": {\"id\": 309, \"name\": \"Mr Ridha Azhari\", \"email\": \"istanadessert99@gmail.com\", \"needs\": \"Tube Ice ( Mesin Es Kristal Tabung )\", \"phone\": \"085297017254\", \"tonase\": \"3.00\", \"company\": \"Bapak Ridha Azhari\", \"province\": \"Aceh\", \"branch_id\": 1, \"region_id\": 131, \"source_id\": 8, \"status_id\": 2, \"created_at\": \"2025-07-31T03:09:41.000000Z\", \"jabatan_id\": 10, \"product_id\": 14, \"segment_id\": 3, \"updated_at\": \"2025-07-31T03:09:41.000000Z\", \"industry_id\": null, \"published_at\": \"2025-07-31 10:09:41\", \"customer_type\": \"Personal\", \"first_sales_id\": null, \"other_industry\": \"Individu\"}}','172.71.82.154','Mozilla/5.0 (Windows NT 10.0; Win64; x64) AppleWebKit/537.36 (KHTML, like Gecko) Chrome/138.0.0.0 Safari/537.36','2025-07-31 10:09:41','2025-07-31 10:09:41'),(105,22,'create_lead','App\\Models\\Leads\\Lead',310,'Created new lead','{\"after\": {\"id\": 310, \"name\": \"Mr Leni\", \"email\": \"istanadessert99@gmail.com\", \"needs\": \"Tube Ice ( Mesin Es Kristal Tabung )\", \"phone\": \"082154678505\", \"tonase\": \"1.00\", \"company\": \"Ibu Leni (Kota bengkulu Prov Bengkulu)\", \"province\": \"DKI Jakarta\", \"branch_id\": 1, \"region_id\": 1, \"source_id\": 8, \"status_id\": 2, \"created_at\": \"2025-07-31T03:11:48.000000Z\", \"jabatan_id\": 10, \"product_id\": 10, \"segment_id\": 3, \"updated_at\": \"2025-07-31T03:11:48.000000Z\", \"industry_id\": null, \"published_at\": \"2025-07-31 10:11:48\", \"customer_type\": \"Personal\", \"first_sales_id\": null, \"other_industry\": \"Individu\"}}','172.70.143.219','Mozilla/5.0 (Windows NT 10.0; Win64; x64) AppleWebKit/537.36 (KHTML, like Gecko) Chrome/138.0.0.0 Safari/537.36','2025-07-31 10:11:48','2025-07-31 10:11:48'),(106,22,'create_lead','App\\Models\\Leads\\Lead',311,'Created new lead','{\"after\": {\"id\": 311, \"name\": \"Mrs Putri\", \"email\": \"eskristalkarawang@gmai.com\", \"needs\": \"Cube Ice ( Mesin Es Kristal Kubus )\", \"phone\": \"089623830762\", \"tonase\": \"3.00\", \"company\": \"Ibu Putri (es kristal karawang)\", \"province\": \"Jawa Barat\", \"branch_id\": 1, \"region_id\": 16, \"source_id\": 8, \"status_id\": 2, \"created_at\": \"2025-07-31T03:14:07.000000Z\", \"jabatan_id\": 5, \"product_id\": 12, \"segment_id\": 3, \"updated_at\": \"2025-07-31T03:14:07.000000Z\", \"industry_id\": null, \"published_at\": \"2025-07-31 10:14:07\", \"customer_type\": \"Personal\", \"first_sales_id\": null, \"other_industry\": \"Individu\"}}','104.23.175.190','Mozilla/5.0 (Windows NT 10.0; Win64; x64) AppleWebKit/537.36 (KHTML, like Gecko) Chrome/138.0.0.0 Safari/537.36','2025-07-31 10:14:07','2025-07-31 10:14:07'),(107,22,'create_lead','App\\Models\\Leads\\Lead',312,'Created new lead','{\"after\": {\"id\": 312, \"name\": \"Mr Sainallawu\", \"email\": \"istanadessert99@gmail.com\", \"needs\": \"Cold Room ( Ruang Pendingin )\", \"phone\": \"081267727556\", \"tonase\": \"5.00\", \"company\": \"TPI Bondet\", \"province\": \"Jawa Barat\", \"branch_id\": 1, \"region_id\": 13, \"source_id\": 8, \"status_id\": 2, \"created_at\": \"2025-07-31T03:33:07.000000Z\", \"jabatan_id\": 5, \"product_id\": 107, \"segment_id\": 3, \"updated_at\": \"2025-07-31T03:33:07.000000Z\", \"industry_id\": null, \"published_at\": \"2025-07-31 10:33:07\", \"customer_type\": \"Corporate\", \"first_sales_id\": null, \"other_industry\": \"Individu\"}}','172.71.124.38','Mozilla/5.0 (Windows NT 10.0; Win64; x64) AppleWebKit/537.36 (KHTML, like Gecko) Chrome/138.0.0.0 Safari/537.36','2025-07-31 10:33:07','2025-07-31 10:33:07'),(108,22,'create_lead','App\\Models\\Leads\\Lead',313,'Created new lead','{\"after\": {\"id\": 313, \"name\": \"Mr Toro\", \"email\": \"istanadessert99@gmail.com\", \"needs\": \"Block Ice ( Mesin Es Balok )\", \"phone\": \"0811280010\", \"tonase\": \"1.00\", \"company\": \"Bapak Toro\", \"province\": \"Jawa Tengah\", \"branch_id\": 3, \"region_id\": 56, \"source_id\": 8, \"status_id\": 2, \"created_at\": \"2025-07-31T03:40:38.000000Z\", \"jabatan_id\": 10, \"product_id\": 62, \"segment_id\": 3, \"updated_at\": \"2025-07-31T03:40:38.000000Z\", \"industry_id\": 1, \"published_at\": \"2025-07-31 10:40:38\", \"customer_type\": \"Personal\", \"first_sales_id\": null, \"other_industry\": null}}','162.158.88.67','Mozilla/5.0 (Windows NT 10.0; Win64; x64) AppleWebKit/537.36 (KHTML, like Gecko) Chrome/138.0.0.0 Safari/537.36','2025-07-31 10:40:38','2025-07-31 10:40:38'),(109,23,'create_lead','App\\Models\\Leads\\Lead',314,'Created new lead','{\"after\": {\"id\": 314, \"name\": \"Mr Pak Heri\", \"email\": \"heri@gmail.com\", \"needs\": \"Tube Ice ( Mesin Es Kristal Tabung )\", \"phone\": \"081278625420\", \"tonase\": null, \"company\": \"Pak Heri\", \"province\": \"Lampung\", \"branch_id\": 1, \"region_id\": 257, \"source_id\": 8, \"status_id\": 2, \"created_at\": \"2025-07-31T03:49:09.000000Z\", \"jabatan_id\": 5, \"product_id\": 1, \"segment_id\": 3, \"updated_at\": \"2025-07-31T03:49:09.000000Z\", \"industry_id\": 9, \"published_at\": \"2025-07-31 10:49:09\", \"customer_type\": \"Personal\", \"first_sales_id\": null, \"other_industry\": null}}','104.23.175.195','Mozilla/5.0 (Windows NT 10.0; Win64; x64) AppleWebKit/537.36 (KHTML, like Gecko) Chrome/138.0.0.0 Safari/537.36','2025-07-31 10:49:09','2025-07-31 10:49:09'),(110,23,'create_lead','App\\Models\\Leads\\Lead',315,'Created new lead','{\"after\": {\"id\": 315, \"name\": \"Mr Ayadi\", \"email\": \"ayadi@gmail.com\", \"needs\": \"Tube Ice ( Mesin Es Kristal Tabung )\", \"phone\": \"085692342024\", \"tonase\": null, \"company\": \"Es Kristal 24\", \"province\": \"Jawa Barat\", \"branch_id\": 1, \"region_id\": 16, \"source_id\": 8, \"status_id\": 2, \"created_at\": \"2025-07-31T03:51:04.000000Z\", \"jabatan_id\": 4, \"product_id\": 2, \"segment_id\": 3, \"updated_at\": \"2025-07-31T03:51:04.000000Z\", \"industry_id\": 9, \"published_at\": \"2025-07-31 10:51:04\", \"customer_type\": \"Personal\", \"first_sales_id\": null, \"other_industry\": null}}','104.23.175.205','Mozilla/5.0 (Windows NT 10.0; Win64; x64) AppleWebKit/537.36 (KHTML, like Gecko) Chrome/138.0.0.0 Safari/537.36','2025-07-31 10:51:04','2025-07-31 10:51:04'),(111,23,'create_lead','App\\Models\\Leads\\Lead',316,'Created new lead','{\"after\": {\"id\": 316, \"name\": \"Mr Agung Juanedi\", \"email\": \"agung@gmail.com\", \"needs\": \"Tube Ice ( Mesin Es Kristal Tabung )\", \"phone\": \"085320381465\", \"tonase\": null, \"company\": \"Pak Agung\", \"province\": \"Jawa Barat\", \"branch_id\": 1, \"region_id\": 13, \"source_id\": 8, \"status_id\": 2, \"created_at\": \"2025-07-31T03:52:34.000000Z\", \"jabatan_id\": 5, \"product_id\": 2, \"segment_id\": 3, \"updated_at\": \"2025-07-31T03:52:34.000000Z\", \"industry_id\": 9, \"published_at\": \"2025-07-31 10:52:34\", \"customer_type\": \"Personal\", \"first_sales_id\": null, \"other_industry\": null}}','172.68.164.77','Mozilla/5.0 (Windows NT 10.0; Win64; x64) AppleWebKit/537.36 (KHTML, like Gecko) Chrome/138.0.0.0 Safari/537.36','2025-07-31 10:52:34','2025-07-31 10:52:34'),(112,23,'create_lead','App\\Models\\Leads\\Lead',317,'Created new lead','{\"after\": {\"id\": 317, \"name\": \"Mr Iyus\", \"email\": \"iyus@gmail.com\", \"needs\": \"Tube Ice ( Mesin Es Kristal Tabung )\", \"phone\": \"08986279335\", \"tonase\": null, \"company\": \"Pak Iyus\", \"province\": \"Jawa Barat\", \"branch_id\": 1, \"region_id\": 30, \"source_id\": 8, \"status_id\": 2, \"created_at\": \"2025-07-31T03:54:09.000000Z\", \"jabatan_id\": 5, \"product_id\": 2, \"segment_id\": 3, \"updated_at\": \"2025-07-31T03:54:09.000000Z\", \"industry_id\": 9, \"published_at\": \"2025-07-31 10:54:09\", \"customer_type\": \"Personal\", \"first_sales_id\": null, \"other_industry\": null}}','104.23.175.190','Mozilla/5.0 (Windows NT 10.0; Win64; x64) AppleWebKit/537.36 (KHTML, like Gecko) Chrome/138.0.0.0 Safari/537.36','2025-07-31 10:54:09','2025-07-31 10:54:09'),(113,23,'create_lead','App\\Models\\Leads\\Lead',318,'Created new lead','{\"after\": {\"id\": 318, \"name\": \"Mr Ahmad\", \"email\": \"ahmad@gmail.com\", \"needs\": \"Tube Ice ( Mesin Es Kristal Tabung )\", \"phone\": \"082143115093\", \"tonase\": null, \"company\": \"Pak Ahmad\", \"province\": \"Jawa Timur\", \"branch_id\": 3, \"region_id\": 99, \"source_id\": 8, \"status_id\": 2, \"created_at\": \"2025-07-31T03:55:32.000000Z\", \"jabatan_id\": 5, \"product_id\": 2, \"segment_id\": 3, \"updated_at\": \"2025-07-31T03:55:32.000000Z\", \"industry_id\": 9, \"published_at\": \"2025-07-31 10:55:32\", \"customer_type\": \"Personal\", \"first_sales_id\": null, \"other_industry\": null}}','172.68.164.54','Mozilla/5.0 (Windows NT 10.0; Win64; x64) AppleWebKit/537.36 (KHTML, like Gecko) Chrome/138.0.0.0 Safari/537.36','2025-07-31 10:55:32','2025-07-31 10:55:32'),(114,23,'create_lead','App\\Models\\Leads\\Lead',319,'Created new lead','{\"after\": {\"id\": 319, \"name\": \"Mr Rizki\", \"email\": \"rizki@gmail.com\", \"needs\": \"Flake ice ( Mesin Es Pecah )\", \"phone\": \"089512302594\", \"tonase\": null, \"company\": \"Pak Rizki\", \"province\": \"Jawa Barat\", \"branch_id\": 1, \"region_id\": 8, \"source_id\": 8, \"status_id\": 2, \"created_at\": \"2025-07-31T04:01:04.000000Z\", \"jabatan_id\": 2, \"product_id\": 95, \"segment_id\": 2, \"updated_at\": \"2025-07-31T04:01:04.000000Z\", \"industry_id\": 2, \"published_at\": \"2025-07-31 11:01:04\", \"customer_type\": \"Government\", \"first_sales_id\": null, \"other_industry\": null}}','172.70.92.164','Mozilla/5.0 (Windows NT 10.0; Win64; x64) AppleWebKit/537.36 (KHTML, like Gecko) Chrome/138.0.0.0 Safari/537.36','2025-07-31 11:01:04','2025-07-31 11:01:04'),(115,23,'create_lead','App\\Models\\Leads\\Lead',320,'Created new lead','{\"after\": {\"id\": 320, \"name\": \"Mr Supri\", \"email\": \"supri@gmail.com\", \"needs\": \"Flake ice ( Mesin Es Pecah )\", \"phone\": \"082115200472\", \"tonase\": null, \"company\": \"Dinas Peternakan Jawa Barat\", \"province\": \"Jawa Barat\", \"branch_id\": 1, \"region_id\": 25, \"source_id\": 8, \"status_id\": 2, \"created_at\": \"2025-07-31T04:02:36.000000Z\", \"jabatan_id\": 2, \"product_id\": 95, \"segment_id\": 2, \"updated_at\": \"2025-07-31T04:02:36.000000Z\", \"industry_id\": 2, \"published_at\": \"2025-07-31 11:02:36\", \"customer_type\": \"Government\", \"first_sales_id\": null, \"other_industry\": null}}','172.69.176.46','Mozilla/5.0 (Windows NT 10.0; Win64; x64) AppleWebKit/537.36 (KHTML, like Gecko) Chrome/138.0.0.0 Safari/537.36','2025-07-31 11:02:36','2025-07-31 11:02:36'),(116,23,'update_lead','App\\Models\\Leads\\Lead',319,'Updated lead','{\"after\": {\"id\": 319, \"name\": \"Mr Rizki\", \"email\": \"rizki@gmail.com\", \"needs\": \"Flake ice ( Mesin Es Pecah )\", \"phone\": \"089512302594\", \"tonase\": null, \"company\": \"Dinas Peternakan Kab. Bandung Barat\", \"province\": \"Jawa Barat\", \"branch_id\": 1, \"region_id\": 8, \"source_id\": 8, \"status_id\": 2, \"created_at\": \"2025-07-31T04:01:04.000000Z\", \"jabatan_id\": 2, \"product_id\": 95, \"segment_id\": 2, \"updated_at\": \"2025-07-31T04:03:01.000000Z\", \"industry_id\": 2, \"published_at\": \"2025-07-31 11:01:04\", \"customer_type\": \"Government\", \"first_sales_id\": null, \"other_industry\": null}, \"before\": {\"id\": 319, \"name\": \"Mr Rizki\", \"email\": \"rizki@gmail.com\", \"needs\": \"Flake ice ( Mesin Es Pecah )\", \"phone\": \"089512302594\", \"tonase\": null, \"company\": \"Pak Rizki\", \"province\": \"Jawa Barat\", \"branch_id\": 1, \"region_id\": 8, \"source_id\": 8, \"status_id\": 2, \"created_at\": \"2025-07-31T04:01:04.000000Z\", \"jabatan_id\": 2, \"product_id\": 95, \"segment_id\": 2, \"updated_at\": \"2025-07-31T04:01:04.000000Z\", \"industry_id\": 2, \"published_at\": \"2025-07-31 11:01:04\", \"customer_type\": \"Government\", \"first_sales_id\": null, \"other_industry\": null}}','172.69.176.46','Mozilla/5.0 (Windows NT 10.0; Win64; x64) AppleWebKit/537.36 (KHTML, like Gecko) Chrome/138.0.0.0 Safari/537.36','2025-07-31 11:03:01','2025-07-31 11:03:01'),(117,23,'create_lead','App\\Models\\Leads\\Lead',321,'Created new lead','{\"after\": {\"id\": 321, \"name\": \"Mr Merliones\", \"email\": \"merliones@gmail.com\", \"needs\": \"Tube Ice ( Mesin Es Kristal Tabung )\", \"phone\": \"08887877799\", \"tonase\": null, \"company\": \"Merliones\", \"province\": \"Jawa Barat\", \"branch_id\": 1, \"region_id\": 25, \"source_id\": 8, \"status_id\": 2, \"created_at\": \"2025-07-31T04:05:25.000000Z\", \"jabatan_id\": 5, \"product_id\": 2, \"segment_id\": 3, \"updated_at\": \"2025-07-31T04:05:25.000000Z\", \"industry_id\": 9, \"published_at\": \"2025-07-31 11:05:25\", \"customer_type\": \"Personal\", \"first_sales_id\": null, \"other_industry\": null}}','162.158.187.148','Mozilla/5.0 (Windows NT 10.0; Win64; x64) AppleWebKit/537.36 (KHTML, like Gecko) Chrome/138.0.0.0 Safari/537.36','2025-07-31 11:05:25','2025-07-31 11:05:25'),(118,24,'create_lead','App\\Models\\Leads\\Lead',322,'Created new lead','{\"after\": {\"id\": 322, \"name\": \"Mr Pak Setya Budi\", \"email\": \"raesky65@gmail.com\", \"needs\": \"Block Ice ( Mesin Es Balok )\", \"phone\": \"081311117169\", \"tonase\": null, \"company\": \"Kementrian Kelautan dan Perikanan\", \"province\": \"DKI Jakarta\", \"branch_id\": 1, \"region_id\": 3, \"source_id\": 9, \"status_id\": 2, \"created_at\": \"2025-07-31T04:39:23.000000Z\", \"jabatan_id\": 4, \"product_id\": 48, \"segment_id\": 2, \"updated_at\": \"2025-07-31T04:39:23.000000Z\", \"industry_id\": 1, \"published_at\": \"2025-07-31 11:39:23\", \"customer_type\": \"Government\", \"first_sales_id\": null, \"other_industry\": null}}','162.158.88.56','Mozilla/5.0 (Windows NT 10.0; Win64; x64) AppleWebKit/537.36 (KHTML, like Gecko) Chrome/138.0.0.0 Safari/537.36','2025-07-31 11:39:23','2025-07-31 11:39:23'),(119,24,'update_lead','App\\Models\\Leads\\Lead',322,'Updated lead','{\"after\": {\"id\": 322, \"name\": \"Mr Setya Budi\", \"email\": \"raesky65@gmail.com\", \"needs\": \"Block Ice ( Mesin Es Balok )\", \"phone\": \"081311117169\", \"tonase\": null, \"company\": \"Kementrian Kelautan dan Perikanan\", \"province\": \"DKI Jakarta\", \"branch_id\": 1, \"region_id\": 3, \"source_id\": 9, \"status_id\": 2, \"created_at\": \"2025-07-31T04:39:23.000000Z\", \"jabatan_id\": 4, \"product_id\": 48, \"segment_id\": 2, \"updated_at\": \"2025-07-31T04:39:42.000000Z\", \"industry_id\": 1, \"published_at\": \"2025-07-31 11:39:23\", \"customer_type\": \"Government\", \"first_sales_id\": null, \"other_industry\": null}, \"before\": {\"id\": 322, \"name\": \"Mr Pak Setya Budi\", \"email\": \"raesky65@gmail.com\", \"needs\": \"Block Ice ( Mesin Es Balok )\", \"phone\": \"081311117169\", \"tonase\": null, \"company\": \"Kementrian Kelautan dan Perikanan\", \"province\": \"DKI Jakarta\", \"branch_id\": 1, \"region_id\": 3, \"source_id\": 9, \"status_id\": 2, \"created_at\": \"2025-07-31T04:39:23.000000Z\", \"jabatan_id\": 4, \"product_id\": 48, \"segment_id\": 2, \"updated_at\": \"2025-07-31T04:39:23.000000Z\", \"industry_id\": 1, \"published_at\": \"2025-07-31 11:39:23\", \"customer_type\": \"Government\", \"first_sales_id\": null, \"other_industry\": null}}','162.158.88.56','Mozilla/5.0 (Windows NT 10.0; Win64; x64) AppleWebKit/537.36 (KHTML, like Gecko) Chrome/138.0.0.0 Safari/537.36','2025-07-31 11:39:42','2025-07-31 11:39:42'),(120,24,'update_lead','App\\Models\\Leads\\Lead',251,'Updated lead','{\"after\": {\"id\": 251, \"name\": \"Mr Effendi\", \"email\": \"effendi@gmail.com\", \"needs\": \"Block Ice ( Mesin Es Balok )\", \"phone\": \"+62 852-5488-7771\", \"tonase\": \"5.00\", \"company\": \"PT. Lintas Inti Energy\", \"province\": \"DKI Jakarta\", \"branch_id\": 1, \"region_id\": 2, \"source_id\": 1, \"status_id\": 3, \"created_at\": \"2025-07-18T04:23:55.000000Z\", \"jabatan_id\": 4, \"product_id\": null, \"segment_id\": 1, \"updated_at\": \"2025-08-01T02:59:06.000000Z\", \"industry_id\": 1, \"published_at\": \"2025-07-18 11:23:55\", \"customer_type\": \"Personal\", \"first_sales_id\": 24, \"other_industry\": null}, \"before\": {\"id\": 251, \"name\": \"Effendi\", \"email\": \"effendi@gmail.com\", \"needs\": \"Block Ice ( Mesin Es Balok )\", \"phone\": \"+62 852-5488-7771\", \"tonase\": null, \"company\": \"PT. Lintas Inti Energy\", \"province\": \"DKI Jakarta\", \"branch_id\": 1, \"region_id\": 2, \"source_id\": 1, \"status_id\": 3, \"created_at\": \"2025-07-18T04:23:55.000000Z\", \"jabatan_id\": null, \"product_id\": null, \"segment_id\": 1, \"updated_at\": \"2025-08-01T02:52:53.000000Z\", \"industry_id\": null, \"published_at\": \"2025-07-18 11:23:55\", \"customer_type\": \"Personal\", \"first_sales_id\": 24, \"other_industry\": null}}','162.158.26.77','Mozilla/5.0 (Linux; Android 10; K) AppleWebKit/537.36 (KHTML, like Gecko) Chrome/138.0.0.0 Mobile Safari/537.36','2025-08-01 09:59:06','2025-08-01 09:59:06'),(121,24,'update_lead','App\\Models\\Leads\\Lead',238,'Updated lead','{\"after\": {\"id\": 238, \"name\": \"Mr Classic Hotel ( Rudy Susanto )\", \"email\": \"purchasing@classichoteljakarta.com\", \"needs\": \"Cube Ice ( Mesin Es Kristal Kubus )\", \"phone\": \"08158342000\", \"tonase\": \"1.00\", \"company\": \"PT Classic Hotel Indonesia\", \"province\": \"DKI Jakarta\", \"branch_id\": 1, \"region_id\": 3, \"source_id\": 3, \"status_id\": 2, \"created_at\": \"2025-07-16T08:00:30.000000Z\", \"jabatan_id\": 5, \"product_id\": 29, \"segment_id\": 3, \"updated_at\": \"2025-08-01T03:47:34.000000Z\", \"industry_id\": null, \"published_at\": \"2025-07-16 15:00:30\", \"customer_type\": \"Personal\", \"first_sales_id\": 24, \"other_industry\": \"Food And Beverage\"}, \"before\": {\"id\": 238, \"name\": \"Classic Hotel ( Rudy Susanto )\", \"email\": \"purchasing@classichoteljakarta.com\", \"needs\": \"Cube Ice ( Mesin Es Kristal Kubus )\", \"phone\": \"08158342000\", \"tonase\": null, \"company\": null, \"province\": \"DKI Jakarta\", \"branch_id\": 1, \"region_id\": 3, \"source_id\": 3, \"status_id\": 2, \"created_at\": \"2025-07-16T08:00:30.000000Z\", \"jabatan_id\": null, \"product_id\": 29, \"segment_id\": 3, \"updated_at\": \"2025-08-01T02:51:03.000000Z\", \"industry_id\": null, \"published_at\": \"2025-07-16 15:00:30\", \"customer_type\": null, \"first_sales_id\": 24, \"other_industry\": null}}','162.158.26.77','Mozilla/5.0 (Windows NT 10.0; Win64; x64) AppleWebKit/537.36 (KHTML, like Gecko) Chrome/138.0.0.0 Safari/537.36','2025-08-01 10:47:34','2025-08-01 10:47:34'),(122,1,'create_province','App\\Models\\Masters\\Province',33,'Created new province','{\"after\": {\"id\": 33, \"name\": \"Kepulauan Riau\", \"created_at\": \"2025-08-01T06:35:03.000000Z\", \"deleted_at\": null, \"updated_at\": \"2025-08-01T06:35:03.000000Z\", \"regional_id\": 3}, \"before\": null}','162.158.108.141','Mozilla/5.0 (Macintosh; Intel Mac OS X 10_15_7) AppleWebKit/537.36 (KHTML, like Gecko) Chrome/138.0.0.0 Safari/537.36','2025-08-01 13:35:03','2025-08-01 13:35:03'),(123,1,'create_region','App\\Models\\Masters\\Region',481,'Created new region','{\"after\": {\"id\": 481, \"code\": \"BLT\", \"name\": \"Belitunng\", \"branch_id\": 1, \"created_at\": \"2025-08-01T06:35:56.000000Z\", \"deleted_at\": null, \"updated_at\": \"2025-08-01T06:35:56.000000Z\", \"province_id\": 33, \"regional_id\": 3}, \"before\": null}','162.158.108.141','Mozilla/5.0 (Macintosh; Intel Mac OS X 10_15_7) AppleWebKit/537.36 (KHTML, like Gecko) Chrome/138.0.0.0 Safari/537.36','2025-08-01 13:35:56','2025-08-01 13:35:56'),(124,1,'create_region','App\\Models\\Masters\\Region',482,'Created new region','{\"after\": {\"id\": 482, \"code\": \"PKP\", \"name\": \"Pangkal Pinang\", \"branch_id\": 1, \"created_at\": \"2025-08-01T06:36:23.000000Z\", \"deleted_at\": null, \"updated_at\": \"2025-08-01T06:36:23.000000Z\", \"province_id\": 33, \"regional_id\": 3}, \"before\": null}','162.158.108.133','Mozilla/5.0 (Macintosh; Intel Mac OS X 10_15_7) AppleWebKit/537.36 (KHTML, like Gecko) Chrome/138.0.0.0 Safari/537.36','2025-08-01 13:36:23','2025-08-01 13:36:23'),(125,1,'create_province','App\\Models\\Masters\\Province',34,'Created new province','{\"after\": {\"id\": 34, \"name\": \"Bengkulu\", \"created_at\": \"2025-08-01T06:37:34.000000Z\", \"deleted_at\": null, \"updated_at\": \"2025-08-01T06:37:34.000000Z\", \"regional_id\": 3}, \"before\": null}','172.71.82.31','Mozilla/5.0 (Macintosh; Intel Mac OS X 10_15_7) AppleWebKit/537.36 (KHTML, like Gecko) Chrome/138.0.0.0 Safari/537.36','2025-08-01 13:37:34','2025-08-01 13:37:34'),(126,1,'create_region','App\\Models\\Masters\\Region',483,'Created new region','{\"after\": {\"id\": 483, \"code\": \"KBL\", \"name\": \"Kota Bengkulu\", \"branch_id\": 1, \"created_at\": \"2025-08-01T06:38:12.000000Z\", \"deleted_at\": null, \"updated_at\": \"2025-08-01T06:38:12.000000Z\", \"province_id\": 13, \"regional_id\": 3}, \"before\": null}','172.71.82.31','Mozilla/5.0 (Macintosh; Intel Mac OS X 10_15_7) AppleWebKit/537.36 (KHTML, like Gecko) Chrome/138.0.0.0 Safari/537.36','2025-08-01 13:38:12','2025-08-01 13:38:12'),(127,1,'update_lead','App\\Models\\Leads\\Lead',314,'Updated lead','{\"after\": {\"id\": 314, \"name\": \"Mr Heri\", \"email\": \"heri@gmail.com\", \"needs\": \"Tube Ice ( Mesin Es Kristal Tabung )\", \"phone\": \"081278625420\", \"tonase\": null, \"company\": \"Pak Heri\", \"province\": \"Lampung\", \"branch_id\": 1, \"region_id\": 257, \"source_id\": 8, \"status_id\": 2, \"created_at\": \"2025-07-31T03:49:09.000000Z\", \"jabatan_id\": 5, \"product_id\": 1, \"segment_id\": 3, \"updated_at\": \"2025-08-01T06:44:00.000000Z\", \"industry_id\": 9, \"published_at\": \"2025-07-31 10:49:09\", \"customer_type\": \"Personal\", \"first_sales_id\": null, \"other_industry\": null}, \"before\": {\"id\": 314, \"name\": \"Mr Pak Heri\", \"email\": \"heri@gmail.com\", \"needs\": \"Tube Ice ( Mesin Es Kristal Tabung )\", \"phone\": \"081278625420\", \"tonase\": null, \"company\": \"Pak Heri\", \"province\": \"Lampung\", \"branch_id\": 1, \"region_id\": 257, \"source_id\": 8, \"status_id\": 2, \"created_at\": \"2025-07-31T03:49:09.000000Z\", \"jabatan_id\": 5, \"product_id\": 1, \"segment_id\": 3, \"updated_at\": \"2025-07-31T03:49:09.000000Z\", \"industry_id\": 9, \"published_at\": \"2025-07-31 10:49:09\", \"customer_type\": \"Personal\", \"first_sales_id\": null, \"other_industry\": null}}','162.158.178.9','Mozilla/5.0 (Macintosh; Intel Mac OS X 10_15_7) AppleWebKit/537.36 (KHTML, like Gecko) Chrome/138.0.0.0 Safari/537.36','2025-08-01 13:44:00','2025-08-01 13:44:00'),(128,1,'update_lead','App\\Models\\Leads\\Lead',325,'Updated lead','{\"after\": {\"id\": 325, \"name\": \"Mr Novi\", \"email\": \"novi@gmail.com\", \"needs\": \"Tube Ice ( Mesin Es Kristal Tabung )\", \"phone\": \"+62 822-3453-2222\", \"tonase\": \"1.00\", \"company\": \"-\", \"province\": \"Banten\", \"branch_id\": 1, \"region_id\": 77, \"source_id\": 1, \"status_id\": 2, \"created_at\": \"2025-08-01T05:00:55.000000Z\", \"jabatan_id\": 5, \"product_id\": 1, \"segment_id\": 3, \"updated_at\": \"2025-08-01T06:45:26.000000Z\", \"industry_id\": 4, \"published_at\": \"2025-08-01 12:00:55\", \"customer_type\": \"Personal\", \"first_sales_id\": null, \"other_industry\": null}, \"before\": {\"id\": 325, \"name\": \"Mr Novi\", \"email\": \"novi@gmail.com\", \"needs\": \"Tube Ice ( Mesin Es Kristal Tabung )\", \"phone\": \"+62 822-3453-2222\", \"tonase\": \"1.00\", \"company\": \"-\", \"province\": \"Banten\", \"branch_id\": null, \"region_id\": 77, \"source_id\": 1, \"status_id\": 2, \"created_at\": \"2025-08-01T05:00:55.000000Z\", \"jabatan_id\": null, \"product_id\": null, \"segment_id\": null, \"updated_at\": \"2025-08-01T06:27:05.000000Z\", \"industry_id\": null, \"published_at\": \"2025-08-01 12:00:55\", \"customer_type\": \"Personal\", \"first_sales_id\": null, \"other_industry\": null}}','172.69.68.127','Mozilla/5.0 (Macintosh; Intel Mac OS X 10_15_7) AppleWebKit/537.36 (KHTML, like Gecko) Chrome/138.0.0.0 Safari/537.36','2025-08-01 13:45:26','2025-08-01 13:45:26'),(129,24,'update_lead','App\\Models\\Leads\\Lead',326,'Updated lead','{\"after\": {\"id\": 326, \"name\": \"Mr Edy\", \"email\": \"Edy@gmaill.com\", \"needs\": \"Tube Ice ( Mesin Es Kristal Tabung )\", \"phone\": \"08126210812\", \"tonase\": \"10.00\", \"company\": \"-\", \"province\": \"Sumatera Utara\", \"branch_id\": 1, \"region_id\": 179, \"source_id\": 1, \"status_id\": 2, \"created_at\": \"2025-08-01T07:54:47.000000Z\", \"jabatan_id\": 10, \"product_id\": 1, \"segment_id\": 3, \"updated_at\": \"2025-08-01T08:10:25.000000Z\", \"industry_id\": 1, \"published_at\": \"2025-08-01 14:54:47\", \"customer_type\": \"Personal\", \"first_sales_id\": null, \"other_industry\": null}, \"before\": {\"id\": 326, \"name\": \"Mr Edy\", \"email\": \"Edy@gmaill.com\", \"needs\": \"Tube Ice ( Mesin Es Kristal Tabung )\", \"phone\": \"08126210812\", \"tonase\": \"10.00\", \"company\": \"-\", \"province\": \"Sumatera Utara\", \"branch_id\": null, \"region_id\": 179, \"source_id\": 1, \"status_id\": 2, \"created_at\": \"2025-08-01T07:54:47.000000Z\", \"jabatan_id\": 10, \"product_id\": null, \"segment_id\": null, \"updated_at\": \"2025-08-01T07:55:18.000000Z\", \"industry_id\": null, \"published_at\": \"2025-08-01 14:54:47\", \"customer_type\": \"Personal\", \"first_sales_id\": null, \"other_industry\": null}}','172.70.142.169','Mozilla/5.0 (Windows NT 10.0; Win64; x64) AppleWebKit/537.36 (KHTML, like Gecko) Chrome/138.0.0.0 Safari/537.36','2025-08-01 15:10:25','2025-08-01 15:10:25'),(130,21,'update_lead','App\\Models\\Leads\\Lead',284,'Updated lead','{\"after\": {\"id\": 284, \"name\": \"Mr William\", \"email\": \"william@gmail.com\", \"needs\": \"Cold Room ( Ruang Pendingin )\", \"phone\": \"+62 812-9255-5096\", \"tonase\": \"15.00\", \"company\": \"-\", \"province\": \"DKI Jakarta\", \"branch_id\": 1, \"region_id\": 2, \"source_id\": 1, \"status_id\": 2, \"created_at\": \"2025-07-28T08:53:22.000000Z\", \"jabatan_id\": 7, \"product_id\": 1, \"segment_id\": 3, \"updated_at\": \"2025-08-01T08:58:40.000000Z\", \"industry_id\": 9, \"published_at\": \"2025-07-28 15:53:22\", \"customer_type\": \"Corporate\", \"first_sales_id\": null, \"other_industry\": null}, \"before\": {\"id\": 284, \"name\": \"Mr William\", \"email\": \"william@gmail.com\", \"needs\": \"Cold Room ( Ruang Pendingin )\", \"phone\": \"+62 812-9255-5096\", \"tonase\": \"15.00\", \"company\": \"-\", \"province\": \"DKI Jakarta\", \"branch_id\": null, \"region_id\": 2, \"source_id\": 1, \"status_id\": 2, \"created_at\": \"2025-07-28T08:53:22.000000Z\", \"jabatan_id\": 10, \"product_id\": null, \"segment_id\": null, \"updated_at\": \"2025-07-28T08:54:33.000000Z\", \"industry_id\": null, \"published_at\": \"2025-07-28 15:53:22\", \"customer_type\": \"Personal\", \"first_sales_id\": null, \"other_industry\": null}}','172.69.68.3','Mozilla/5.0 (Macintosh; Intel Mac OS X 10_15_7) AppleWebKit/537.36 (KHTML, like Gecko) Chrome/138.0.0.0 Safari/537.36','2025-08-01 15:58:40','2025-08-01 15:58:40'),(131,24,'update_lead','App\\Models\\Leads\\Lead',330,'Updated lead','{\"after\": {\"id\": 330, \"name\": \"Mr Romi\", \"email\": \"Romi@gmail.com\", \"needs\": \"Tube Ice ( Mesin Es Kristal Tabung )\", \"phone\": \"+62 813-7721-2218\", \"tonase\": null, \"company\": \"-\", \"province\": \"Sumatera Utara\", \"branch_id\": 1, \"region_id\": 179, \"source_id\": 1, \"status_id\": 2, \"created_at\": \"2025-08-04T03:05:39.000000Z\", \"jabatan_id\": 10, \"product_id\": 1, \"segment_id\": 3, \"updated_at\": \"2025-08-04T03:57:12.000000Z\", \"industry_id\": 9, \"published_at\": \"2025-08-04 10:05:39\", \"customer_type\": \"Personal\", \"first_sales_id\": null, \"other_industry\": null}, \"before\": {\"id\": 330, \"name\": \"Mr Romi\", \"email\": \"Romi@gmail.com\", \"needs\": \"Tube Ice ( Mesin Es Kristal Tabung )\", \"phone\": \"+62 813-7721-2218\", \"tonase\": null, \"company\": \"-\", \"province\": \"Sumatera Utara\", \"branch_id\": null, \"region_id\": 179, \"source_id\": 1, \"status_id\": 2, \"created_at\": \"2025-08-04T03:05:39.000000Z\", \"jabatan_id\": null, \"product_id\": null, \"segment_id\": null, \"updated_at\": \"2025-08-04T03:45:34.000000Z\", \"industry_id\": null, \"published_at\": \"2025-08-04 10:05:39\", \"customer_type\": \"Personal\", \"first_sales_id\": null, \"other_industry\": null}}','162.158.26.248','Mozilla/5.0 (Windows NT 10.0; Win64; x64) AppleWebKit/537.36 (KHTML, like Gecko) Chrome/138.0.0.0 Safari/537.36','2025-08-04 10:57:12','2025-08-04 10:57:12'),(132,1,'update_admin','App\\Models\\User',1,'Updated admin user','{\"after\": {\"id\": 1, \"nip\": \"NIP001\", \"name\": \"Super Admin\", \"email\": \"superadmin@localhost.com\", \"phone\": null, \"role_id\": 1, \"branch_id\": 1, \"company_id\": 1, \"created_at\": null, \"created_by\": null, \"deleted_at\": null, \"updated_at\": \"2025-08-04T06:08:40.000000Z\", \"updated_by\": 1}, \"before\": {\"id\": 1, \"nip\": \"NIP001\", \"name\": \"Super Admin\", \"email\": \"superadmin@localhost.com\", \"phone\": null, \"role_id\": 1, \"branch_id\": null, \"company_id\": null, \"created_at\": null, \"created_by\": null, \"deleted_at\": null, \"updated_at\": null, \"updated_by\": null}}','172.68.164.6','Mozilla/5.0 (Macintosh; Intel Mac OS X 10_15_7) AppleWebKit/537.36 (KHTML, like Gecko) Chrome/138.0.0.0 Safari/537.36','2025-08-04 13:08:40','2025-08-04 13:08:40'),(133,36,'update_lead','App\\Models\\Leads\\Lead',334,'Updated lead','{\"after\": {\"id\": 334, \"name\": \"Mr TEST\", \"email\": \"hizkiarudi02@gmail.com\", \"needs\": \"Cube Ice ( Mesin Es Kristal Kubus )\", \"phone\": \"081111\", \"tonase\": \"5.00\", \"company\": \"TEST\", \"province\": \"DKI Jakarta\", \"branch_id\": 1, \"region_id\": 2, \"source_id\": 1, \"status_id\": 2, \"created_at\": \"2025-08-05T03:56:50.000000Z\", \"jabatan_id\": 2, \"product_id\": 2, \"segment_id\": 3, \"updated_at\": \"2025-08-05T04:01:49.000000Z\", \"industry_id\": 2, \"published_at\": \"2025-08-05 10:56:50\", \"customer_type\": \"Corporate\", \"first_sales_id\": null, \"other_industry\": null}, \"before\": {\"id\": 334, \"name\": \"Mr TEST\", \"email\": \"hizkiarudi02@gmail.com\", \"needs\": \"Cube Ice ( Mesin Es Kristal Kubus )\", \"phone\": \"081111\", \"tonase\": \"5.00\", \"company\": \"TEST\", \"province\": \"DKI Jakarta\", \"branch_id\": null, \"region_id\": 2, \"source_id\": 2, \"status_id\": 2, \"created_at\": \"2025-08-05T03:56:50.000000Z\", \"jabatan_id\": 2, \"product_id\": null, \"segment_id\": null, \"updated_at\": \"2025-08-05T03:57:27.000000Z\", \"industry_id\": null, \"published_at\": \"2025-08-05 10:56:50\", \"customer_type\": \"Corporate\", \"first_sales_id\": null, \"other_industry\": null}}','108.162.227.128','Mozilla/5.0 (Macintosh; Intel Mac OS X 10_15_7) AppleWebKit/537.36 (KHTML, like Gecko) Chrome/138.0.0.0 Safari/537.36','2025-08-05 11:01:49','2025-08-05 11:01:49'),(134,28,'update_lead','App\\Models\\Leads\\Lead',214,'Updated lead','{\"after\": {\"id\": 214, \"name\": \"Mr Muhammad Ariawan\", \"email\": \"muhammadariawan@gmail.com\", \"needs\": \"Block Ice ( Mesin Es Balok )\", \"phone\": \"+62 812-4355-1050\", \"tonase\": \"1.00\", \"company\": \"Personal\", \"province\": \"Maluku Utara\", \"branch_id\": 2, \"region_id\": 399, \"source_id\": 1, \"status_id\": 2, \"created_at\": \"2025-07-14T08:30:46.000000Z\", \"jabatan_id\": 5, \"product_id\": 49, \"segment_id\": 3, \"updated_at\": \"2025-08-06T00:56:54.000000Z\", \"industry_id\": null, \"published_at\": \"2025-07-14 15:30:46\", \"customer_type\": \"Personal\", \"first_sales_id\": 28, \"other_industry\": \"Komersial\"}, \"before\": {\"id\": 214, \"name\": \"Muhammad Ariawan\", \"email\": \"muhammadariawan@gmail.com\", \"needs\": \"Tube Ice ( Mesin Es Kristal Tabung )\", \"phone\": \"+62 812-4355-1050\", \"tonase\": null, \"company\": null, \"province\": \"Maluku Utara\", \"branch_id\": null, \"region_id\": 399, \"source_id\": 1, \"status_id\": 2, \"created_at\": \"2025-07-14T08:30:46.000000Z\", \"jabatan_id\": null, \"product_id\": null, \"segment_id\": 3, \"updated_at\": \"2025-08-04T06:56:46.000000Z\", \"industry_id\": null, \"published_at\": \"2025-07-14 15:30:46\", \"customer_type\": null, \"first_sales_id\": 28, \"other_industry\": null}}','172.68.242.125','Mozilla/5.0 (Macintosh; Intel Mac OS X 10_15_7) AppleWebKit/605.1.15 (KHTML, like Gecko) Version/18.5 Safari/605.1.15','2025-08-06 07:56:54','2025-08-06 07:56:54'),(135,24,'update_lead','App\\Models\\Leads\\Lead',330,'Updated lead','{\"after\": {\"id\": 330, \"name\": \"Mr Romi\", \"email\": \"Romi@gmail.com\", \"needs\": \"Tube Ice ( Mesin Es Kristal Tabung )\", \"phone\": \"+62 813-7721-2218\", \"tonase\": null, \"company\": \"-\", \"province\": \"Sumatera Utara\", \"branch_id\": 1, \"region_id\": 179, \"source_id\": 1, \"status_id\": 2, \"created_at\": \"2025-08-04T03:05:39.000000Z\", \"jabatan_id\": 10, \"product_id\": 1, \"segment_id\": 3, \"updated_at\": \"2025-08-04T03:57:12.000000Z\", \"industry_id\": 9, \"published_at\": \"2025-08-04 10:05:39\", \"customer_type\": \"Personal\", \"first_sales_id\": null, \"other_industry\": null}, \"before\": {\"id\": 330, \"name\": \"Mr Romi\", \"email\": \"Romi@gmail.com\", \"needs\": \"Tube Ice ( Mesin Es Kristal Tabung )\", \"phone\": \"+62 813-7721-2218\", \"tonase\": null, \"company\": \"-\", \"province\": \"Sumatera Utara\", \"branch_id\": 1, \"region_id\": 179, \"source_id\": 1, \"status_id\": 2, \"created_at\": \"2025-08-04T03:05:39.000000Z\", \"jabatan_id\": 10, \"product_id\": 1, \"segment_id\": 3, \"updated_at\": \"2025-08-04T03:57:12.000000Z\", \"industry_id\": 9, \"published_at\": \"2025-08-04 10:05:39\", \"customer_type\": \"Personal\", \"first_sales_id\": null, \"other_industry\": null}}','162.158.26.203','Mozilla/5.0 (Windows NT 10.0; Win64; x64) AppleWebKit/537.36 (KHTML, like Gecko) Chrome/138.0.0.0 Safari/537.36','2025-08-06 08:54:00','2025-08-06 08:54:00'),(136,24,'update_lead','App\\Models\\Leads\\Lead',337,'Updated lead','{\"after\": {\"id\": 337, \"name\": \"Mr kakang prabu\", \"email\": \"kakangprabu@gmail.com\", \"needs\": \"Tube Ice ( Mesin Es Kristal Tabung )\", \"phone\": \"+62 878-8333-9720\", \"tonase\": \"1.00\", \"company\": \"-\", \"province\": \"Banten\", \"branch_id\": 1, \"region_id\": 81, \"source_id\": 1, \"status_id\": 2, \"created_at\": \"2025-08-06T05:17:31.000000Z\", \"jabatan_id\": 10, \"product_id\": null, \"segment_id\": 3, \"updated_at\": \"2025-08-06T06:42:54.000000Z\", \"industry_id\": 3, \"published_at\": \"2025-08-06 12:17:31\", \"customer_type\": \"Personal\", \"first_sales_id\": null, \"other_industry\": null}, \"before\": {\"id\": 337, \"name\": \"Mr kakang prabu\", \"email\": \"kakangprabu@gmail.com\", \"needs\": \"Tube Ice ( Mesin Es Kristal Tabung )\", \"phone\": \"+62 878-8333-9720\", \"tonase\": \"1.00\", \"company\": \"-\", \"province\": \"Banten\", \"branch_id\": null, \"region_id\": 81, \"source_id\": 1, \"status_id\": 2, \"created_at\": \"2025-08-06T05:17:31.000000Z\", \"jabatan_id\": 10, \"product_id\": null, \"segment_id\": null, \"updated_at\": \"2025-08-06T06:36:40.000000Z\", \"industry_id\": null, \"published_at\": \"2025-08-06 12:17:31\", \"customer_type\": \"Personal\", \"first_sales_id\": null, \"other_industry\": null}}','162.158.26.202','Mozilla/5.0 (Windows NT 10.0; Win64; x64) AppleWebKit/537.36 (KHTML, like Gecko) Chrome/138.0.0.0 Safari/537.36','2025-08-06 13:42:54','2025-08-06 13:42:54'),(137,1,'update_admin','App\\Models\\User',28,'Updated admin user','{\"after\": {\"id\": 28, \"nip\": \"81452\", \"name\": \"Huda\", \"email\": \"sales.mks1@daxtro.com\", \"phone\": \"09280524124\", \"role_id\": 2, \"branch_id\": 2, \"company_id\": 2, \"created_at\": \"2025-07-10T06:32:02.000000Z\", \"created_by\": 1, \"deleted_at\": null, \"updated_at\": \"2025-08-11T05:14:07.000000Z\", \"updated_by\": 1}, \"before\": {\"id\": 28, \"nip\": \"81452\", \"name\": \"Akmal\", \"email\": \"sales.mks1@daxtro.com\", \"phone\": \"09280524124\", \"role_id\": 2, \"branch_id\": 2, \"company_id\": 2, \"created_at\": \"2025-07-10T06:32:02.000000Z\", \"created_by\": 1, \"deleted_at\": null, \"updated_at\": \"2025-07-10T08:09:02.000000Z\", \"updated_by\": 1}}','172.68.242.66','Mozilla/5.0 (Macintosh; Intel Mac OS X 10_15_7) AppleWebKit/537.36 (KHTML, like Gecko) Chrome/139.0.0.0 Safari/537.36','2025-08-11 12:14:07','2025-08-11 12:14:07'),(138,1,'update_admin','App\\Models\\User',28,'Updated admin user','{\"after\": {\"id\": 28, \"nip\": \"81452\", \"name\": \"Akmal\", \"email\": \"sales.mks3@daxtro.com\", \"phone\": \"09280524124\", \"role_id\": 2, \"branch_id\": 2, \"company_id\": 2, \"created_at\": \"2025-07-10T06:32:02.000000Z\", \"created_by\": 1, \"deleted_at\": null, \"updated_at\": \"2025-08-11T05:15:07.000000Z\", \"updated_by\": 1}, \"before\": {\"id\": 28, \"nip\": \"81452\", \"name\": \"Huda\", \"email\": \"sales.mks1@daxtro.com\", \"phone\": \"09280524124\", \"role_id\": 2, \"branch_id\": 2, \"company_id\": 2, \"created_at\": \"2025-07-10T06:32:02.000000Z\", \"created_by\": 1, \"deleted_at\": null, \"updated_at\": \"2025-08-11T05:14:07.000000Z\", \"updated_by\": 1}}','172.68.242.67','Mozilla/5.0 (Macintosh; Intel Mac OS X 10_15_7) AppleWebKit/537.36 (KHTML, like Gecko) Chrome/139.0.0.0 Safari/537.36','2025-08-11 12:15:07','2025-08-11 12:15:07'),(139,1,'create_admin','App\\Models\\User',37,'Created admin user','{\"after\": {\"id\": 37, \"nip\": \"00000\", \"name\": \"Huda\", \"email\": \"sales.mks1@daxtro.com\", \"phone\": \"08888881\", \"role_id\": 2, \"branch_id\": 2, \"company_id\": 1, \"created_at\": \"2025-08-11T05:16:20.000000Z\", \"created_by\": 1, \"deleted_at\": null, \"updated_at\": \"2025-08-11T05:16:20.000000Z\", \"updated_by\": 1}, \"before\": null}','172.70.142.25','Mozilla/5.0 (Macintosh; Intel Mac OS X 10_15_7) AppleWebKit/537.36 (KHTML, like Gecko) Chrome/139.0.0.0 Safari/537.36','2025-08-11 12:16:20','2025-08-11 12:16:20'),(140,1,'update_region','App\\Models\\Masters\\Region',458,'Updated region','{\"after\": {\"id\": 458, \"code\": \"kabupaten-alor\", \"name\": \"Kabupaten Alor\", \"branch_id\": 3, \"created_at\": null, \"deleted_at\": null, \"updated_at\": \"2025-08-11T08:37:48.000000Z\", \"province_id\": 32, \"regional_id\": 8}, \"before\": {\"id\": 458, \"code\": \"kabupaten-alor\", \"name\": \"Kabupaten Alor\", \"branch_id\": 2, \"created_at\": null, \"deleted_at\": null, \"updated_at\": null, \"province_id\": 32, \"regional_id\": 8}}','172.69.176.91','Mozilla/5.0 (Windows NT 10.0; Win64; x64) AppleWebKit/537.36 (KHTML, like Gecko) Chrome/138.0.0.0 Safari/537.36','2025-08-11 15:37:48','2025-08-11 15:37:48'),(141,1,'update_region','App\\Models\\Masters\\Region',459,'Updated region','{\"after\": {\"id\": 459, \"code\": \"kabupaten-belu\", \"name\": \"Kabupaten Belu\", \"branch_id\": 3, \"created_at\": null, \"deleted_at\": null, \"updated_at\": \"2025-08-11T08:38:09.000000Z\", \"province_id\": 32, \"regional_id\": 8}, \"before\": {\"id\": 459, \"code\": \"kabupaten-belu\", \"name\": \"Kabupaten Belu\", \"branch_id\": 2, \"created_at\": null, \"deleted_at\": null, \"updated_at\": null, \"province_id\": 32, \"regional_id\": 8}}','172.69.176.91','Mozilla/5.0 (Windows NT 10.0; Win64; x64) AppleWebKit/537.36 (KHTML, like Gecko) Chrome/138.0.0.0 Safari/537.36','2025-08-11 15:38:09','2025-08-11 15:38:09'),(142,1,'update_region','App\\Models\\Masters\\Region',460,'Updated region','{\"after\": {\"id\": 460, \"code\": \"kabupaten-ende\", \"name\": \"Kabupaten Ende\", \"branch_id\": 3, \"created_at\": null, \"deleted_at\": null, \"updated_at\": \"2025-08-11T08:38:42.000000Z\", \"province_id\": 32, \"regional_id\": 8}, \"before\": {\"id\": 460, \"code\": \"kabupaten-ende\", \"name\": \"Kabupaten Ende\", \"branch_id\": 2, \"created_at\": null, \"deleted_at\": null, \"updated_at\": null, \"province_id\": 32, \"regional_id\": 8}}','172.69.176.91','Mozilla/5.0 (Windows NT 10.0; Win64; x64) AppleWebKit/537.36 (KHTML, like Gecko) Chrome/138.0.0.0 Safari/537.36','2025-08-11 15:38:42','2025-08-11 15:38:42'),(143,1,'update_region','App\\Models\\Masters\\Region',461,'Updated region','{\"after\": {\"id\": 461, \"code\": \"kabupaten-flores-timur\", \"name\": \"Kabupaten Flores Timur\", \"branch_id\": 3, \"created_at\": null, \"deleted_at\": null, \"updated_at\": \"2025-08-11T08:39:16.000000Z\", \"province_id\": 32, \"regional_id\": 8}, \"before\": {\"id\": 461, \"code\": \"kabupaten-flores-timur\", \"name\": \"Kabupaten Flores Timur\", \"branch_id\": 2, \"created_at\": null, \"deleted_at\": null, \"updated_at\": null, \"province_id\": 32, \"regional_id\": 8}}','172.69.176.90','Mozilla/5.0 (Windows NT 10.0; Win64; x64) AppleWebKit/537.36 (KHTML, like Gecko) Chrome/138.0.0.0 Safari/537.36','2025-08-11 15:39:16','2025-08-11 15:39:16'),(144,1,'update_region','App\\Models\\Masters\\Region',462,'Updated region','{\"after\": {\"id\": 462, \"code\": \"kabupaten-kupang\", \"name\": \"Kabupaten Kupang\", \"branch_id\": 3, \"created_at\": null, \"deleted_at\": null, \"updated_at\": \"2025-08-11T08:39:46.000000Z\", \"province_id\": 32, \"regional_id\": 8}, \"before\": {\"id\": 462, \"code\": \"kabupaten-kupang\", \"name\": \"Kabupaten Kupang\", \"branch_id\": 2, \"created_at\": null, \"deleted_at\": null, \"updated_at\": null, \"province_id\": 32, \"regional_id\": 8}}','172.69.176.91','Mozilla/5.0 (Windows NT 10.0; Win64; x64) AppleWebKit/537.36 (KHTML, like Gecko) Chrome/138.0.0.0 Safari/537.36','2025-08-11 15:39:46','2025-08-11 15:39:46'),(145,1,'update_region','App\\Models\\Masters\\Region',463,'Updated region','{\"after\": {\"id\": 463, \"code\": \"kabupaten-lembata\", \"name\": \"Kabupaten Lembata\", \"branch_id\": 3, \"created_at\": null, \"deleted_at\": null, \"updated_at\": \"2025-08-11T08:41:08.000000Z\", \"province_id\": 32, \"regional_id\": 8}, \"before\": {\"id\": 463, \"code\": \"kabupaten-lembata\", \"name\": \"Kabupaten Lembata\", \"branch_id\": 2, \"created_at\": null, \"deleted_at\": null, \"updated_at\": null, \"province_id\": 32, \"regional_id\": 8}}','172.70.143.3','Mozilla/5.0 (Windows NT 10.0; Win64; x64) AppleWebKit/537.36 (KHTML, like Gecko) Chrome/138.0.0.0 Safari/537.36','2025-08-11 15:41:08','2025-08-11 15:41:08'),(146,1,'update_region','App\\Models\\Masters\\Region',464,'Updated region','{\"after\": {\"id\": 464, \"code\": \"kabupaten-malaka\", \"name\": \"Kabupaten Malaka\", \"branch_id\": 3, \"created_at\": null, \"deleted_at\": null, \"updated_at\": \"2025-08-11T08:41:27.000000Z\", \"province_id\": 32, \"regional_id\": 8}, \"before\": {\"id\": 464, \"code\": \"kabupaten-malaka\", \"name\": \"Kabupaten Malaka\", \"branch_id\": 2, \"created_at\": null, \"deleted_at\": null, \"updated_at\": null, \"province_id\": 32, \"regional_id\": 8}}','172.70.143.3','Mozilla/5.0 (Windows NT 10.0; Win64; x64) AppleWebKit/537.36 (KHTML, like Gecko) Chrome/138.0.0.0 Safari/537.36','2025-08-11 15:41:27','2025-08-11 15:41:27'),(147,1,'update_region','App\\Models\\Masters\\Region',467,'Updated region','{\"after\": {\"id\": 467, \"code\": \"kabupaten-manggarai-timur\", \"name\": \"Kabupaten Manggarai Timur\", \"branch_id\": 3, \"created_at\": null, \"deleted_at\": null, \"updated_at\": \"2025-08-11T08:42:06.000000Z\", \"province_id\": 32, \"regional_id\": 8}, \"before\": {\"id\": 467, \"code\": \"kabupaten-manggarai-timur\", \"name\": \"Kabupaten Manggarai Timur\", \"branch_id\": 2, \"created_at\": null, \"deleted_at\": null, \"updated_at\": null, \"province_id\": 32, \"regional_id\": 8}}','172.70.143.3','Mozilla/5.0 (Windows NT 10.0; Win64; x64) AppleWebKit/537.36 (KHTML, like Gecko) Chrome/138.0.0.0 Safari/537.36','2025-08-11 15:42:06','2025-08-11 15:42:06'),(148,1,'update_region','App\\Models\\Masters\\Region',466,'Updated region','{\"after\": {\"id\": 466, \"code\": \"kabupaten-manggarai-barat\", \"name\": \"Kabupaten Manggarai Barat\", \"branch_id\": 3, \"created_at\": null, \"deleted_at\": null, \"updated_at\": \"2025-08-11T08:43:07.000000Z\", \"province_id\": 32, \"regional_id\": 8}, \"before\": {\"id\": 466, \"code\": \"kabupaten-manggarai-barat\", \"name\": \"Kabupaten Manggarai Barat\", \"branch_id\": 2, \"created_at\": null, \"deleted_at\": null, \"updated_at\": null, \"province_id\": 32, \"regional_id\": 8}}','172.68.164.36','Mozilla/5.0 (Windows NT 10.0; Win64; x64) AppleWebKit/537.36 (KHTML, like Gecko) Chrome/138.0.0.0 Safari/537.36','2025-08-11 15:43:07','2025-08-11 15:43:07'),(149,1,'update_region','App\\Models\\Masters\\Region',468,'Updated region','{\"after\": {\"id\": 468, \"code\": \"kabupaten-nagekeo\", \"name\": \"Kabupaten Nagekeo\", \"branch_id\": 3, \"created_at\": null, \"deleted_at\": null, \"updated_at\": \"2025-08-11T08:44:20.000000Z\", \"province_id\": 32, \"regional_id\": 8}, \"before\": {\"id\": 468, \"code\": \"kabupaten-nagekeo\", \"name\": \"Kabupaten Nagekeo\", \"branch_id\": 2, \"created_at\": null, \"deleted_at\": null, \"updated_at\": null, \"province_id\": 32, \"regional_id\": 8}}','104.23.175.191','Mozilla/5.0 (Windows NT 10.0; Win64; x64) AppleWebKit/537.36 (KHTML, like Gecko) Chrome/138.0.0.0 Safari/537.36','2025-08-11 15:44:20','2025-08-11 15:44:20'),(150,1,'update_region','App\\Models\\Masters\\Region',470,'Updated region','{\"after\": {\"id\": 470, \"code\": \"kabupaten-rote-ndao\", \"name\": \"Kabupaten Rote Ndao\", \"branch_id\": 3, \"created_at\": null, \"deleted_at\": null, \"updated_at\": \"2025-08-11T08:45:10.000000Z\", \"province_id\": 32, \"regional_id\": 8}, \"before\": {\"id\": 470, \"code\": \"kabupaten-rote-ndao\", \"name\": \"Kabupaten Rote Ndao\", \"branch_id\": 2, \"created_at\": null, \"deleted_at\": null, \"updated_at\": null, \"province_id\": 32, \"regional_id\": 8}}','108.162.226.165','Mozilla/5.0 (Windows NT 10.0; Win64; x64) AppleWebKit/537.36 (KHTML, like Gecko) Chrome/138.0.0.0 Safari/537.36','2025-08-11 15:45:10','2025-08-11 15:45:10'),(151,1,'update_region','App\\Models\\Masters\\Region',472,'Updated region','{\"after\": {\"id\": 472, \"code\": \"kabupaten-sikka\", \"name\": \"Kabupaten Sikka\", \"branch_id\": 3, \"created_at\": null, \"deleted_at\": null, \"updated_at\": \"2025-08-11T08:45:36.000000Z\", \"province_id\": 32, \"regional_id\": 8}, \"before\": {\"id\": 472, \"code\": \"kabupaten-sikka\", \"name\": \"Kabupaten Sikka\", \"branch_id\": 2, \"created_at\": null, \"deleted_at\": null, \"updated_at\": null, \"province_id\": 32, \"regional_id\": 8}}','108.162.226.165','Mozilla/5.0 (Windows NT 10.0; Win64; x64) AppleWebKit/537.36 (KHTML, like Gecko) Chrome/138.0.0.0 Safari/537.36','2025-08-11 15:45:36','2025-08-11 15:45:36'),(152,1,'update_region','App\\Models\\Masters\\Region',474,'Updated region','{\"after\": {\"id\": 474, \"code\": \"kabupaten-sumba-barat-daya\", \"name\": \"Kabupaten Sumba Barat Daya\", \"branch_id\": 3, \"created_at\": null, \"deleted_at\": null, \"updated_at\": \"2025-08-11T08:46:11.000000Z\", \"province_id\": 32, \"regional_id\": 8}, \"before\": {\"id\": 474, \"code\": \"kabupaten-sumba-barat-daya\", \"name\": \"Kabupaten Sumba Barat Daya\", \"branch_id\": 2, \"created_at\": null, \"deleted_at\": null, \"updated_at\": null, \"province_id\": 32, \"regional_id\": 8}}','108.162.226.164','Mozilla/5.0 (Windows NT 10.0; Win64; x64) AppleWebKit/537.36 (KHTML, like Gecko) Chrome/138.0.0.0 Safari/537.36','2025-08-11 15:46:11','2025-08-11 15:46:11'),(153,1,'update_region','App\\Models\\Masters\\Region',476,'Updated region','{\"after\": {\"id\": 476, \"code\": \"kabupaten-sumba-timur\", \"name\": \"Kabupaten Sumba Timur\", \"branch_id\": 3, \"created_at\": null, \"deleted_at\": null, \"updated_at\": \"2025-08-11T08:46:49.000000Z\", \"province_id\": 32, \"regional_id\": 8}, \"before\": {\"id\": 476, \"code\": \"kabupaten-sumba-timur\", \"name\": \"Kabupaten Sumba Timur\", \"branch_id\": 2, \"created_at\": null, \"deleted_at\": null, \"updated_at\": null, \"province_id\": 32, \"regional_id\": 8}}','108.162.226.164','Mozilla/5.0 (Windows NT 10.0; Win64; x64) AppleWebKit/537.36 (KHTML, like Gecko) Chrome/138.0.0.0 Safari/537.36','2025-08-11 15:46:49','2025-08-11 15:46:49'),(154,1,'update_region','App\\Models\\Masters\\Region',478,'Updated region','{\"after\": {\"id\": 478, \"code\": \"kabupaten-timor-tengah-utara\", \"name\": \"Kabupaten Timor Tengah Utara\", \"branch_id\": 3, \"created_at\": null, \"deleted_at\": null, \"updated_at\": \"2025-08-11T08:47:18.000000Z\", \"province_id\": 32, \"regional_id\": 8}, \"before\": {\"id\": 478, \"code\": \"kabupaten-timor-tengah-utara\", \"name\": \"Kabupaten Timor Tengah Utara\", \"branch_id\": 2, \"created_at\": null, \"deleted_at\": null, \"updated_at\": null, \"province_id\": 32, \"regional_id\": 8}}','108.162.226.164','Mozilla/5.0 (Windows NT 10.0; Win64; x64) AppleWebKit/537.36 (KHTML, like Gecko) Chrome/138.0.0.0 Safari/537.36','2025-08-11 15:47:18','2025-08-11 15:47:18'),(155,25,'update_lead','App\\Models\\Leads\\Lead',214,'Updated lead','{\"after\": {\"id\": 214, \"name\": \"Mr Muhammad Ariawan\", \"email\": \"muhammadariawan@gmail.com\", \"needs\": \"Block Ice ( Mesin Es Balok )\", \"phone\": \"+62 812-4355-1050\", \"tonase\": \"1.00\", \"company\": \"Personal\", \"province\": \"Maluku Utara\", \"branch_id\": 2, \"region_id\": 399, \"source_id\": 1, \"status_id\": 3, \"created_at\": \"2025-07-14T08:30:46.000000Z\", \"jabatan_id\": 5, \"product_id\": 49, \"segment_id\": 3, \"updated_at\": \"2025-08-06T04:36:47.000000Z\", \"industry_id\": null, \"published_at\": \"2025-07-14 15:30:46\", \"customer_type\": \"Personal\", \"first_sales_id\": 28, \"other_industry\": \"Komersial\"}, \"before\": {\"id\": 214, \"name\": \"Mr Muhammad Ariawan\", \"email\": \"muhammadariawan@gmail.com\", \"needs\": \"Block Ice ( Mesin Es Balok )\", \"phone\": \"+62 812-4355-1050\", \"tonase\": \"1.00\", \"company\": \"Personal\", \"province\": \"Maluku Utara\", \"branch_id\": 2, \"region_id\": 399, \"source_id\": 1, \"status_id\": 3, \"created_at\": \"2025-07-14T08:30:46.000000Z\", \"jabatan_id\": 5, \"product_id\": 49, \"segment_id\": 3, \"updated_at\": \"2025-08-06T04:36:47.000000Z\", \"industry_id\": null, \"published_at\": \"2025-07-14 15:30:46\", \"customer_type\": \"Personal\", \"first_sales_id\": 28, \"other_industry\": \"Komersial\"}}','162.158.163.228','Mozilla/5.0 (Macintosh; Intel Mac OS X 10_15_7) AppleWebKit/537.36 (KHTML, like Gecko) Chrome/139.0.0.0 Safari/537.36','2025-08-12 14:05:12','2025-08-12 14:05:12');
/*!40000 ALTER TABLE `user_activity_logs` ENABLE KEYS */;
UNLOCK TABLES;

--
-- Table structure for table `user_balance_logs`
--

DROP TABLE IF EXISTS `user_balance_logs`;
/*!40101 SET @saved_cs_client     = @@character_set_client */;
/*!50503 SET character_set_client = utf8mb4 */;
CREATE TABLE `user_balance_logs` (
  `id` bigint unsigned NOT NULL AUTO_INCREMENT,
  `user_id` bigint unsigned NOT NULL,
  `amount` double NOT NULL,
  `quotation_id` bigint unsigned NOT NULL,
  `description` varchar(255) COLLATE utf8mb4_unicode_ci DEFAULT NULL,
  `status` enum('pending','received','expired') COLLATE utf8mb4_unicode_ci NOT NULL,
  `created_at` timestamp NULL DEFAULT NULL,
  PRIMARY KEY (`id`),
  KEY `user_balance_logs_user_id_foreign` (`user_id`),
  KEY `user_balance_logs_quotation_id_foreign` (`quotation_id`),
  CONSTRAINT `user_balance_logs_quotation_id_foreign` FOREIGN KEY (`quotation_id`) REFERENCES `quotations` (`id`) ON DELETE RESTRICT ON UPDATE RESTRICT,
  CONSTRAINT `user_balance_logs_user_id_foreign` FOREIGN KEY (`user_id`) REFERENCES `users` (`id`) ON DELETE RESTRICT ON UPDATE RESTRICT
) ENGINE=InnoDB AUTO_INCREMENT=6 DEFAULT CHARSET=utf8mb4 COLLATE=utf8mb4_unicode_ci;
/*!40101 SET character_set_client = @saved_cs_client */;

--
-- Dumping data for table `user_balance_logs`
--

LOCK TABLES `user_balance_logs` WRITE;
/*!40000 ALTER TABLE `user_balance_logs` DISABLE KEYS */;
INSERT INTO `user_balance_logs` VALUES (1,36,100000,9,'Incentive for quotation QT_DEAL_006','received','2025-07-22 10:56:38'),(2,36,100000,10,'Incentive for quotation QT_DEAL_007','received','2025-07-25 21:38:10'),(3,21,100000,13,'Incentive for quotation QT_DEAL_010','pending','2025-07-29 13:32:38'),(4,21,100000,15,'Incentive for quotation QT_DEAL_012','received','2025-07-30 11:28:51'),(5,36,100000,17,'Incentive for quotation QT_DEAL_014','pending','2025-08-05 11:08:35');
/*!40000 ALTER TABLE `user_balance_logs` ENABLE KEYS */;
UNLOCK TABLES;

--
-- Table structure for table `user_balances`
--

DROP TABLE IF EXISTS `user_balances`;
/*!40101 SET @saved_cs_client     = @@character_set_client */;
/*!50503 SET character_set_client = utf8mb4 */;
CREATE TABLE `user_balances` (
  `id` bigint unsigned NOT NULL AUTO_INCREMENT,
  `user_id` bigint unsigned NOT NULL,
  `total_balance` double NOT NULL DEFAULT '0',
  `updated_at` timestamp NULL DEFAULT NULL,
  PRIMARY KEY (`id`),
  KEY `user_balances_user_id_foreign` (`user_id`),
  CONSTRAINT `user_balances_user_id_foreign` FOREIGN KEY (`user_id`) REFERENCES `users` (`id`) ON DELETE RESTRICT ON UPDATE RESTRICT
) ENGINE=InnoDB AUTO_INCREMENT=10 DEFAULT CHARSET=utf8mb4 COLLATE=utf8mb4_unicode_ci;
/*!40101 SET character_set_client = @saved_cs_client */;

--
-- Dumping data for table `user_balances`
--

LOCK TABLES `user_balances` WRITE;
/*!40000 ALTER TABLE `user_balances` DISABLE KEYS */;
INSERT INTO `user_balances` VALUES (1,1,0,NULL),(2,24,0,NULL),(3,23,0,NULL),(4,28,0,NULL),(5,27,0,NULL),(6,36,200000,NULL),(7,35,0,NULL),(8,21,100000,NULL),(9,22,0,NULL);
/*!40000 ALTER TABLE `user_balances` ENABLE KEYS */;
UNLOCK TABLES;

--
-- Table structure for table `user_permissions`
--

DROP TABLE IF EXISTS `user_permissions`;
/*!40101 SET @saved_cs_client     = @@character_set_client */;
/*!50503 SET character_set_client = utf8mb4 */;
CREATE TABLE `user_permissions` (
  `id` bigint unsigned NOT NULL AUTO_INCREMENT,
  `name` varchar(100) COLLATE utf8mb4_unicode_ci DEFAULT NULL,
  `code` varchar(100) COLLATE utf8mb4_unicode_ci DEFAULT NULL,
  `description` varchar(255) COLLATE utf8mb4_unicode_ci DEFAULT NULL,
  `created_at` timestamp NULL DEFAULT NULL,
  `updated_at` timestamp NULL DEFAULT NULL,
  `deleted_at` timestamp NULL DEFAULT NULL,
  PRIMARY KEY (`id`)
) ENGINE=InnoDB AUTO_INCREMENT=24 DEFAULT CHARSET=utf8mb4 COLLATE=utf8mb4_unicode_ci;
/*!40101 SET character_set_client = @saved_cs_client */;

--
-- Dumping data for table `user_permissions`
--

LOCK TABLES `user_permissions` WRITE;
/*!40000 ALTER TABLE `user_permissions` DISABLE KEYS */;
INSERT INTO `user_permissions` VALUES (1,'Dashboard','dashboard','Access dashboard',NULL,NULL,NULL),(2,'Banks','masters.banks','Manage banks',NULL,NULL,NULL),(3,'Accounts','masters.accounts','Manage accounts',NULL,NULL,NULL),(4,'Product Categories','masters.product-categories','Manage product categories',NULL,NULL,NULL),(5,'Products','masters.products','Manage products',NULL,NULL,NULL),(6,'Parts','masters.parts','Manage parts',NULL,NULL,NULL),(7,'Companies','masters.companies','Manage companies',NULL,NULL,NULL),(8,'Regions','masters.regions','Manage regions',NULL,NULL,NULL),(9,'Branches','masters.branches','Manage branches',NULL,NULL,NULL),(10,'Expense Types','masters.expense-types','Manage expense types',NULL,NULL,NULL),(11,'Manage Leads','leads.manage','Manage leads',NULL,NULL,NULL),(12,'Available Leads','leads.available','View available leads',NULL,NULL,NULL),(13,'My Leads','leads.my','View my leads',NULL,NULL,NULL),(14,'Trash Leads','leads.trash','View trash leads',NULL,NULL,NULL),(15,'Orders','orders','Manage orders',NULL,NULL,NULL),(16,'Incentive Dashboard','incentives.view','View incentive balance and logs',NULL,NULL,NULL),(17,'Finance Requests','finance.requests','Handle finance approvals',NULL,NULL,NULL),(18,'Manage Users','users.manage','Manage users',NULL,NULL,NULL),(19,'Roles','users.roles','Manage roles',NULL,NULL,NULL),(20,'Permissions Settings','settings.permissions-settings','Manage permissions settings',NULL,NULL,NULL),(21,'Settings','settings.general-settings','Manage general settings',NULL,NULL,NULL),(22,'Provinces','masters.provinces','Manage provinces',NULL,NULL,NULL),(23,'Customer Types','masters.customer-types','Manage customer types',NULL,NULL,NULL);
/*!40000 ALTER TABLE `user_permissions` ENABLE KEYS */;
UNLOCK TABLES;

--
-- Table structure for table `user_role_permissions`
--

DROP TABLE IF EXISTS `user_role_permissions`;
/*!40101 SET @saved_cs_client     = @@character_set_client */;
/*!50503 SET character_set_client = utf8mb4 */;
CREATE TABLE `user_role_permissions` (
  `id` bigint unsigned NOT NULL AUTO_INCREMENT,
  `role_id` bigint unsigned NOT NULL,
  `permission_id` bigint unsigned NOT NULL,
  `created_at` timestamp NULL DEFAULT NULL,
  `updated_at` timestamp NULL DEFAULT NULL,
  `deleted_at` timestamp NULL DEFAULT NULL,
  PRIMARY KEY (`id`),
  KEY `user_role_permissions_role_id_foreign` (`role_id`),
  KEY `user_role_permissions_permission_id_foreign` (`permission_id`),
  CONSTRAINT `user_role_permissions_permission_id_foreign` FOREIGN KEY (`permission_id`) REFERENCES `user_permissions` (`id`) ON DELETE RESTRICT ON UPDATE RESTRICT,
  CONSTRAINT `user_role_permissions_role_id_foreign` FOREIGN KEY (`role_id`) REFERENCES `user_roles` (`id`) ON DELETE RESTRICT ON UPDATE RESTRICT
) ENGINE=InnoDB AUTO_INCREMENT=134 DEFAULT CHARSET=utf8mb4 COLLATE=utf8mb4_unicode_ci;
/*!40101 SET character_set_client = @saved_cs_client */;

--
-- Dumping data for table `user_role_permissions`
--

LOCK TABLES `user_role_permissions` WRITE;
/*!40000 ALTER TABLE `user_role_permissions` DISABLE KEYS */;
INSERT INTO `user_role_permissions` VALUES (1,1,1,NULL,NULL,NULL),(2,1,2,NULL,NULL,NULL),(3,1,3,NULL,NULL,NULL),(4,1,4,NULL,NULL,NULL),(5,1,5,NULL,NULL,NULL),(6,1,6,NULL,NULL,NULL),(7,1,7,NULL,NULL,NULL),(8,1,8,NULL,NULL,NULL),(9,1,9,NULL,NULL,NULL),(10,1,10,NULL,NULL,NULL),(11,1,11,NULL,NULL,NULL),(12,1,12,NULL,NULL,NULL),(13,1,14,NULL,NULL,NULL),(14,1,15,NULL,NULL,NULL),(15,1,16,NULL,NULL,NULL),(16,1,17,NULL,NULL,NULL),(17,1,18,NULL,NULL,NULL),(18,1,19,NULL,NULL,NULL),(19,1,20,NULL,NULL,NULL),(20,1,21,NULL,NULL,NULL),(21,3,1,NULL,NULL,NULL),(22,3,11,NULL,NULL,NULL),(23,3,12,NULL,NULL,NULL),(24,3,14,NULL,NULL,NULL),(25,3,15,NULL,NULL,NULL),(26,3,17,NULL,NULL,NULL),(27,3,18,NULL,NULL,NULL),(28,3,19,NULL,NULL,NULL),(29,3,20,NULL,NULL,NULL),(30,3,21,NULL,NULL,NULL),(31,6,1,NULL,NULL,NULL),(32,6,11,NULL,NULL,NULL),(33,6,12,NULL,NULL,NULL),(34,6,14,NULL,NULL,NULL),(35,6,15,NULL,NULL,NULL),(36,6,17,NULL,NULL,NULL),(37,6,18,NULL,NULL,NULL),(38,6,19,NULL,NULL,NULL),(39,6,20,NULL,NULL,NULL),(40,6,21,NULL,NULL,NULL),(41,8,1,NULL,NULL,NULL),(42,8,11,NULL,NULL,NULL),(43,8,12,NULL,NULL,NULL),(44,8,14,NULL,NULL,NULL),(45,8,15,NULL,NULL,NULL),(46,8,17,NULL,NULL,NULL),(47,8,18,NULL,NULL,NULL),(48,8,19,NULL,NULL,NULL),(49,8,20,NULL,NULL,NULL),(50,8,21,NULL,NULL,NULL),(51,4,1,NULL,'2025-07-18 14:53:45','2025-07-18 14:53:45'),(52,4,11,NULL,'2025-07-18 14:53:45','2025-07-18 14:53:45'),(53,4,15,NULL,'2025-07-18 14:53:45','2025-07-18 14:53:45'),(54,4,18,NULL,'2025-07-18 14:53:45','2025-07-18 14:53:45'),(55,5,1,NULL,'2025-07-30 10:53:11','2025-07-30 10:53:11'),(56,5,11,NULL,'2025-07-30 10:53:11','2025-07-30 10:53:11'),(57,5,15,NULL,'2025-07-30 10:53:11','2025-07-30 10:53:11'),(58,5,17,NULL,'2025-07-30 10:53:11','2025-07-30 10:53:11'),(59,7,1,NULL,NULL,NULL),(60,7,11,NULL,NULL,NULL),(61,7,15,NULL,NULL,NULL),(62,9,1,NULL,NULL,NULL),(63,9,15,NULL,NULL,NULL),(64,2,1,NULL,'2025-07-18 15:28:08','2025-07-18 15:28:08'),(65,2,12,NULL,'2025-07-18 15:28:08','2025-07-18 15:28:08'),(66,2,13,NULL,'2025-07-18 15:28:08','2025-07-18 15:28:08'),(67,2,14,NULL,'2025-07-18 15:28:08','2025-07-18 15:28:08'),(68,2,15,NULL,'2025-07-18 15:28:08','2025-07-18 15:28:08'),(69,2,16,NULL,'2025-07-18 15:28:08','2025-07-18 15:28:08'),(70,4,1,'2025-07-18 14:53:45','2025-07-21 09:30:48','2025-07-21 09:30:48'),(71,4,11,'2025-07-18 14:53:45','2025-07-21 09:30:48','2025-07-21 09:30:48'),(72,4,18,'2025-07-18 14:53:45','2025-07-21 09:30:48','2025-07-21 09:30:48'),(73,4,13,'2025-07-18 14:53:45','2025-07-21 09:30:48','2025-07-21 09:30:48'),(74,4,15,'2025-07-18 14:53:45','2025-07-21 09:30:48','2025-07-21 09:30:48'),(75,4,14,'2025-07-18 14:53:45','2025-07-21 09:30:48','2025-07-21 09:30:48'),(76,2,12,'2025-07-18 15:28:08','2025-07-22 11:06:44','2025-07-22 11:06:44'),(77,2,1,'2025-07-18 15:28:08','2025-07-22 11:06:44','2025-07-22 11:06:44'),(78,2,16,'2025-07-18 15:28:08','2025-07-22 11:06:44','2025-07-22 11:06:44'),(79,2,13,'2025-07-18 15:28:08','2025-07-22 11:06:44','2025-07-22 11:06:44'),(80,2,15,'2025-07-18 15:28:08','2025-07-22 11:06:44','2025-07-22 11:06:44'),(81,2,14,'2025-07-18 15:28:08','2025-07-22 11:06:44','2025-07-22 11:06:44'),(82,4,1,'2025-07-21 09:30:48','2025-07-21 09:32:13','2025-07-21 09:32:13'),(83,4,11,'2025-07-21 09:30:48','2025-07-21 09:32:13','2025-07-21 09:32:13'),(84,4,18,'2025-07-21 09:30:48','2025-07-21 09:32:13','2025-07-21 09:32:13'),(85,4,15,'2025-07-21 09:30:49','2025-07-21 09:32:13','2025-07-21 09:32:13'),(86,4,14,'2025-07-21 09:30:49','2025-07-21 09:32:13','2025-07-21 09:32:13'),(87,4,12,'2025-07-21 09:32:13','2025-07-28 10:35:52','2025-07-28 10:35:52'),(88,4,1,'2025-07-21 09:32:13','2025-07-28 10:35:52','2025-07-28 10:35:52'),(89,4,11,'2025-07-21 09:32:13','2025-07-28 10:35:52','2025-07-28 10:35:52'),(90,4,18,'2025-07-21 09:32:13','2025-07-28 10:35:52','2025-07-28 10:35:52'),(91,4,15,'2025-07-21 09:32:13','2025-07-28 10:35:52','2025-07-28 10:35:52'),(92,4,14,'2025-07-21 09:32:13','2025-07-28 10:35:52','2025-07-28 10:35:52'),(93,2,12,'2025-07-22 11:06:44','2025-07-22 11:06:44',NULL),(94,2,1,'2025-07-22 11:06:44','2025-07-22 11:06:44',NULL),(95,2,16,'2025-07-22 11:06:44','2025-07-22 11:06:44',NULL),(96,2,13,'2025-07-22 11:06:44','2025-07-22 11:06:44',NULL),(97,2,15,'2025-07-22 11:06:44','2025-07-22 11:06:44',NULL),(98,2,14,'2025-07-22 11:06:44','2025-07-22 11:06:44',NULL),(99,10,2,'2025-07-22 11:41:34','2025-07-30 10:53:35','2025-07-30 10:53:35'),(100,10,9,'2025-07-22 11:41:34','2025-07-30 10:53:35','2025-07-30 10:53:35'),(101,10,7,'2025-07-22 11:41:34','2025-07-30 10:53:35','2025-07-30 10:53:35'),(102,10,1,'2025-07-22 11:41:34','2025-07-30 10:53:35','2025-07-30 10:53:35'),(103,10,10,'2025-07-22 11:41:34','2025-07-30 10:53:35','2025-07-30 10:53:35'),(104,10,17,'2025-07-22 11:41:34','2025-07-30 10:53:35','2025-07-30 10:53:35'),(105,10,16,'2025-07-22 11:41:34','2025-07-30 10:53:35','2025-07-30 10:53:35'),(106,10,15,'2025-07-22 11:41:34','2025-07-30 10:53:35','2025-07-30 10:53:35'),(107,10,6,'2025-07-22 11:41:34','2025-07-30 10:53:35','2025-07-30 10:53:35'),(108,10,5,'2025-07-22 11:41:34','2025-07-30 10:53:35','2025-07-30 10:53:35'),(109,1,22,NULL,NULL,NULL),(110,1,23,NULL,NULL,NULL),(111,4,12,'2025-07-28 10:35:52','2025-07-28 10:35:52',NULL),(112,4,1,'2025-07-28 10:35:52','2025-07-28 10:35:52',NULL),(113,4,11,'2025-07-28 10:35:52','2025-07-28 10:35:52',NULL),(114,4,18,'2025-07-28 10:35:52','2025-07-28 10:35:52',NULL),(115,4,13,'2025-07-28 10:35:52','2025-07-28 10:35:52',NULL),(116,4,15,'2025-07-28 10:35:52','2025-07-28 10:35:52',NULL),(117,4,14,'2025-07-28 10:35:52','2025-07-28 10:35:52',NULL),(118,5,1,'2025-07-30 10:53:11','2025-07-30 10:53:11',NULL),(119,5,17,'2025-07-30 10:53:11','2025-07-30 10:53:11',NULL),(120,5,11,'2025-07-30 10:53:11','2025-07-30 10:53:11',NULL),(121,5,13,'2025-07-30 10:53:11','2025-07-30 10:53:11',NULL),(122,5,15,'2025-07-30 10:53:11','2025-07-30 10:53:11',NULL),(123,10,2,'2025-07-30 10:53:35','2025-07-30 10:53:35',NULL),(124,10,9,'2025-07-30 10:53:35','2025-07-30 10:53:35',NULL),(125,10,7,'2025-07-30 10:53:35','2025-07-30 10:53:35',NULL),(126,10,1,'2025-07-30 10:53:35','2025-07-30 10:53:35',NULL),(127,10,10,'2025-07-30 10:53:35','2025-07-30 10:53:35',NULL),(128,10,17,'2025-07-30 10:53:35','2025-07-30 10:53:35',NULL),(129,10,16,'2025-07-30 10:53:35','2025-07-30 10:53:35',NULL),(130,10,13,'2025-07-30 10:53:35','2025-07-30 10:53:35',NULL),(131,10,15,'2025-07-30 10:53:35','2025-07-30 10:53:35',NULL),(132,10,6,'2025-07-30 10:53:35','2025-07-30 10:53:35',NULL),(133,10,5,'2025-07-30 10:53:35','2025-07-30 10:53:35',NULL);
/*!40000 ALTER TABLE `user_role_permissions` ENABLE KEYS */;
UNLOCK TABLES;

--
-- Table structure for table `user_roles`
--

DROP TABLE IF EXISTS `user_roles`;
/*!40101 SET @saved_cs_client     = @@character_set_client */;
/*!50503 SET character_set_client = utf8mb4 */;
CREATE TABLE `user_roles` (
  `id` bigint unsigned NOT NULL AUTO_INCREMENT,
  `name` varchar(100) COLLATE utf8mb4_unicode_ci DEFAULT NULL,
  `code` varchar(100) COLLATE utf8mb4_unicode_ci DEFAULT NULL,
  `created_at` timestamp NULL DEFAULT NULL,
  `updated_at` timestamp NULL DEFAULT NULL,
  `deleted_at` timestamp NULL DEFAULT NULL,
  PRIMARY KEY (`id`)
) ENGINE=InnoDB AUTO_INCREMENT=11 DEFAULT CHARSET=utf8mb4 COLLATE=utf8mb4_unicode_ci;
/*!40101 SET character_set_client = @saved_cs_client */;

--
-- Dumping data for table `user_roles`
--

LOCK TABLES `user_roles` WRITE;
/*!40000 ALTER TABLE `user_roles` DISABLE KEYS */;
INSERT INTO `user_roles` VALUES (1,'Super Admin','super_admin','2025-07-12 23:01:23','2025-07-12 23:01:23',NULL),(2,'Sales','sales','2025-07-12 23:01:23','2025-07-12 23:01:23',NULL),(3,'Sales Director','sales_director','2025-07-12 23:01:23','2025-07-12 23:01:23',NULL),(4,'Branch Manager','branch_manager','2025-07-12 23:01:23','2025-07-12 23:01:23',NULL),(5,'Finance','finance','2025-07-12 23:01:23','2025-07-12 23:01:23',NULL),(6,'Finance Director','finance_director','2025-07-12 23:01:23','2025-07-12 23:01:23',NULL),(7,'Accountant','accountant','2025-07-12 23:01:23','2025-07-12 23:01:23',NULL),(8,'Accountant Director','accountant_director','2025-07-12 23:01:23','2025-07-12 23:01:23',NULL),(9,'Purchasing','purchasing','2025-07-12 23:01:23','2025-07-12 23:01:23',NULL),(10,'FINPUR',NULL,'2025-07-22 11:40:52','2025-07-22 11:40:52',NULL);
/*!40000 ALTER TABLE `user_roles` ENABLE KEYS */;
UNLOCK TABLES;

--
-- Table structure for table `users`
--

DROP TABLE IF EXISTS `users`;
/*!40101 SET @saved_cs_client     = @@character_set_client */;
/*!50503 SET character_set_client = utf8mb4 */;
CREATE TABLE `users` (
  `id` bigint unsigned NOT NULL AUTO_INCREMENT,
  `role_id` bigint unsigned NOT NULL,
  `company_id` bigint unsigned DEFAULT NULL,
  `branch_id` bigint unsigned DEFAULT NULL,
  `name` varchar(100) COLLATE utf8mb4_unicode_ci DEFAULT NULL,
  `email` varchar(100) COLLATE utf8mb4_unicode_ci DEFAULT NULL,
  `nip` varchar(50) COLLATE utf8mb4_unicode_ci DEFAULT NULL,
  `phone` varchar(20) COLLATE utf8mb4_unicode_ci DEFAULT NULL,
  `password` varchar(255) COLLATE utf8mb4_unicode_ci DEFAULT NULL,
  `remember_token` varchar(100) COLLATE utf8mb4_unicode_ci DEFAULT NULL,
  `created_by` bigint unsigned DEFAULT NULL,
  `updated_by` bigint unsigned DEFAULT NULL,
  `created_at` timestamp NULL DEFAULT NULL,
  `updated_at` timestamp NULL DEFAULT NULL,
  `deleted_at` timestamp NULL DEFAULT NULL,
  PRIMARY KEY (`id`),
  UNIQUE KEY `users_nip_unique` (`nip`),
  KEY `users_role_id_foreign` (`role_id`),
  KEY `users_company_id_foreign` (`company_id`),
  KEY `users_branch_id_foreign` (`branch_id`),
  KEY `users_created_by_foreign` (`created_by`),
  KEY `users_updated_by_foreign` (`updated_by`),
  CONSTRAINT `users_branch_id_foreign` FOREIGN KEY (`branch_id`) REFERENCES `ref_branches` (`id`) ON DELETE RESTRICT ON UPDATE RESTRICT,
  CONSTRAINT `users_company_id_foreign` FOREIGN KEY (`company_id`) REFERENCES `ref_companies` (`id`) ON DELETE RESTRICT ON UPDATE RESTRICT,
  CONSTRAINT `users_created_by_foreign` FOREIGN KEY (`created_by`) REFERENCES `users` (`id`) ON DELETE SET NULL,
  CONSTRAINT `users_role_id_foreign` FOREIGN KEY (`role_id`) REFERENCES `user_roles` (`id`) ON DELETE RESTRICT ON UPDATE RESTRICT,
  CONSTRAINT `users_updated_by_foreign` FOREIGN KEY (`updated_by`) REFERENCES `users` (`id`) ON DELETE SET NULL
) ENGINE=InnoDB AUTO_INCREMENT=38 DEFAULT CHARSET=utf8mb4 COLLATE=utf8mb4_unicode_ci;
/*!40101 SET character_set_client = @saved_cs_client */;

--
-- Dumping data for table `users`
--

LOCK TABLES `users` WRITE;
/*!40000 ALTER TABLE `users` DISABLE KEYS */;
INSERT INTO `users` VALUES (1,1,1,1,'Super Admin','superadmin@localhost.com','NIP001',NULL,'$2y$12$TmuGp.IUZj7Ebig0pVuR/.YkuAzsaMQKEK6lixDnfx5T49DXLYtge',NULL,NULL,1,NULL,'2025-08-04 13:08:40',NULL),(2,3,NULL,NULL,'Sales Director','salesdirector@localhost.com','NIP002',NULL,'$2y$12$oTf/2gXJ8g/m8C/lks.UleJsKXDjtFvPsCQ.W4mCimrjwcrG0RYke',NULL,NULL,NULL,NULL,NULL,NULL),(3,6,NULL,NULL,'Finance Director','financedirector@localhost.com','NIP003',NULL,'$2y$12$FAZ54lM3Qs4rm9gXS7JoteQswJgZaD5vBPbSaxchArN9eVnL6IF7.',NULL,NULL,NULL,NULL,NULL,NULL),(4,8,NULL,NULL,'Accountant Director','accountantdirector@localhost.com','NIP004',NULL,'$2y$12$jZiw9xNgdVldEFRzwGS1M.qmVfStQ7f1P8EKIdAeP7q9FwEofHVfK',NULL,NULL,NULL,NULL,NULL,NULL),(5,2,1,1,'Sales User JKT','jkt_sales@localhost.com','NIP005',NULL,'$2y$12$zMXUv7Ldypk9eI9UABex6.b5Bauu2xi977fpxekkWqa4282/luBmq',NULL,NULL,NULL,NULL,NULL,NULL),(6,4,NULL,1,'Branch Manager JKT','jkt_manager@localhost.com','NIP006',NULL,'$2y$12$LiyzwsN7K394uktcL2LN5u/POZYPUNvNicIlh3o8/Ghz6rHnfmWPC',NULL,NULL,NULL,NULL,NULL,NULL),(7,5,NULL,1,'Finance JKT','jkt_finance@localhost.com','NIP007',NULL,'$2y$12$osoF3agnp1zeu6GTdcq7E.OGxN2eVgiYGqYPt8xpxf284DuybIa2.',NULL,NULL,NULL,NULL,NULL,NULL),(8,7,NULL,1,'Accountant JKT','jkt_accountant@localhost.com','NIP008',NULL,'$2y$12$NkM3KlMr4ZtHzasIloK43OfhMH4A0PwbHIPhJsRcTDxRNEzKX5WZC',NULL,NULL,NULL,NULL,NULL,NULL),(9,9,NULL,1,'Purchasing JKT','jkt_purchasing@localhost.com','NIP009',NULL,'$2y$12$UlDHpml2AVQ13ZEqVynaoegFg5GviKiwj2qRrYzezGc.Pc1/6bgIi',NULL,NULL,NULL,NULL,NULL,NULL),(10,2,1,2,'Sales User MKS','mks_sales@localhost.com','NIP010',NULL,'$2y$12$xVM/ucvsnS1ghAatN55BMOh6adZH4Ouv7zurl0T68OOwZ87LbYHvK',NULL,NULL,NULL,NULL,NULL,NULL),(11,4,NULL,2,'Branch Manager MKS','mks_manager@localhost.com','NIP011',NULL,'$2y$12$vftu9vRsmaM2FI6Uxf5xGOQD/86XIryb4AeMwpFb8.59Ahi33Tf1C',NULL,NULL,NULL,NULL,NULL,NULL),(12,5,NULL,2,'Finance MKS','mks_finance@localhost.com','NIP012',NULL,'$2y$12$TJ62nttXgDyOsgX7iAU6y.C0IIEuhEgoq3SoXfgDnNe3jZpRDdyAW',NULL,NULL,NULL,NULL,NULL,NULL),(13,7,NULL,2,'Accountant MKS','mks_accountant@localhost.com','NIP013',NULL,'$2y$12$RmKka5Uc58AYCoBWKkJCGOZO.g0BF69nFWz/Jz.Ht6RWdOsb1Q.RW',NULL,NULL,NULL,NULL,NULL,NULL),(14,9,NULL,2,'Purchasing MKS','mks_purchasing@localhost.com','NIP014',NULL,'$2y$12$EpuSgT/gFDF/hVZm9q4uKef9Bu05TBGe8/MCwp.rP9GSz/WL1asZi',NULL,NULL,NULL,NULL,NULL,NULL),(15,2,1,3,'Sales User SBY','sby_sales@localhost.com','NIP015',NULL,'$2y$12$KGMS8kqp1oe3dWGXqcHdrOlUlGEl3iYG1MAnpotCr5QpqI1GlANkG',NULL,NULL,NULL,NULL,NULL,NULL),(16,4,NULL,3,'Branch Manager SBY','sby_manager@localhost.com','NIP016',NULL,'$2y$12$RRRjcorFkTK3HDow4jcAWObsquT/lOk.j328SAY3SOiUl1VSw.Utm',NULL,NULL,NULL,NULL,NULL,NULL),(17,5,NULL,3,'Finance SBY','sby_finance@localhost.com','NIP017',NULL,'$2y$12$o31ZDa1aoKFgT.FbDDgZkuN7sxapi0dbrbmVkpuJLq9xLNpwke0im',NULL,NULL,NULL,NULL,NULL,NULL),(18,7,NULL,3,'Accountant SBY','sby_accountant@localhost.com','NIP018',NULL,'$2y$12$2iYt7Zt/URifcVPEUqAYUenuu2mypV.v5n.rEuCJMRQTHDK2ol/Rq',NULL,NULL,NULL,NULL,NULL,NULL),(19,9,1,3,'Purchasing SBY','purchasing@daxtro.com','NIP019','089898','$2y$12$6W/mNlJUmnjKqVYLWcjHEug3zP/s9Sa9FKNaa37CTOTD2zbS.zmvO',NULL,NULL,1,NULL,'2025-07-25 21:49:03',NULL),(20,2,2,1,'Dias','sales.jkt1@daxtro.com','000000001','081111','$2y$12$R7ntbXjHox15pWJwBS.WKOlwyJadnpDQmzYAUXoAuuYNh5F3gE3E6',NULL,1,1,'2025-07-10 10:08:00','2025-07-10 15:09:20',NULL),(21,2,2,1,'Huda','sales.jkt2@daxtro.com','1234','082222','$2y$12$fAiqOVff91lBwDcB9/Cdh.d7nMfyBfpZZZmlEhhgvpbSG20Hwo9WO',NULL,1,1,'2025-07-10 10:10:06','2025-07-10 10:10:06',NULL),(22,2,2,1,'Aji','sales.jkt3@daxtro.com','000002222','0899999','$2y$12$k007JAR5S3mb.04q29Sv1esZrFQzAD3KSfAgVT8ZDtlcPpCC8.p4O',NULL,1,1,'2025-07-10 13:13:21','2025-07-11 16:14:51',NULL),(23,2,2,1,'Serly','sales.jkt4@daxtro.com','01213','092805241','$2y$12$VzmwXaxfSsKX8BY2t1Vh8eMOO/YCLlqdrjGLJxH/t3snuTOiYCk2K',NULL,1,1,'2025-07-10 13:14:10','2025-07-10 13:14:10',NULL),(24,2,2,1,'Num','sales.jkt5@daxtro.com','56174328 t','0928052412','$2y$12$O/a2z5bi01wEGg6QjcCt6uFbtJ.oThX9h66bKEoMzfV/ypS11qL5a',NULL,1,1,'2025-07-10 13:16:30','2025-07-10 13:16:30',NULL),(25,3,2,1,'Adhi Wahyono','adhi.wahyono@daxtro.com','2351760','0928052412','$2y$12$YV1K97qfPkvjmXMfo4oJTubqyOIhcja3kuAUisGkTknez3xkUUJ0K',NULL,1,1,'2025-07-10 13:17:29','2025-07-10 13:17:29',NULL),(26,4,2,1,'Linggar','bm.jakarta@daxtro.com','1982457','09280524122','$2y$12$e3Ni5mORCHAm6SVHbIq.FuqLQgFmOBliV8TeyaY6aN3MQg4u6hzZa',NULL,1,1,'2025-07-10 13:19:37','2025-07-11 14:25:55',NULL),(27,4,2,2,'Kharisma','bm.makassar@daxtro.com','4672537812','0928052412','$2y$12$unDlW/4d1Vj1vpbDspBld.0oi8aYCgD9FvgXNoB4x9QJq/6/3XQ.m',NULL,1,1,'2025-07-10 13:26:58','2025-07-21 09:27:48',NULL),(28,2,2,2,'Akmal','sales.mks3@daxtro.com','81452','09280524124','$2y$12$uoEEVAACU.MeMO0.LfRFh.Whex.SWrSelXo/4RNRiNp8o6O6h6Gf.',NULL,1,1,'2025-07-10 13:32:02','2025-08-11 12:15:07',NULL),(29,4,2,3,'Tiara','bm.surabaya@daxtro.com','1234567','0928052412','$2y$12$J.Ke3S.lisV9nuKMxXQNC.JdiiYr2dTEthW71uvumSRNSZpcxwYGu',NULL,1,1,'2025-07-10 13:34:02','2025-07-10 13:34:02',NULL),(30,2,2,3,'Kevin','sales.sby1@daxtro.com','657438920','0928052412473','$2y$12$kvhj4riw6TNsGxdakWpf7usk4VebsbfH8UGMMsnSmB1LDxhM5.wzm',NULL,1,1,'2025-07-10 13:36:03','2025-07-17 17:03:27',NULL),(31,2,2,3,'Gaza','sales.sby2@daxtro.com','68549302','092805241248392','$2y$12$v8espNqguWlf5s4T3xDT4u6LLFlIzmSTM9NlNlxIwE6YxzX84HqLi',NULL,1,1,'2025-07-10 13:36:42','2025-07-10 13:36:42',NULL),(32,2,2,3,'Zein','sales.sby3@daxtro.com','328965','09280524125','$2y$12$d4JC3QzxBteCTnP.uEQbDuQcCnqBD9JSl8wMUns8K0Qh1De11Jg2a',NULL,1,1,'2025-07-10 13:38:53','2025-07-21 09:05:42',NULL),(33,1,2,1,'IRFAN DESTO','irfan.desto@daxtro.com','010101','088888888888','$2y$12$SWsNiZPSMd3E4jvVuxVaY..ETjU7rvoKGS/enF/ZilmfjgMj4m3aG',NULL,1,1,'2025-07-11 15:15:04','2025-07-11 16:53:34',NULL),(34,2,2,1,'Test User','test.user@daxtro.com','000000000','08123456789','$2y$12$xVM/ucvsnS1ghAatN55BMOh6adZH4Ouv7zurl0T68OOwZ87LbYHvK',NULL,1,1,'2025-07-12 00:00:00','2025-07-12 00:00:00',NULL),(35,10,1,1,'Dafa','daffa.finance@daxtro.com','12345678','00000111111111','$2y$12$dXD2s01G/XgiqAxMwCSPP.7EZYwM99qMq1ZRT0SQylxsT5R223W7S',NULL,1,1,'2025-07-17 16:47:24','2025-07-22 11:42:23',NULL),(36,2,1,1,'Hizkia Rudi','hizkiarudi02@gmail.com','12345678910','089820348018423','$2y$12$eqLk59PdV4JodB/7CK4owOscVzGdCy/ebgt885KzZx.ITGrSDy8Se',NULL,1,1,'2025-07-18 15:33:07','2025-07-18 15:33:07',NULL),(37,2,1,2,'Huda','sales.mks1@daxtro.com','00000','08888881','$2y$12$YRXbc4ZONzw/OjpMo6oC0us1u4EVxwHvKriailV2SMSqYmrTHDzDi',NULL,1,1,'2025-08-11 12:16:20','2025-08-11 12:16:20',NULL);
/*!40000 ALTER TABLE `users` ENABLE KEYS */;
UNLOCK TABLES;
/*!40103 SET TIME_ZONE=@OLD_TIME_ZONE */;

/*!40101 SET SQL_MODE=@OLD_SQL_MODE */;
/*!40014 SET FOREIGN_KEY_CHECKS=@OLD_FOREIGN_KEY_CHECKS */;
/*!40014 SET UNIQUE_CHECKS=@OLD_UNIQUE_CHECKS */;
/*!40101 SET CHARACTER_SET_CLIENT=@OLD_CHARACTER_SET_CLIENT */;
/*!40101 SET CHARACTER_SET_RESULTS=@OLD_CHARACTER_SET_RESULTS */;
/*!40101 SET COLLATION_CONNECTION=@OLD_COLLATION_CONNECTION */;
/*!40111 SET SQL_NOTES=@OLD_SQL_NOTES */;

-- Dump completed on 2025-08-13  2:22:40
